:0200000460009A
:100000004643464200000156000000000103030081
:1000100000000000000000000000000000000000E0
:1000200000000000000000000000000000000000D0
:1000300000000000000000000000000000000000C0
:1000400000000000010408000000000000000000A3
:100050000000800000000000000000000000000020
:100060000000000000000000000000000000000090
:100070000000000000000000000000000000000080
:10008000EB04180A063204260000000000000000FD
:10009000050404240000000000000000000000002F
:1000A0000000000000000000000000000000000050
:1000B0000604000000000000000000000000000036
:1000C0000000000000000000000000000000000030
:1000D00020041808000000000000000000000000DC
:1000E0000000000000000000000000000000000010
:1000F0000000000000000000000000000000000000
:10010000D8041808000000000000000000000000F3
:100110000204180804200000000000000000000095
:1001200000000000000000000000000000000000CF
:10013000600400000000000000000000000000005B
:1001400000000000000000000000000000000000AF
:10015000000000000000000000000000000000009F
:10016000000000000000000000000000000000008F
:10017000000000000000000000000000000000007F
:10018000000000000000000000000000000000006F
:10019000000000000000000000000000000000005F
:1001A000000000000000000000000000000000004F
:1001B000000000000000000000000000000000003F
:1001C000000100000010000001000000000000001D
:1001D000000001000000000000000000000000001E
:1001E000000000000000000000000000000000000F
:1001F00000000000000000000000000000000000FF
:10020000FFFFFFFFFFFFFFFFFFFFFFFFFFFFFFFFFE
:10021000FFFFFFFFFFFFFFFFFFFFFFFFFFFFFFFFEE
:10022000FFFFFFFFFFFFFFFFFFFFFFFFFFFFFFFFDE
:10023000FFFFFFFFFFFFFFFFFFFFFFFFFFFFFFFFCE
:10024000FFFFFFFFFFFFFFFFFFFFFFFFFFFFFFFFBE
:10025000FFFFFFFFFFFFFFFFFFFFFFFFFFFFFFFFAE
:10026000FFFFFFFFFFFFFFFFFFFFFFFFFFFFFFFF9E
:10027000FFFFFFFFFFFFFFFFFFFFFFFFFFFFFFFF8E
:10028000FFFFFFFFFFFFFFFFFFFFFFFFFFFFFFFF7E
:10029000FFFFFFFFFFFFFFFFFFFFFFFFFFFFFFFF6E
:1002A000FFFFFFFFFFFFFFFFFFFFFFFFFFFFFFFF5E
:1002B000FFFFFFFFFFFFFFFFFFFFFFFFFFFFFFFF4E
:1002C000FFFFFFFFFFFFFFFFFFFFFFFFFFFFFFFF3E
:1002D000FFFFFFFFFFFFFFFFFFFFFFFFFFFFFFFF2E
:1002E000FFFFFFFFFFFFFFFFFFFFFFFFFFFFFFFF1E
:1002F000FFFFFFFFFFFFFFFFFFFFFFFFFFFFFFFF0E
:10030000FFFFFFFFFFFFFFFFFFFFFFFFFFFFFFFFFD
:10031000FFFFFFFFFFFFFFFFFFFFFFFFFFFFFFFFED
:10032000FFFFFFFFFFFFFFFFFFFFFFFFFFFFFFFFDD
:10033000FFFFFFFFFFFFFFFFFFFFFFFFFFFFFFFFCD
:10034000FFFFFFFFFFFFFFFFFFFFFFFFFFFFFFFFBD
:10035000FFFFFFFFFFFFFFFFFFFFFFFFFFFFFFFFAD
:10036000FFFFFFFFFFFFFFFFFFFFFFFFFFFFFFFF9D
:10037000FFFFFFFFFFFFFFFFFFFFFFFFFFFFFFFF8D
:10038000FFFFFFFFFFFFFFFFFFFFFFFFFFFFFFFF7D
:10039000FFFFFFFFFFFFFFFFFFFFFFFFFFFFFFFF6D
:1003A000FFFFFFFFFFFFFFFFFFFFFFFFFFFFFFFF5D
:1003B000FFFFFFFFFFFFFFFFFFFFFFFFFFFFFFFF4D
:1003C000FFFFFFFFFFFFFFFFFFFFFFFFFFFFFFFF3D
:1003D000FFFFFFFFFFFFFFFFFFFFFFFFFFFFFFFF2D
:1003E000FFFFFFFFFFFFFFFFFFFFFFFFFFFFFFFF1D
:1003F000FFFFFFFFFFFFFFFFFFFFFFFFFFFFFFFF0D
:10040000FFFFFFFFFFFFFFFFFFFFFFFFFFFFFFFFFC
:10041000FFFFFFFFFFFFFFFFFFFFFFFFFFFFFFFFEC
:10042000FFFFFFFFFFFFFFFFFFFFFFFFFFFFFFFFDC
:10043000FFFFFFFFFFFFFFFFFFFFFFFFFFFFFFFFCC
:10044000FFFFFFFFFFFFFFFFFFFFFFFFFFFFFFFFBC
:10045000FFFFFFFFFFFFFFFFFFFFFFFFFFFFFFFFAC
:10046000FFFFFFFFFFFFFFFFFFFFFFFFFFFFFFFF9C
:10047000FFFFFFFFFFFFFFFFFFFFFFFFFFFFFFFF8C
:10048000FFFFFFFFFFFFFFFFFFFFFFFFFFFFFFFF7C
:10049000FFFFFFFFFFFFFFFFFFFFFFFFFFFFFFFF6C
:1004A000FFFFFFFFFFFFFFFFFFFFFFFFFFFFFFFF5C
:1004B000FFFFFFFFFFFFFFFFFFFFFFFFFFFFFFFF4C
:1004C000FFFFFFFFFFFFFFFFFFFFFFFFFFFFFFFF3C
:1004D000FFFFFFFFFFFFFFFFFFFFFFFFFFFFFFFF2C
:1004E000FFFFFFFFFFFFFFFFFFFFFFFFFFFFFFFF1C
:1004F000FFFFFFFFFFFFFFFFFFFFFFFFFFFFFFFF0C
:10050000FFFFFFFFFFFFFFFFFFFFFFFFFFFFFFFFFB
:10051000FFFFFFFFFFFFFFFFFFFFFFFFFFFFFFFFEB
:10052000FFFFFFFFFFFFFFFFFFFFFFFFFFFFFFFFDB
:10053000FFFFFFFFFFFFFFFFFFFFFFFFFFFFFFFFCB
:10054000FFFFFFFFFFFFFFFFFFFFFFFFFFFFFFFFBB
:10055000FFFFFFFFFFFFFFFFFFFFFFFFFFFFFFFFAB
:10056000FFFFFFFFFFFFFFFFFFFFFFFFFFFFFFFF9B
:10057000FFFFFFFFFFFFFFFFFFFFFFFFFFFFFFFF8B
:10058000FFFFFFFFFFFFFFFFFFFFFFFFFFFFFFFF7B
:10059000FFFFFFFFFFFFFFFFFFFFFFFFFFFFFFFF6B
:1005A000FFFFFFFFFFFFFFFFFFFFFFFFFFFFFFFF5B
:1005B000FFFFFFFFFFFFFFFFFFFFFFFFFFFFFFFF4B
:1005C000FFFFFFFFFFFFFFFFFFFFFFFFFFFFFFFF3B
:1005D000FFFFFFFFFFFFFFFFFFFFFFFFFFFFFFFF2B
:1005E000FFFFFFFFFFFFFFFFFFFFFFFFFFFFFFFF1B
:1005F000FFFFFFFFFFFFFFFFFFFFFFFFFFFFFFFF0B
:10060000FFFFFFFFFFFFFFFFFFFFFFFFFFFFFFFFFA
:10061000FFFFFFFFFFFFFFFFFFFFFFFFFFFFFFFFEA
:10062000FFFFFFFFFFFFFFFFFFFFFFFFFFFFFFFFDA
:10063000FFFFFFFFFFFFFFFFFFFFFFFFFFFFFFFFCA
:10064000FFFFFFFFFFFFFFFFFFFFFFFFFFFFFFFFBA
:10065000FFFFFFFFFFFFFFFFFFFFFFFFFFFFFFFFAA
:10066000FFFFFFFFFFFFFFFFFFFFFFFFFFFFFFFF9A
:10067000FFFFFFFFFFFFFFFFFFFFFFFFFFFFFFFF8A
:10068000FFFFFFFFFFFFFFFFFFFFFFFFFFFFFFFF7A
:10069000FFFFFFFFFFFFFFFFFFFFFFFFFFFFFFFF6A
:1006A000FFFFFFFFFFFFFFFFFFFFFFFFFFFFFFFF5A
:1006B000FFFFFFFFFFFFFFFFFFFFFFFFFFFFFFFF4A
:1006C000FFFFFFFFFFFFFFFFFFFFFFFFFFFFFFFF3A
:1006D000FFFFFFFFFFFFFFFFFFFFFFFFFFFFFFFF2A
:1006E000FFFFFFFFFFFFFFFFFFFFFFFFFFFFFFFF1A
:1006F000FFFFFFFFFFFFFFFFFFFFFFFFFFFFFFFF0A
:10070000FFFFFFFFFFFFFFFFFFFFFFFFFFFFFFFFF9
:10071000FFFFFFFFFFFFFFFFFFFFFFFFFFFFFFFFE9
:10072000FFFFFFFFFFFFFFFFFFFFFFFFFFFFFFFFD9
:10073000FFFFFFFFFFFFFFFFFFFFFFFFFFFFFFFFC9
:10074000FFFFFFFFFFFFFFFFFFFFFFFFFFFFFFFFB9
:10075000FFFFFFFFFFFFFFFFFFFFFFFFFFFFFFFFA9
:10076000FFFFFFFFFFFFFFFFFFFFFFFFFFFFFFFF99
:10077000FFFFFFFFFFFFFFFFFFFFFFFFFFFFFFFF89
:10078000FFFFFFFFFFFFFFFFFFFFFFFFFFFFFFFF79
:10079000FFFFFFFFFFFFFFFFFFFFFFFFFFFFFFFF69
:1007A000FFFFFFFFFFFFFFFFFFFFFFFFFFFFFFFF59
:1007B000FFFFFFFFFFFFFFFFFFFFFFFFFFFFFFFF49
:1007C000FFFFFFFFFFFFFFFFFFFFFFFFFFFFFFFF39
:1007D000FFFFFFFFFFFFFFFFFFFFFFFFFFFFFFFF29
:1007E000FFFFFFFFFFFFFFFFFFFFFFFFFFFFFFFF19
:1007F000FFFFFFFFFFFFFFFFFFFFFFFFFFFFFFFF09
:10080000FFFFFFFFFFFFFFFFFFFFFFFFFFFFFFFFF8
:10081000FFFFFFFFFFFFFFFFFFFFFFFFFFFFFFFFE8
:10082000FFFFFFFFFFFFFFFFFFFFFFFFFFFFFFFFD8
:10083000FFFFFFFFFFFFFFFFFFFFFFFFFFFFFFFFC8
:10084000FFFFFFFFFFFFFFFFFFFFFFFFFFFFFFFFB8
:10085000FFFFFFFFFFFFFFFFFFFFFFFFFFFFFFFFA8
:10086000FFFFFFFFFFFFFFFFFFFFFFFFFFFFFFFF98
:10087000FFFFFFFFFFFFFFFFFFFFFFFFFFFFFFFF88
:10088000FFFFFFFFFFFFFFFFFFFFFFFFFFFFFFFF78
:10089000FFFFFFFFFFFFFFFFFFFFFFFFFFFFFFFF68
:1008A000FFFFFFFFFFFFFFFFFFFFFFFFFFFFFFFF58
:1008B000FFFFFFFFFFFFFFFFFFFFFFFFFFFFFFFF48
:1008C000FFFFFFFFFFFFFFFFFFFFFFFFFFFFFFFF38
:1008D000FFFFFFFFFFFFFFFFFFFFFFFFFFFFFFFF28
:1008E000FFFFFFFFFFFFFFFFFFFFFFFFFFFFFFFF18
:1008F000FFFFFFFFFFFFFFFFFFFFFFFFFFFFFFFF08
:10090000FFFFFFFFFFFFFFFFFFFFFFFFFFFFFFFFF7
:10091000FFFFFFFFFFFFFFFFFFFFFFFFFFFFFFFFE7
:10092000FFFFFFFFFFFFFFFFFFFFFFFFFFFFFFFFD7
:10093000FFFFFFFFFFFFFFFFFFFFFFFFFFFFFFFFC7
:10094000FFFFFFFFFFFFFFFFFFFFFFFFFFFFFFFFB7
:10095000FFFFFFFFFFFFFFFFFFFFFFFFFFFFFFFFA7
:10096000FFFFFFFFFFFFFFFFFFFFFFFFFFFFFFFF97
:10097000FFFFFFFFFFFFFFFFFFFFFFFFFFFFFFFF87
:10098000FFFFFFFFFFFFFFFFFFFFFFFFFFFFFFFF77
:10099000FFFFFFFFFFFFFFFFFFFFFFFFFFFFFFFF67
:1009A000FFFFFFFFFFFFFFFFFFFFFFFFFFFFFFFF57
:1009B000FFFFFFFFFFFFFFFFFFFFFFFFFFFFFFFF47
:1009C000FFFFFFFFFFFFFFFFFFFFFFFFFFFFFFFF37
:1009D000FFFFFFFFFFFFFFFFFFFFFFFFFFFFFFFF27
:1009E000FFFFFFFFFFFFFFFFFFFFFFFFFFFFFFFF17
:1009F000FFFFFFFFFFFFFFFFFFFFFFFFFFFFFFFF07
:100A0000FFFFFFFFFFFFFFFFFFFFFFFFFFFFFFFFF6
:100A1000FFFFFFFFFFFFFFFFFFFFFFFFFFFFFFFFE6
:100A2000FFFFFFFFFFFFFFFFFFFFFFFFFFFFFFFFD6
:100A3000FFFFFFFFFFFFFFFFFFFFFFFFFFFFFFFFC6
:100A4000FFFFFFFFFFFFFFFFFFFFFFFFFFFFFFFFB6
:100A5000FFFFFFFFFFFFFFFFFFFFFFFFFFFFFFFFA6
:100A6000FFFFFFFFFFFFFFFFFFFFFFFFFFFFFFFF96
:100A7000FFFFFFFFFFFFFFFFFFFFFFFFFFFFFFFF86
:100A8000FFFFFFFFFFFFFFFFFFFFFFFFFFFFFFFF76
:100A9000FFFFFFFFFFFFFFFFFFFFFFFFFFFFFFFF66
:100AA000FFFFFFFFFFFFFFFFFFFFFFFFFFFFFFFF56
:100AB000FFFFFFFFFFFFFFFFFFFFFFFFFFFFFFFF46
:100AC000FFFFFFFFFFFFFFFFFFFFFFFFFFFFFFFF36
:100AD000FFFFFFFFFFFFFFFFFFFFFFFFFFFFFFFF26
:100AE000FFFFFFFFFFFFFFFFFFFFFFFFFFFFFFFF16
:100AF000FFFFFFFFFFFFFFFFFFFFFFFFFFFFFFFF06
:100B0000FFFFFFFFFFFFFFFFFFFFFFFFFFFFFFFFF5
:100B1000FFFFFFFFFFFFFFFFFFFFFFFFFFFFFFFFE5
:100B2000FFFFFFFFFFFFFFFFFFFFFFFFFFFFFFFFD5
:100B3000FFFFFFFFFFFFFFFFFFFFFFFFFFFFFFFFC5
:100B4000FFFFFFFFFFFFFFFFFFFFFFFFFFFFFFFFB5
:100B5000FFFFFFFFFFFFFFFFFFFFFFFFFFFFFFFFA5
:100B6000FFFFFFFFFFFFFFFFFFFFFFFFFFFFFFFF95
:100B7000FFFFFFFFFFFFFFFFFFFFFFFFFFFFFFFF85
:100B8000FFFFFFFFFFFFFFFFFFFFFFFFFFFFFFFF75
:100B9000FFFFFFFFFFFFFFFFFFFFFFFFFFFFFFFF65
:100BA000FFFFFFFFFFFFFFFFFFFFFFFFFFFFFFFF55
:100BB000FFFFFFFFFFFFFFFFFFFFFFFFFFFFFFFF45
:100BC000FFFFFFFFFFFFFFFFFFFFFFFFFFFFFFFF35
:100BD000FFFFFFFFFFFFFFFFFFFFFFFFFFFFFFFF25
:100BE000FFFFFFFFFFFFFFFFFFFFFFFFFFFFFFFF15
:100BF000FFFFFFFFFFFFFFFFFFFFFFFFFFFFFFFF05
:100C0000FFFFFFFFFFFFFFFFFFFFFFFFFFFFFFFFF4
:100C1000FFFFFFFFFFFFFFFFFFFFFFFFFFFFFFFFE4
:100C2000FFFFFFFFFFFFFFFFFFFFFFFFFFFFFFFFD4
:100C3000FFFFFFFFFFFFFFFFFFFFFFFFFFFFFFFFC4
:100C4000FFFFFFFFFFFFFFFFFFFFFFFFFFFFFFFFB4
:100C5000FFFFFFFFFFFFFFFFFFFFFFFFFFFFFFFFA4
:100C6000FFFFFFFFFFFFFFFFFFFFFFFFFFFFFFFF94
:100C7000FFFFFFFFFFFFFFFFFFFFFFFFFFFFFFFF84
:100C8000FFFFFFFFFFFFFFFFFFFFFFFFFFFFFFFF74
:100C9000FFFFFFFFFFFFFFFFFFFFFFFFFFFFFFFF64
:100CA000FFFFFFFFFFFFFFFFFFFFFFFFFFFFFFFF54
:100CB000FFFFFFFFFFFFFFFFFFFFFFFFFFFFFFFF44
:100CC000FFFFFFFFFFFFFFFFFFFFFFFFFFFFFFFF34
:100CD000FFFFFFFFFFFFFFFFFFFFFFFFFFFFFFFF24
:100CE000FFFFFFFFFFFFFFFFFFFFFFFFFFFFFFFF14
:100CF000FFFFFFFFFFFFFFFFFFFFFFFFFFFFFFFF04
:100D0000FFFFFFFFFFFFFFFFFFFFFFFFFFFFFFFFF3
:100D1000FFFFFFFFFFFFFFFFFFFFFFFFFFFFFFFFE3
:100D2000FFFFFFFFFFFFFFFFFFFFFFFFFFFFFFFFD3
:100D3000FFFFFFFFFFFFFFFFFFFFFFFFFFFFFFFFC3
:100D4000FFFFFFFFFFFFFFFFFFFFFFFFFFFFFFFFB3
:100D5000FFFFFFFFFFFFFFFFFFFFFFFFFFFFFFFFA3
:100D6000FFFFFFFFFFFFFFFFFFFFFFFFFFFFFFFF93
:100D7000FFFFFFFFFFFFFFFFFFFFFFFFFFFFFFFF83
:100D8000FFFFFFFFFFFFFFFFFFFFFFFFFFFFFFFF73
:100D9000FFFFFFFFFFFFFFFFFFFFFFFFFFFFFFFF63
:100DA000FFFFFFFFFFFFFFFFFFFFFFFFFFFFFFFF53
:100DB000FFFFFFFFFFFFFFFFFFFFFFFFFFFFFFFF43
:100DC000FFFFFFFFFFFFFFFFFFFFFFFFFFFFFFFF33
:100DD000FFFFFFFFFFFFFFFFFFFFFFFFFFFFFFFF23
:100DE000FFFFFFFFFFFFFFFFFFFFFFFFFFFFFFFF13
:100DF000FFFFFFFFFFFFFFFFFFFFFFFFFFFFFFFF03
:100E0000FFFFFFFFFFFFFFFFFFFFFFFFFFFFFFFFF2
:100E1000FFFFFFFFFFFFFFFFFFFFFFFFFFFFFFFFE2
:100E2000FFFFFFFFFFFFFFFFFFFFFFFFFFFFFFFFD2
:100E3000FFFFFFFFFFFFFFFFFFFFFFFFFFFFFFFFC2
:100E4000FFFFFFFFFFFFFFFFFFFFFFFFFFFFFFFFB2
:100E5000FFFFFFFFFFFFFFFFFFFFFFFFFFFFFFFFA2
:100E6000FFFFFFFFFFFFFFFFFFFFFFFFFFFFFFFF92
:100E7000FFFFFFFFFFFFFFFFFFFFFFFFFFFFFFFF82
:100E8000FFFFFFFFFFFFFFFFFFFFFFFFFFFFFFFF72
:100E9000FFFFFFFFFFFFFFFFFFFFFFFFFFFFFFFF62
:100EA000FFFFFFFFFFFFFFFFFFFFFFFFFFFFFFFF52
:100EB000FFFFFFFFFFFFFFFFFFFFFFFFFFFFFFFF42
:100EC000FFFFFFFFFFFFFFFFFFFFFFFFFFFFFFFF32
:100ED000FFFFFFFFFFFFFFFFFFFFFFFFFFFFFFFF22
:100EE000FFFFFFFFFFFFFFFFFFFFFFFFFFFFFFFF12
:100EF000FFFFFFFFFFFFFFFFFFFFFFFFFFFFFFFF02
:100F0000FFFFFFFFFFFFFFFFFFFFFFFFFFFFFFFFF1
:100F1000FFFFFFFFFFFFFFFFFFFFFFFFFFFFFFFFE1
:100F2000FFFFFFFFFFFFFFFFFFFFFFFFFFFFFFFFD1
:100F3000FFFFFFFFFFFFFFFFFFFFFFFFFFFFFFFFC1
:100F4000FFFFFFFFFFFFFFFFFFFFFFFFFFFFFFFFB1
:100F5000FFFFFFFFFFFFFFFFFFFFFFFFFFFFFFFFA1
:100F6000FFFFFFFFFFFFFFFFFFFFFFFFFFFFFFFF91
:100F7000FFFFFFFFFFFFFFFFFFFFFFFFFFFFFFFF81
:100F8000FFFFFFFFFFFFFFFFFFFFFFFFFFFFFFFF71
:100F9000FFFFFFFFFFFFFFFFFFFFFFFFFFFFFFFF61
:100FA000FFFFFFFFFFFFFFFFFFFFFFFFFFFFFFFF51
:100FB000FFFFFFFFFFFFFFFFFFFFFFFFFFFFFFFF41
:100FC000FFFFFFFFFFFFFFFFFFFFFFFFFFFFFFFF31
:100FD000FFFFFFFFFFFFFFFFFFFFFFFFFFFFFFFF21
:100FE000FFFFFFFFFFFFFFFFFFFFFFFFFFFFFFFF11
:100FF000FFFFFFFFFFFFFFFFFFFFFFFFFFFFFFFF01
:10100000D10020432914006000000000000000000F
:10101000201000600010006000100560000000005B
:1010200000000060001C050000000000FFFFFFFF43
:10103000FFFFFFFFFFFFFFFFFFFFFFFFFFFFFFFFC0
:10104000FFFFFFFFFFFFFFFFFFFFFFFFFFFFFFFFB0
:10105000FFFFFFFFFFFFFFFFFFFFFFFFFFFFFFFFA0
:10106000FFFFFFFFFFFFFFFFFFFFFFFFFFFFFFFF90
:10107000FFFFFFFFFFFFFFFFFFFFFFFFFFFFFFFF80
:10108000FFFFFFFFFFFFFFFFFFFFFFFFFFFFFFFF70
:10109000FFFFFFFFFFFFFFFFFFFFFFFFFFFFFFFF60
:1010A000FFFFFFFFFFFFFFFFFFFFFFFFFFFFFFFF50
:1010B000FFFFFFFFFFFFFFFFFFFFFFFFFFFFFFFF40
:1010C000FFFFFFFFFFFFFFFFFFFFFFFFFFFFFFFF30
:1010D000FFFFFFFFFFFFFFFFFFFFFFFFFFFFFFFF20
:1010E000FFFFFFFFFFFFFFFFFFFFFFFFFFFFFFFF10
:1010F000FFFFFFFFFFFFFFFFFFFFFFFFFFFFFFFF00
:10110000FFFFFFFFFFFFFFFFFFFFFFFFFFFFFFFFEF
:10111000FFFFFFFFFFFFFFFFFFFFFFFFFFFFFFFFDF
:10112000FFFFFFFFFFFFFFFFFFFFFFFFFFFFFFFFCF
:10113000FFFFFFFFFFFFFFFFFFFFFFFFFFFFFFFFBF
:10114000FFFFFFFFFFFFFFFFFFFFFFFFFFFFFFFFAF
:10115000FFFFFFFFFFFFFFFFFFFFFFFFFFFFFFFF9F
:10116000FFFFFFFFFFFFFFFFFFFFFFFFFFFFFFFF8F
:10117000FFFFFFFFFFFFFFFFFFFFFFFFFFFFFFFF7F
:10118000FFFFFFFFFFFFFFFFFFFFFFFFFFFFFFFF6F
:10119000FFFFFFFFFFFFFFFFFFFFFFFFFFFFFFFF5F
:1011A000FFFFFFFFFFFFFFFFFFFFFFFFFFFFFFFF4F
:1011B000FFFFFFFFFFFFFFFFFFFFFFFFFFFFFFFF3F
:1011C000FFFFFFFFFFFFFFFFFFFFFFFFFFFFFFFF2F
:1011D000FFFFFFFFFFFFFFFFFFFFFFFFFFFFFFFF1F
:1011E000FFFFFFFFFFFFFFFFFFFFFFFFFFFFFFFF0F
:1011F000FFFFFFFFFFFFFFFFFFFFFFFFFFFFFFFFFF
:10120000FFFFFFFFFFFFFFFFFFFFFFFFFFFFFFFFEE
:10121000FFFFFFFFFFFFFFFFFFFFFFFFFFFFFFFFDE
:10122000FFFFFFFFFFFFFFFFFFFFFFFFFFFFFFFFCE
:10123000FFFFFFFFFFFFFFFFFFFFFFFFFFFFFFFFBE
:10124000FFFFFFFFFFFFFFFFFFFFFFFFFFFFFFFFAE
:10125000FFFFFFFFFFFFFFFFFFFFFFFFFFFFFFFF9E
:10126000FFFFFFFFFFFFFFFFFFFFFFFFFFFFFFFF8E
:10127000FFFFFFFFFFFFFFFFFFFFFFFFFFFFFFFF7E
:10128000FFFFFFFFFFFFFFFFFFFFFFFFFFFFFFFF6E
:10129000FFFFFFFFFFFFFFFFFFFFFFFFFFFFFFFF5E
:1012A000FFFFFFFFFFFFFFFFFFFFFFFFFFFFFFFF4E
:1012B000FFFFFFFFFFFFFFFFFFFFFFFFFFFFFFFF3E
:1012C000FFFFFFFFFFFFFFFFFFFFFFFFFFFFFFFF2E
:1012D000FFFFFFFFFFFFFFFFFFFFFFFFFFFFFFFF1E
:1012E000FFFFFFFFFFFFFFFFFFFFFFFFFFFFFFFF0E
:1012F000FFFFFFFFFFFFFFFFFFFFFFFFFFFFFFFFFE
:10130000FFFFFFFFFFFFFFFFFFFFFFFFFFFFFFFFED
:10131000FFFFFFFFFFFFFFFFFFFFFFFFFFFFFFFFDD
:10132000FFFFFFFFFFFFFFFFFFFFFFFFFFFFFFFFCD
:10133000FFFFFFFFFFFFFFFFFFFFFFFFFFFFFFFFBD
:10134000FFFFFFFFFFFFFFFFFFFFFFFFFFFFFFFFAD
:10135000FFFFFFFFFFFFFFFFFFFFFFFFFFFFFFFF9D
:10136000FFFFFFFFFFFFFFFFFFFFFFFFFFFFFFFF8D
:10137000FFFFFFFFFFFFFFFFFFFFFFFFFFFFFFFF7D
:10138000FFFFFFFFFFFFFFFFFFFFFFFFFFFFFFFF6D
:10139000FFFFFFFFFFFFFFFFFFFFFFFFFFFFFFFF5D
:1013A000FFFFFFFFFFFFFFFFFFFFFFFFFFFFFFFF4D
:1013B000FFFFFFFFFFFFFFFFFFFFFFFFFFFFFFFF3D
:1013C000FFFFFFFFFFFFFFFFFFFFFFFFFFFFFFFF2D
:1013D000FFFFFFFFFFFFFFFFFFFFFFFFFFFFFFFF1D
:1013E000FFFFFFFFFFFFFFFFFFFFFFFFFFFFFFFF0D
:1013F000FFFFFFFFFFFFFFFFFFFFFFFFFFFFFFFFFD
:10140000884207D0904205D251F8043B40F8043B93
:101410008242F9D8704700BF884204D2002340F8C6
:10142000043B8142FBD87047664B4FF42A01664A61
:1014300066482DE9F0475A641864654A99639546F1
:10144000BFF34F8FBFF36F8F21F02EF8614B082051
:10145000614A6249C3F854016148FFF7D1FF614A0C
:1014600061496248FFF7CCFF61496248FFF7D4FF4A
:10147000614C62494FF470000023614A086044F8EF
:1014800023200133B02BFAD15E4B80215E4A03F852
:10149000011B9342FBD14F4D4FF080385B494FF019
:1014A000FF325B4B0026DFF8A4A1DFF8A4911C609B
:1014B000C5F80481C5F800A1C5F8F480C5F8F0901E
:1014C0000B68544F43F4E0230B60FB693D4923F064
:1014D0007F0343F04003FB617B6A23F07F0343F00B
:1014E00040037B628A66CA660A674A6720F0E2FFA9
:1014F000494A4A4B6320A2630321E363484A494BAC
:10150000106000F160401E6042F8041C00F6A170FB
:101510004549464AC3F8082D0B68454A43F0807395
:101520000B601368434943F00103136003680B60C9
:1015300021F010FAC5F804813F48C5F800A1C5F8AC
:10154000F480C5F8F09021F097FBF96E3B4A41F426
:1015500040513B4BF9661660C2F80861C2F8186149
:10156000C2F82861C2F838619A6BD20708D442F6F3
:101570001562344959651A659A6B42F001029A6303
:101580002F4A314C936843F00113936021F004F823
:1015900020F05EFF21F044FB21F00EFA20F086FFE0
:1015A0002368132BFCD921F095FA2368B3F5967FB5
:1015B000FBD320F07DFF21F087FB21F051FB30BFF2
:1015C000FDE700BF00C00A40FFAAAAAA070020004A
:1015D0000000062000800D400888010004F8026029
:1015E00000000000C06600201080046000000020A1
:1015F00000F20020DC8C00200064002088ED00E078
:101600001DFE000000E400E0A0E400E024ED00E0A6
:1016100008ED00E000C00F40891201008D120100AA
:1016200014E000E018E000E0FCED00E00000202005
:10163000001000E0DCEF00200046C323004008401B
:1016400000400D400000C056E0EF00201B101820A5
:101650000C0D11132DE9F041294F00254269012499
:10166000B96B4FF0020E16684FF4303821F47C014C
:101670000369DFF89CC041F48021B9633168576881
:10168000394331604FF001161E49C3F810E01D6167
:10169000C3F848C05C629962C3F82C809F6C1A49F9
:1016A0001F651D629E651C61037E184E02EB0315CB
:1016B0002C7A2B4601EB0414A46826602C7AED6882
:1016C00001EB0414646825601C690CB15B6923603C
:1016D000407E0E4C02EB001393F828001A4601EBF3
:1016E00000108068046093F82840D86A01EB041168
:1016F0004B681860136B0BB1526B1A60BDE8F08138
:1017000000C00F40B80B0505040A002061F8010075
:101710003B3728194369027E03EB0212F0B4147AB6
:101720008C4209D01A7AFF2A06D08A4228D01A7E23
:10173000FF2A01D08A4201D0F0BC704701252E4615
:1017400093E806000968114217D00F4A03EB06130D
:1017500005270E4E02EB041461680F60197A02EB44
:10176000011189680E601C7AD96802EB0412526874
:1017700011601A690AB15B6913600576F0BC7047A5
:1017800000252E46DCE700BF040A002061F80100B6
:1017900043690B4A03EB011010B4017A094C02EBC8
:1017A000011189680C60047AC16802EB0412526866
:1017B000116002690AB1436913605DF8044B704718
:1017C000040A002061F801004369427E03EB021223
:1017D000F0B492F828408C420BD093F82820FF2ACE
:1017E00007D08A422BD093F83820FF2A01D08A42B2
:1017F00001D0F0BC704701252E4693E80600096829
:10180000114219D00F4A03EB061305270E4E02EBC7
:10181000041461680F6093F8281002EB01118968C5
:101820000E6093F82840D96A02EB041252681160E6
:101830001A6B0AB15B6B13604576F0BC70470025EC
:101840002E46DAE7040A002061F8010043690C4AD9
:1018500003EB011010B490F828100A4C02EB0111B0
:1018600089680C6090F82840C16A02EB0412526843
:101870001160026B0AB1436B13605DF8044B704753
:10188000040A002061F801004FF48C72002121F05D
:10189000EFB900BF18B14FF48C7110F079BA7047EE
:1018A000C02A2DE9F0473AD0B2F5807F33D0802AA4
:1018B00003D06FF01F00BDE8F0870A23984603604D
:1018C00000F108038446520900274CF8043F01EB5D
:1018D000870E11F8275001379EF802609EF80140EC
:1018E00097424FEA06469EF803E046EA042444EA9B
:1018F000050444EA0E644CF8044FE8D3B8F10C0F29
:1019000011D0B8F10E0F00F08180B8F10A0F47D066
:101910000020BDE8F0870E2303609846D0E70C2333
:1019200003609846CCE76B4AC8300121964601E037
:101930005EF8041F5E69183353F8184CC6F3072786
:1019400002EB166C52FA86F517449CF8288095F83D
:1019500028C097F82850C6F3074745EA08451744BA
:10196000654097F8288053F8147C85EA0C6453F896
:10197000105C84EA0824614053F8084C4F40196019
:1019800053F80C1C7D405F6069409D604C40D960FD
:1019900066401C615E619842CAD10020BDE8F087B4
:1019A0004C4A00F1A80C0121964601E05EF8041FA4
:1019B000D868103353F8104CC0F3072702EB1068B7
:1019C00052FA80F5C0F30746174498F828A095F816
:1019D0002890164497F8285096F8288045EA0A453A
:1019E00053F80C6C53F8087C654085EA096484EA76
:1019F000082461404E40196077405E6078409F60E7
:101A0000D8606345D2D10020BDE8F087314AE83084
:101A10004FF00108964601E05EF8048FDF6920333D
:101A200053F8201CC7F3072502EB176652FA87F418
:101A3000154496F828C094F8284095F82860C7F314
:101A4000074546EA0C461544714095F828C053F8FE
:101A50001C6C81EA046153F8185C81EA0C2484EA66
:101A6000080484EA06011C6053F80C6C81EA050442
:101A7000596053F8141C9C60614053F8104C53F8A3
:101A8000085C52FA81FC02EB1169C1F30728D960A6
:101A90009CF828C0C1F3074199F8289090448CEA3B
:101AA000040402EB010C98F8281084EA09649CF8FD
:101AB00028C084EA012484EA0C414E401961754033
:101AC0005E616F409D61DF619842A5D10020BDE855
:101AD000F08700BFD82D02602DE9F04FC9B0054650
:101AE0000C46164600214FF48C7202A821F0C0F873
:101AF00005F10803324621466B6002A8FFF7D0FECD
:101B0000019000286DD1DDF8089005F1180A039ABC
:101B10004FEA091809F1FF3CC5F8009052F8083067
:101B200002EB080EBCF1000FAB60AEF1100BDEF85B
:101B30000430EB60DEF808302B61DEF80C306B61AE
:101B40003FDDAEF1140E14352A4805F1100471463C
:101B500051F8043F50FA83F700EB1366C3F30722F2
:101B6000C3F3074397F8287096F82860024400EB07
:101B70008707034400EB860692F82820D7F82871DF
:101B8000D6F8286500EB820293F828307740D2F827
:101B9000282900EB83037A40D3F8283D534045F8C9
:101BA000043FAC42D4D1BCF1010CAEF1100E25467D
:101BB000CBD14FEA0919A8F11003C9F110099A44D1
:101BC000CB44DBF80030CAF80030DBF80430CAF848
:101BD0000430DBF80830CAF80830DBF80C30CAF8FB
:101BE0000C3002A84FF48C7110F0D2F8019849B073
:101BF000BDE8F08FD82D026003682DE9F04F5B102F
:101C000089B0D1F80080059242681846079302F126
:101C10001004136801388D68069488EA03080446A6
:101C200093680290D1F804E05D405068002CD368BE
:101C3000D1F80CA08EEA000E12698AEA030B019219
:101C400040F32B82069F7046DFF858A429465FFABE
:101C500088F2C0F307254FEA1B63C1F3074E0AEB76
:101C600082020AEB8303166B0AEB8505D3F8302456
:101C7000CBB25FFA8BF40AEB830372400AEB8E0E51
:101C80001B6B060E0AEB840403934FEA1169D5F827
:101C900030380AEB8605246B5FFA80FC82EA030683
:101CA000DEF8303C0AEB8909C0F307407340FE6858
:101CB000D9F830944FEA18627440C8F307260AEB4B
:101CC0008000C1F307210AEB860684EA09040AEBC7
:101CD0008C0CD0F830ECD6F830980AEB8202DCF8A5
:101CE00030C00AEB8101786884EA0909019EC8F3D3
:101CF0000748D2F830248CEA00005E40CBF307237B
:101D00005040039A0AEB8304BB68D5F83054CBF3F8
:101D1000074B5340D4F83048D1F830180AEB880804
:101D20000AEB8B0B5D4089EA0E024140DBF830CCB8
:101D30006540D8F8300C5FFA86FE81EA0C01130E7C
:101D40006840C2F3074CCDB20196C0F3074B0AEBD3
:101D50008E0E0AEB8303C1F30729340EDEF830E060
:101D6000D3F830340AEB8B0B0AEB85050AEB8C0CAD
:101D7000DBF8306C4FEA1168D5F830B08EEA030E0C
:101D8000C0F30725DCF8303C0AEB84045FFA80FCE2
:101D90000396D4F830440AEB88080AEB8C0C0493C1
:101DA0000AEB89098BEA040B0AEB8505C1F30741AD
:101DB000D9F83098000ED5F830580AEB8101D8F8E0
:101DC00030340AEB80007E69DCF83040C2F3072C27
:101DD0008BEA060BD2B2BE695C403B690AEB8C0C05
:101DE00074400AEB8202019E8EEA0303D0F83004AD
:101DF0008BEA050583EA0909126BDCF83038C6F373
:101E0000072C4240C6F307465C400AEB8C0CFB698A
:101E10000AEB8606DCF830085A40D1F8303CD6F898
:101E2000301C4240039E0498614082EA030B029BEF
:101E300057F8204F89EA0608013B85EA0000019423
:101E400002937FF404AF6FF07843079A86460D46FD
:101E50001A441346069A02EB43130693069B5FFA55
:101E60008EF7C5F307244FEA186259682E0EEBB2BD
:101E7000C5F307455FFA8BF0CBF3072C02950AEB0D
:101E800082020AEB87050AEB8000D2F830242D6B22
:101E90000AEB8606076B4FEA1E605540D6F83064A1
:101EA0005FFA88F27E404FEA1B670AEB82026940C4
:101EB00004960AEB8000166B0AEB83030AEB870299
:101EC000D0F830541B6BC8F30727D2F830240AEB44
:101ED000840406985D400AEB8C0386EA020CCEF37C
:101EE00007220391049ECBF30741D3F830B80AEBE5
:101EF0008203C2680AEB8707CEF3074E0AEB81091B
:101F00007240866801980AEB8E0E0399C8F3074861
:101F1000D7F830788CEA000CD4F830480AEB8808FF
:101F2000D3F8300885EA0603029D4C40DEF830EC19
:101F30007A40D9F8301C0AEB850582EA0E02D8F8FF
:101F4000307C614083EA0B03D5F8304C8CEA000CFE
:101F500083EA0700524B8CEA040CC2F30744C2F335
:101F60000728C1F3072E1C4453FA8CF69E4403EB5A
:101F70001269019403EB08049EF828E0C0F30747B8
:101F8000039453FA82F41F4453FA80F80494C0F384
:101F9000072596F8282003EB1060069E53FA81FB74
:101FA00099F8289003EB1C6A36691D44079072402B
:101FB00097F82800019C03EB116782EA0962CCF3D1
:101FC000072694F82840C1F3074182EA0E22CCF399
:101FD000074C0294194482EA00429C441E44039B2D
:101FE0001446069A93F828E0506998F828800190E2
:101FF000019B90699BF828B09AF828A088EA000015
:1020000097F828708BEA030BD2F81C90049B8BEA9C
:102010000A6B079A80EA076095F8285092F82880A2
:1020200080EA0E27059A8BEA052B93F82830A646FE
:1020300014700020029C83EA090996F828608BEA54
:1020400004449CF8285089EA086391F82810147118
:1020500087EA054783EA06231646724683EA014368
:102060003772110A150C3373120E7170210AB57094
:10207000F2703A0C7171390A250CB272240E717229
:102080001A0CB571190AF4713F0EB2731B0E7173FD
:10209000F772F37309B0BDE8F08FDFF808A0DDE652
:1020A000D82D0260D03E02602DE9F047089E984688
:1020B00007461C68DDF82490DDF828A0B1B182B194
:1020C0000AF1FF3A154654B3315D621C19F8013B21
:1020D000013D83EA01030AF8013F335502F00F0482
:1020E000F1D1C8F800400020BDE8F087002AF8D000
:1020F000154674B1335D611C19F8012B013D83EA6B
:1021000002030AF8013B325501F00F04E9D0002C1C
:10211000F0D1324631463846FFF76EFDEAE73246E7
:1021200031463846FFF768FDCEE700BF002A45D0AC
:102130002DE9F04786B01C46894682460F9B16461D
:1021400003F101080E9B5F1C19E017F8012C23789E
:102150008DF81420534008F8013CDDF80500013EDD
:10216000DDF8091008F10108DDF80D2007F101077D
:10217000DDF8113020606160A260E3601AD0206851
:1021800001AD6168A268E3680FC52246214650464A
:10219000FFF732FDB9F1000FD7D02278B9F1010F66
:1021A00017F8013C83EA020308F8013C08BF8DF8E8
:1021B0001430D2E7002006B0BDE8F0870020704759
:1021C0002DE9F04F156883B00F2DDDF830B0DDF844
:1021D0003480DDF838902AD81F460E468246019298
:1021E00071B19DB11BF80510013E18F8012B05F1E6
:1021F000010582EA010205F00F0509F8012BF0D173
:10220000019B00201D6003B0BDE8F08F5A4639469F
:102210005046FFF7F1FC07F1100212F8014D0134AE
:10222000E4B21470002CDDD19742F6D1DAE76FF0FA
:102230002000E8E72DE9F04F03688BB0D1F8048067
:102240005B10089242680993013B02F11004106888
:10225000029307941C465368D1F800E0002C88EAEA
:1022600003038F688EEA000EC96890681E46D36823
:10227000126987EA000783EA0103019240F3408272
:10228000DDF81C90B446DFF884A41C465FFA8EF09B
:10229000C4F307214FEA1C62C7F30743FEB20AEBFF
:1022A00080000AEB8202D0F828010AEB8606D2F8F9
:1022B00028250AEB81015FFA8CF580EA020BD6F83B
:1022C00028010AEB830303900AEB8505D1F828095E
:1022D0004FEA1E61D3F8283D5FFA84F88BEA0000CC
:1022E0000AEB8101D5F828513A0E80EA030BD9F8A0
:1022F0000430D1F82805CEF307215D40CEF3074323
:102300000AEB810ED9F80C100AEB8808C7F30727EF
:1023100004910AEB820201990AEB8707D8F8288119
:10232000260E8BEA010B0499D2F82825C4F3074442
:1023300088EA0101D7F828795540DEF82829484075
:10234000CCF3072E6A400AEB8606039D0AEB8E0E3D
:102350007840D9F80870DEF828190AEB840485EA79
:10236000070ED6F82865D4F8284D0AEB83038EEAC9
:102370000606CCF3074C6240D3F8285D0AEB8C0CC0
:102380007140130E6940DCF8287D5FFA8BF47840C9
:10239000C1F3074C0AEB8303CBF307275FFA82FEF6
:1023A000C0F30728D3F828350AEB8C0C0AEB840419
:1023B000C0F3074603930AEB8E0EDCF8283D0AEBC8
:1023C0008808D4F828410AEB8707DEF828C1050EF3
:1023D0000194C0B2D8F828890AEB860604930AEB68
:1023E0008505D7F82879C2F30724D6F8286DC2F3FB
:1023F000074205970AEB8007039B0AEB84040198C8
:102400000AEB820206964340D5F82865D9F81000F9
:102410000D0ED2F8282D43400AEB8505C8B2C1F352
:102420000721D5F8285583EA08030AEB800E8CEAC9
:10243000050C4FEA1B60DEF828510AEB81010AEB1C
:102440008000CBF3074B6E40049D0AEB8B0B83EAB5
:10245000050ED9F81450D4F828398CEA050CD9F8AF
:102460001850D7F828416E40059FD0F828558CEABF
:10247000070C5E40069B6C40D1F828098CEA030CDF
:10248000D9F81C1059F8203F4C40DBF8287D019307
:10249000029B44407740013B84EA020402937FF4AC
:1024A000F5AE6FF0784209996646234611440A4614
:1024B000079901EB421207925FFA8EF5B146340E8E
:1024C000C7F307280AEB8505C3F3072CF0B2C7F35F
:1024D0000746390ECEF3072B0296FAB2D5F82861DB
:1024E0001D0E0AEB8404CEF307470AEB80000AEBCB
:1024F0008101D4F828450AEB8202D0F828010AEBC2
:102500008505D1F82815D2F828217440D5F828552A
:1025100041404FEA1E660397D8B26A40019D0AEB1C
:1025200086060AEB8000C3F307436C40079DD0F892
:1025300028710AEB8C00D6F828650AEB880E6D68C6
:10254000C9F3074887EA060C029E0195C9F30725DF
:102550000AEB8607079E0AEB8509019D0AEB8303B8
:10256000D0F828096940B56801930AEB8B0B0295F6
:102570000AEB8808029B4440DEF828595A40039B26
:10258000DBF828690AEB830E079BD7F8287D71409A
:10259000DB687C40D9F828B98CEA030C019B82EAFD
:1025A0000B02D3F8280D8CEA0506D8F8283D4840E0
:1025B000C4F307215E40544BDEF828EDC0F3072733
:1025C0001944C6F3072A82EA0E0553FA80F211F87D
:1025D000C81CDF1903EB156812F8C82C02919A4445
:1025E000079953FA84F918F8C88C03EB106C496901
:1025F000C6F3074B0397C5F3074E4A4053FA85F7D6
:1026000003EB16611AF8C8AC82EA0862C0F307400F
:1026100003EB1468C5F30725C4F30744CDF804A001
:10262000184419F8C8AC9B441CF8C89C9E4411F887
:10263000C8CC1D44079953FA86F62344079C04909E
:10264000A469029817F8C87C096982EA00226740E9
:102650000398079C8AEA010116F8C86C87EA0C67A0
:1026600010F8C8AC81EA09610198E46987EA0A2A8E
:102670001BF8C8BC81EA002118F8C88C6640049891
:1026800082EA0B421EF8C8EC86EA086610F8C84CCD
:10269000002081EA0E4E15F8C85C13F8C8CC0899E2
:1026A00086EA05268AEA0C4A0A710D4681F800E09E
:1026B0004FEA1E2186EA044385F808A04FEA1E442B
:1026C0006970110A2B73AC70140C6971120E4FEA09
:1026D0001A21AC714FEA1E6EEA714FEA1A44697210
:1026E0001A0C85F803E0190AAC724FEA1A6AAA7349
:1026F0001B0E697385F80BA0EB730BB0BDE8F08F70
:10270000DFF808A0D8E600BFC84F0260D82D0260ED
:1027100010B4012914461A46214603D05DF8044B33
:10272000FFF788BD5DF8044BFFF766BA2DE9F04767
:10273000160784B00C9C0D9D59D1174680468A46D9
:102740001E4669BB42B303F1FF392068EE4661685B
:10275000A268E368AEE80F002B46002122464046FF
:10276000FFF7D6FF6B1E494605F10F0E13F8010F58
:1027700011F8012F734582EA00021A70F6D1EE4675
:10278000103F04F1100405F11005BEE80F003060A1
:102790007160B260F360D8D1002004B0BDE8F0876A
:1027A000002AF9D0013C03F1FF3949466A1E04F1C1
:1027B000100E14F8010F11F8013F744583EA00036D
:1027C00002F8013FF5D12B462A4651464046FFF715
:1027D0009FFF28686968103FAA6805F1100555F841
:1027E000043C30607160B260F360DED1D4E76FF01A
:1027F0002100D2E7FFF700BAFFF71CBD2DE9F04F2B
:10280000F7B00021202283460DF1600A884620ACF3
:10281000DFF8A891504620F02BFA30A84FF48C72C4
:10282000414620F025FA4FEA680708F00106BD1C72
:10283000AD01BBF1000F07D05A4A29465A48002E75
:1028400008BF4A4620F028FA00232A46514630A8FD
:1028500023606360A360E36066BBFFF73DF9534B01
:1028600003EB071710F1230F01D1C02D28D068B951
:1028700042F2107502E0013D00F09D8123462246A0
:10288000314630A8FFF744FF0028F4D00346BBF1DF
:10289000000F04D04648049320F002FA049B30A8AD
:1028A0004FF48C7104930FF073FA049B184677B0C1
:1028B000BDE8F08FFEF7F4FF3E4B03EB0717D1E7BF
:1028C0003D4820F0EDF908F10108B8F1060FAAD152
:1028D000BBF1000F40F05A8100230DF120090CAE2E
:1028E0000493049B5F1003F00108BD1CAD01BBF114
:1028F000000F09D02B4A2946304B3148B8F1000F60
:1029000008BF1A4620F0C8F900232A46514630A8CD
:10291000C9F80030C9F80430C9F80830C9F80C30DB
:1029200033607360B360F36023606360A360E3604F
:10293000B8F1000F2ED0FEF7B3FF224B03EB0713C5
:10294000059310F1230F01D1C02D41D000289DD156
:1029500042F2107514AFB8F1000F40F01F810194DE
:102960004B4600941022414630A8FFF7DFFE0028B6
:102970008CD1013DEFD105991022204620F098F925
:10298000002840F05781BBF1000F24D00E4820F002
:1029900087F920E0FFF7A0F80C4B03EB0713059332
:1029A000CFE700BFEC140020F0140020405002607C
:1029B000601500207050026008150020E814002007
:1029C00018150020D050026010150020A0500260A1
:1029D000994820F065F9049B0133062B049380D1BC
:1029E000BBF1000F40F00D8100277D1007F00106BC
:1029F00005F102084FEA8818BBF1000F08D08F4A92
:102A000041468F4B8F48002E08BF1A4620F044F9EC
:102A10008D4B0FCB89E80F008C4B4FEAD802504604
:102A200003EB451120F014F900234246514630A82B
:102A30000793FEF735FF10F1230F03D1B8F1C00F54
:102A400000F0A88000287FF421AF002E40F0C18064
:102A50007F4BA64603EB851503F1380805F5D475C1
:102A60000FCDAEE80F000FCDAEE80F000FCDAEE8F2
:102A70000F0095E80F008EE80F0002943146019494
:102A800007ABCDF80090402230A8FFF70DFB0028DF
:102A90007FF4FCAE41464022204620F009F9002890
:102AA00040F0C880BBF1000F40F0BC800137062F1A
:102AB0009BD1BBF1000F40F0B980654B00260DF1B2
:102AC00040090593751006F00108BBF1000F08D00E
:102AD0005A495B4B5F48B8F1000F08BF194620F018
:102AE000DBF84FEA051E059B5B4900227344079201
:102AF0008E4403F51A73A1F526770FCB89E80F00F2
:102B00009EE80F008AE80F008022514630A8FEF7A9
:102B1000C7FE034600287FF4BAAE07EB85072046C0
:102B200005EB4505D7F8C8723A46B8F1000F6CD1ED
:102B30002D014A4B591990331D4420F089F814AAED
:102B40004B4602943946009230A8019407AAFFF739
:102B500037FB034600287FF49AAE04903A46294694
:102B6000204620F0A5F8002864D1049BBBF1000F9B
:102B700053D10136062EA5D1BBF1000F3FF48FAE25
:102B80000A20049320F060F8049B88E60A2020F0D5
:102B90005BF8A1E6284820F083F887E796E80F0065
:102BA00087E80F0094E80F0086E80F0097E80F0011
:102BB00084E80F00D3E639461022204620F078F84A
:102BC000C0BBBBF1000F3FF47EAE254820F068F893
:102BD00079E6DFF890E0A446BEE80F00ACE80F000D
:102BE000BEE80F00ACE80F00BEE80F00ACE80F0035
:102BF0000EF5A0789EE80F0008EB85188CE80F0012
:102C00003BE70A2020F020F8EEE62901134B5D187F
:102C10009033194420F01CF891E7114820F040F857
:102C2000049BA6E70E4820F03BF83FE70A2020F07F
:102C30000BF842E701232AE608150020EC140020D7
:102C4000E81400203015002000510260105102608D
:102C5000C84F026048150020605202609C5202601A
:102C600010150020005002600368F0B5CD1A002D49
:102C700043DD1C78260608D45E1C06601C781460B0
:102C8000891BA14239D30020F0BD04F07F04013C30
:102C9000032C35D8DFE804F02A201302042D2CDDA4
:102CA0009F785E1D93F801E03F041D79DC7847EAC8
:102CB0000E632B4343EA042414600660E0E7032D0F
:102CC0001BDD9C781E1D5D782402DB7844EA0544F8
:102CD0001C4314600660D3E7022D0EDD5C78DE1C19
:102CE0009B7843EA042414600660C9E7012D04D0F0
:102CF0005C789E1C14600660C2E76FF05F00F0BD58
:102D00006FF06300F0BD00BF70B404680E1B002EAE
:102D10000BDD26789E4204D10134046070BCFFF7BD
:102D2000A3BF6FF0610070BC70476FF05F00FAE7FF
:102D300070B5056882B04C1B002C06DD2C78012C88
:102D400007D06FF0610002B070BD6FF05F0002B09D
:102D500070BD0135164601AA04460560FFF784FFE1
:102D60000028F0D1019B012B09D1236813F8011B26
:102D7000003118BF01213160236002B070BD6FF0D7
:102D80006300E0E70368F0B5CC1A83B0002C06DDE1
:102D90001C78022C07D06FF0610003B0F0BD6FF01B
:102DA0005F0003B0F0BD0133174601AA0646036079
:102DB000FFF75AFF0028F0D1019B013B032B13D8EA
:102DC000316891F90020002A0EDB04463860019337
:102DD00011F8015B013B45EA04245A1C01933C6055
:102DE0003160F5D103B0F0BD6FF06300D5E700BFEF
:102DF000F8B50368CF1A002F05DD1F78032F05D023
:102E00006FF06100F8BD6FF05F00F8BD013304465C
:102E10000E460360FFF728FF0028F3D1136815461C
:102E2000002BF0D02268013B2B601278072A2A7110
:102E30000CD8226801322260AA60226813449E42A4
:102E400023600CBF00206FF06500F8BD6FF06300D9
:102E5000F8BD00BF70B505684C1B002C05DD2C7853
:102E6000032C05D06FF0610070BD6FF05F0070BD86
:102E7000013504460560FFF7F7FE0028F4D113681A
:102E80001646012B03F1FF32326005D923685A1C24
:102E900022601B78002BE7D06FF0670070BD00BF89
:102EA0002DE9F04399460368164683B0CA1A002AF2
:102EB00008DD1A78302A0BD06FF06108404603B065
:102EC000BDE8F0836FF05F08404603B0BDE8F083D3
:102ED000013301AA05460F460360FFF7C5FE804691
:102EE0000028EBD12A68019B13449F421FD19742CF
:102EF000A7EB020316D91178002B3160E2DD1378BD
:102F00009945D9D1541C3946321D28462C60FFF70B
:102F1000ABFED8B92B687268B3602B681A4497422D
:102F20002A6007D80023F3602B689F42C6D06FF059
:102F30006508C3E7102101201FF0A2FEF0600646DD
:102F400008B12A68D3E76FF06908B7E78046B5E7AC
:102F500070B5056882B04C1B002C06DD2C78022C65
:102F600007D06FF0610002B070BD6FF05F0002B07B
:102F700070BD0135164601AA04460560FFF774FED0
:102F80000028F0D1019A3046216801F037F9226813
:102F9000019B1344236002B070BD00BF2DE9F041D6
:102FA000066882B0C6EB010EBEF1000F0ADD96F88E
:102FB00000E0BEF1300F0BD06FF06106304602B07A
:102FC000BDE8F0816FF05F06304602B0BDE8F081E9
:102FD0000136904601AA044606600D461F46FFF7DB
:102FE00043FE06460028E9D12368ED1A002DE9DDED
:102FF000019D1A78002DC8F80020E3DD1A78062A12
:10300000DAD11D44013308F1040220462360294629
:10301000FFF72AFE06460028D0D12368D8F80420FE
:10302000C8F8083021688B189D4223601ED08E5C42
:1030300001333A462946204642F8046B2360FFF7E5
:1030400013FE70B922687B68BA60226813449D42FF
:1030500023600CBF00266FF06506304602B0BDE865
:10306000F0810646304602B0BDE8F08138460C21BA
:103070000EF08EFEA2E700BF10B584B0002401ABB5
:10308000029401940394FFF789FF48B9019B052B33
:1030900000D03BB9029B002B14BF6FF067000020EB
:1030A00004B010BD6FF06700FAE700BF70B50446CA
:1030B00070B10E46154601E0A4694CB16368AB429D
:1030C000FAD12A463146A0681FF0F2FD0028F3D15C
:1030D000204670BD68B110B5044680681FF0A4FD9D
:1030E00060691FF0A1FD20462021BDE810400EF0D0
:1030F0004FBE704738B504685CB10546A3692046E9
:103100002B60FFF7E7FF20461FF08EFD2C68002C98
:10311000F4D138BD7F2A0346F0B40AD80468611A96
:1031200000296ADD611E0120196004F8012CF0BC41
:103130007047FF2A10D80468611A01295DDD651EF9
:10314000812102201D6004F8012C1A68541E1C60A5
:1031500002F8011CF0BC7047B2F5803F1FD3B2F1FA
:10316000807F28D20468611A032946DD601E160A92
:10317000150C83211860042004F8012C1A68541ED1
:103180001C6002F8016C1A68541E1C6002F8015C95
:103190001A68541E1C6002F8011CF0BC70470468D9
:1031A000611A022929DD661E150A822103201E608C
:1031B00004F8012CE7E70068411A04291DDD441ECC
:1031C000160A150C84211C60140E00F8012C052031
:1031D0001A68571E1F6002F8016C1A68561E1E609E
:1031E00002F8015C1A68551E1D6002F8014C1A684D
:1031F000541E1C6002F8011C99E76FF06B0096E703
:103200000368591A002909DD012110B45C1E04600D
:10321000084603F8012C5DF8044B70476FF06B0112
:103220000846704738B505688D420CD36C1A9C422D
:1032300009D31C4603461146281B224618601FF07E
:1032400007FD204638BD6FF06B0038BDF8B5054668
:1032500010460E46174600F0CBFF2968B1422ED328
:103260008B1B044698422AD8091A02463846296020
:1032700000F0FAFFA0B93B68012B12D0224631467C
:103280002846FFF747FF00280ADB2B6801349E1B06
:10329000002E14DD591E02222044296003F8012C5F
:1032A000F8BD2B6893F90020002AE7DA9A1B002A60
:1032B00005DD5A1E01342A6003F8010CDEE76FF0C9
:1032C0006B00F8BD02680346501A002812DD00208A
:1032D00010B4541E1C6002F8010C1A68511A814285
:1032E0000BDD541E052102201C6002F8011C5DF854
:1032F000044B70476FF06B0070476FF06B005DF828
:10330000044B7047F8B50568A94202D86C1AA3426D
:1033100003D96FF06B042046F8BD0746E81A1C4637
:103320000E46386011461A461FF092FC002CF2DB64
:10333000224631463846FFF7EDFE00280CDB3B689D
:103340000134991B0029E4DD591E0622044439602A
:10335000204603F8012CF8BD04462046F8BD00BF06
:10336000F8B5069D8DB90468661A002E27DD661E25
:10337000066004F8015C0468651A002D1FDD671EF5
:1033800005260225076004F8016C0C460646FFF787
:10339000B9FF002815DB0544214630462A46FFF7D1
:1033A000B9FE00280DDB336801351C1B002C06DD3F
:1033B000591E30222844316003F8012CF8BD6FF00B
:1033C0006B00F8BDF8B505686E1A002E1BDD131CE6
:1033D00005F1FF374FF00102044618BF01230760D3
:1033E0000E465B4205F8013CFFF794FE002809DB1E
:1033F0002368991B002906DD591E01220230216035
:1034000003F8012CF8BD6FF06B00F8BD036870B5D0
:103410005C1A002C1EDD5C1E002A046003F8012CDF
:1034200004DD036893F90020002A16DB01263246EA
:103430000C460546FFF76EFE00280ADB2B680136B6
:10344000191B002906DD591E02223044296003F8A9
:10345000012C70BD6FF06B0070BD5A1A002AF9DDA7
:103460005C1E00220226046003F8012CDFE700BF87
:10347000F8B50568A94202D86C1AA34203D96FF0C7
:103480006B042046F8BD0746E81A1C460E46386015
:1034900011461A461FF0DCFB002CF2DB22463146B7
:1034A0003846FFF737FE00280CDB3B680134991BD8
:1034B0000029E4DD591E132204443960204603F834
:1034C000012CF8BD04462046F8BD00BFF8B50568DC
:1034D000A94202D86C1AA34203D96FF06B042046AC
:1034E000F8BD0746E81A1C460E46386011461A46D3
:1034F0001FF0AEFB002CF2DB224631463846FFF7C8
:1035000009FE00280CDB3B680134991B0029E4DD2F
:10351000591E162204443960204603F8012CF8BDD8
:1035200004462046F8BD00BF2DE9F84313F0070418
:10353000066818BF01248E4204EBD3042DD30F4636
:1035400004F10109711A494527D38046301B114601
:103550002246C8F800001D461FF07AFBD8F800602C
:10356000C5EBC4034A46751E39464046C8F80050AC
:1035700006F8013CFFF7CEFD00280CDBD8F8003040
:103580000234DF1B002F08DD591E03222044C8F837
:10359000001003F8012CBDE8F8836FF06B00BDE864
:1035A000F88300BFF8B50568A94202D86C1AA34297
:1035B00003D96FF06B042046F8BD0746E81A1C4695
:1035C0000E46386011461A461FF042FB002CF2DB13
:1035D000224631463846FFF79DFD00280CDB3B684C
:1035E0000134991B0029E4DD591E0422044439608A
:1035F000204603F8012CF8BD04462046F8BD00BF64
:103600002DE9F04782B0074600681E46894690467D
:103610000A9DFFF74BFDF0B1036904469D4209D8AE
:10362000AEB12A46314660691FF012FB204602B057
:10363000BDE8F087294601201FF022FB074640B372
:1036400060691FF0F1FA67612561002EE9D120461B
:1036500002B0BDE8F087202101201FF011FB0446D5
:10366000B8B1C0F80480414601201FF009FB824632
:10367000A06080B1424649461FF0EAFA256129461A
:1036800001201FF0FDFA606150B13B683C60A3610E
:10369000C6E70020CBE720461FF0C6FA5046C6E733
:1036A000019050461FF0C0FA20461FF0BDFA019B62
:1036B0001846BCE72DE9F04F099D4D4CA4FB05547D
:1036C000099D640804EB440B5D4518BF0134B4F157
:1036D000804F80F08580A400013400287BD08C428C
:1036E00094BF00210121002975D1BBF1000F6FD0DB
:1036F0008946DD1C041D3F4915F803EC09F1030957
:1037000015F8027C2B4615F8016C4FEA0E184FEAAB
:10371000870CCB4508F0300801EB961A0CF03C0CF6
:103720004FEAAE0E01EB171706F03F0611F80EE058
:1037300005F1030517F808708E5D1AF80C80A44691
:1037400004F8037C04F1040404F808EC04F8068C83
:1037500004F8056CD0D8099949451FD909F1010928
:10376000099C19784C4522D95B780E01214D8910AE
:103770009C0006F0300605EB13136F5C04F03C016F
:103780009C5D0CF10303695C8CF801408CF802101D
:103790008CF800703D2103F1010C1970C0EB0C0096
:1037A0000023106018468CF80030BDE8F08F0C0143
:1037B000104D89103D2604F030040CF103036F5CBA
:1037C000295D8CF800708CF801108CF80260E1E73C
:1037D000D9468446BFE714606FF02900BDE8F08F3A
:1037E0004FF0FF336FF029001360BDE8F08F00BF8A
:1037F000ABAAAAAABC53026030B4029C0CB130BC84
:1038000058E72046146030BC704700BF2DE9F047F0
:10381000DDF820E09146BEF1000F00F09E8000220E
:103820009C46DFF85CA1904617461CF807300CEB6D
:1038300007053C46202B04D07DE015F8016F202EB3
:1038400004D10134A645A4EB0703F6D8A6451DD044
:10385000C4EB0E05012D1CF8045001D90D2D5BD0D1
:103860000A2D0FD0002B5ED13D2D60D02E065AD4EC
:10387000554495F840307F2B55D00AB13F2B52D993
:1038800008F10108671CBE45CFD8BE46B8F1000F4D
:1038900063D008F007034FEAD80803EB430308EBB3
:1038A00048085B00C2EB4808073308EBD303002845
:1038B0005DD08B4294BF00210121002957D1BEF178
:1038C000000F52D007460326E6440C46DFF8B080CE
:1038D0002A4D0EE04244013492F8403003F03F029A
:1038E000402B08BF013E042C42EA811125D0E64559
:1038F0000CD01CF8012BA2F10A03DBB2162BE9D87D
:1039000025FA03F3DB07E5D5E645F2D1381AC9F805
:1039100000000020BDE8F087671C1CF807600A2E35
:10392000B1D0002BA4D06FF02B00BDE8F08701329E
:10393000022A9DD9F7E7002388E766B10B0C012E18
:103940003B7007D00B0A022E7B700BD0B97000249D
:103950000337CCE701370024C9E70020C9F800008D
:10396000BDE8F08702370024C1E77046CFE7C9F809
:1039700000306FF02900BDE8F08700BF090040006B
:10398000BC53026010B54024A4B058B92B4B03AA15
:1039900004A800948021FFF78DFED8B101242046B1
:1039A00024B010BD26481FF077F903AA04A800949C
:1039B000224B8021FFF77EFE28B9582204A9214816
:1039C0001FF076F900B301241F481FF069F9204663
:1039D00024B010BD582204A91A481FF069F9002824
:1039E000DCD1582003AA174B8021009004A8FFF7D0
:1039F0000DFF0028D2D1224604A910481FF058F923
:103A000004460028CAD1CAE710481FF045F95821DA
:103A100003AA0C4B009104A88021FFF7F7FE0028B1
:103A2000D1D1224604A905481FF042F904460028D6
:103A3000C9D107481FF034F9B1E700BF7C540260D8
:103A400068150020BC540260601500208415002019
:103A5000A415002050B30023F0B5A1F1040E1546C3
:103A60001E462F680136FC1A2C605EF8041F8C423B
:103A7000A4EB01042CBF4FF0000C4FF0010C45F8F3
:103A8000044B9F422CBF63460CF10103B042E8D1C6
:103A900002EB80024BB111689942A1EB030134BFE4
:103AA0000123002342F8041BF5D3F0BD704700BF8B
:103AB000F0B5864687B00020BEF10F0F0391029249
:103AC0000193059040F2D080F446ACF1100C0398BD
:103AD0000299059A019B50F8044B4FF000050E68BF
:103AE000E3FB0425B71845F1000241F8047B50F8C8
:103AF000044B4FF000050E68E3FB0425B71845F1B1
:103B0000000241F8047B50F8044B4FF000050E68AA
:103B1000E3FB0425B71845F1000241F8047B50F897
:103B2000044B4FF000050E68E3FB0425B71845F180
:103B3000000241F8047B50F8044B4FF000050E687A
:103B4000E3FB0425B71845F1000241F8047B50F867
:103B5000044B4FF000050E68E3FB0425B71845F150
:103B6000000241F8047B50F8044B4FF000050E684A
:103B7000E3FB0425B71845F1000241F8047B50F837
:103B8000044B4FF000050E68E3FB0425B71845F120
:103B9000000241F8047B50F8044B4FF000050E681A
:103BA000E3FB0425B71845F1000241F8047B50F807
:103BB000044B4FF000050E68E3FB0425B71845F1F0
:103BC000000241F8047B50F8044B4FF000050E68EA
:103BD000E3FB0425B71845F1000241F8047B50F8D7
:103BE000044B4FF000050E68E3FB0425B71845F1C0
:103BF000000241F8047B50F8044B4FF000050E68BA
:103C0000E3FB0425B71845F1000241F8047B50F8A6
:103C1000044B4FF000050E68E3FB0425B71845F18F
:103C2000000241F8047B50F8044B4FF000050E6889
:103C3000E3FB0425B71845F1000241F8047B50F876
:103C4000044B4FF000050E68E3FB0425B71845F15F
:103C5000000241F8047B059202910390BCF10F0F22
:103C60003FF633AF0EF00F0EBEF1070F68D90EF01E
:103C7000070E03980299059A019B50F8044B4FF0E8
:103C800000050E68E3FB0425B71845F1000241F872
:103C9000047B50F8044B4FF000050E68E3FB04254D
:103CA000B71845F1000241F8047B50F8044B4FF07F
:103CB00000050E68E3FB0425B71845F1000241F842
:103CC000047B50F8044B4FF000050E68E3FB04251D
:103CD000B71845F1000241F8047B50F8044B4FF04F
:103CE00000050E68E3FB0425B71845F1000241F812
:103CF000047B50F8044B4FF000050E68E3FB0425ED
:103D0000B71845F1000241F8047B50F8044B4FF01E
:103D100000050E68E3FB0425B71845F1000241F8E1
:103D2000047B50F8044B4FF000050E68E3FB0425BC
:103D3000B71845F1000241F8047B05920291039007
:103D4000BEF1000F15D003980299059A019B50F817
:103D5000044B4FF000050E68E3FB0425B71845F14E
:103D6000000241F8047B059202910390BEF1010E1E
:103D7000E9D10299059A0B68134441F8043B059A6E
:103D8000934234BF012200220592F4D307B0F0BD64
:103D9000F0B44E681EB38F68002307EB860656F812
:103DA000044D250CB742A4B245EA0343B3FBF2F538
:103DB00002FB153344EA0343B3FBF2F402FB143372
:103DC000EDD10968002903DB03600020F0BC7047D7
:103DD000002BF9D0D31AF0BC0360002070473346A3
:103DE000F2E700BF20B100230122836080E80C00CD
:103DF000704700BF80B110B50446806830B161687B
:103E000089000DF0C5FFA0681EF00EFF00230122FF
:103E1000A36084E80C0010BD704700BF42F210732D
:103E2000994223D82DE9F0414668B14202D80020DA
:103E3000BDE8F0810C460546042120461EF020FF17
:103E40008046B0B1AF685FB1B600394632461EF069
:103E5000FFFE384631460DF09BFFA8681EF0E4FED9
:103E60006C600020C5F80880BDE8F0816FF00F009D
:103E700070476FF00F00BDE8F08100BF2DE9F04101
:103E800046688E422ED9731E05460C460CD08168BA
:103E90009A0051F8230048BB0A4403E052F8040D8D
:103EA00018B90B46591EF9D101239C424FF0040169
:103EB00038BF1C4620461EF0E3FE8046C0B1AF6806
:103EC00057B1A20039461EF0C3FE3846B1000DF0CE
:103ED0005FFFA8681EF0A8FE6C600020C5F808808F
:103EE000BDE8F081BDE8F041FFF798BF3346DCE75D
:103EF0006FF00F00BDE8F08188423AD08A68F0B5D3
:103F00000E4683B0002A36D04D6807466B1E0BD094
:103F100052F823109C0041B9224403E052F8045D9A
:103F200005BB23465C1EF9D101257A683368AA4295
:103F30003B600FD3521BB868AD00002192002844AB
:103F40001EF096FE2A46B168B8681EF081FE002079
:103F500003B0F0BD29463846FFF760FF0028F7D1CF
:103F6000AD00EFE71D467A683368AA423B60E1D2B4
:103F7000F0E7002070470192FFF73CFF019A1046DE
:103F8000E6E700BFF0B585B005460C46006801AB1A
:103F90006968AA681E46D4F800C0D4F804E0A7688F
:103FA000C5F800C0C5F804E0AF6007C307CE2060C5
:103FB0006160A26005B0F0BD2DE9F0410C46496892
:103FC00016468046FFF72AFF98BB73422568D8F84B
:103FD000001046EA03026368C2F3C012C2F101078F
:103FE00005FB02F501FB0751C8F8001083B1A66874
:103FF000D8F80810043E01EB830E56F8045F0C68F5
:1040000005FB02F504FB075441F8044B8E45F4D13F
:10401000D8F804108B420CD2D8F8082002EB8303A6
:1040200002EB81011A6807FB02F243F8042B994264
:10403000F8D1BDE8F08100BF88423BD0F8B50C460E
:10404000496815460646FFF7E9FE00B1F8BD7168FC
:104050002046FFF7E3FE0028F8D16A423168206865
:1040600015437368C5F3C015C5F1010705FB01FED3
:1040700007FB01F100FB05113160226802FB07E23A
:104080002260ABB1A268B168043A01EB83060B6809
:1040900052F8040F07FB03F405FB03F300FB054094
:1040A00041F8040BB142106800FB07331360EED1F6
:1040B0000020F8BD0020704770B50E46012105466E
:1040C000FFF7ACFE044688B96A680146A86892000A
:1040D0001EF0CEFD002E86EAE671AA68B4BF4FF04E
:1040E000FF330123A1EBE67111602B60204670BD08
:1040F0004368B1EB431F0AD283684A0901F01F00ED
:1041000053F8223023FA00F000F00100704700203D
:10411000704700BF012A22D8F8B5436805464F0909
:104120001646B1EB431F0C4602D392B91046F8BDB8
:1041300004F01F01AD680124002055F8273006FA6D
:1041400001F204FA01F123EA01031A4345F827209A
:10415000F8BD791CFFF762FE0028E9D0F8BD6FF0CA
:104160000300704703464068A0B170B49D68002604
:10417000043D314655F8044F002203E0202A01F1A6
:10418000010108D024FA02F3013213F00103F5D043
:10419000084670BC70470136B042EBD11846F8E7CC
:1041A0004368DBB1013B1ED080689A0050F82310B1
:1041B000B1B9024402E052F8041D89B9013BFAD1B9
:1041C0000168202300204FF0004202E00130202847
:1041D00003D00A424FEA5202F8D01B1A1846704721
:1041E0005B012033EEE7826820231168EAE700BF15
:1041F00008B5FFF7D5FF0730C00808BDF8B50C4675
:1042000012F003014368174618BF0121064601EB6F
:1042100092059D420BD0FFF7EDFD002301222946B8
:10422000304673603260B360FFF7F8FDD0B900210B
:104230003046FFF741FFB0B99FB1B268E1190546BA
:10424000EB0011F8014DAE08013503F01803AF4241
:1042500004FA03F352F8264043EA040342F82630F6
:10426000EED1F8BDF8BDF8BDF8B514460D460746C9
:10427000FFF796FF0730C608B44217D32246002145
:1042800028461EF0F5FC7EB12A1900239808B9686B
:10429000DC00013351F8205004F01804B34225FA31
:1042A00004F402F8014DF1D10020F8BD6FF00700D1
:1042B000F8BD00BFF8B50D460646FFF771FF7268FE
:1042C0002B186C0905F01F05B3EB421F34D8DCB185
:1042D00073689C423CD26FF04042B0681A4400EBD5
:1042E000840700EB8303121B00EB820252F80419CF
:1042F00043F8041DBB42F9D1234600EB830300229F
:1043000043F8042D9842FBD1A5B17068844211D2C4
:10431000B2680021C5F1200602EB840302EB8004A1
:10432000186800FA05F20A4320FA06F143F8042B54
:104330009C42F5D10020F8BD13F01F01304618BF94
:10434000012101EB5311FFF769FD0028BFD0F8BD33
:10435000002BD9D0B068D0E7F0B443684D099D4236
:1043600005D8CA0601F01F0605D09D4203D10021E1
:10437000F0BCFFF7A1BECDB15A1B0BD0846821461B
:1043800004EB850401EB820754F8045B41F8045BFD
:10439000B942F9D1934209D98168002401EB820224
:1043A00001EB830142F8044B9142FBD18EB183B102
:1043B0008468C6F12005002004EB830353F8041D34
:1043C00021FA06F29C4242EA000201FA05F01A6064
:1043D000F4D10020F0BC7047436870B473B16FF043
:1043E000404482681C4452F8245002EB84021DB100
:1043F0001BE052F8044DC4B9013BFAD14A68002AC7
:1044000046D06FF040448D68144455F8243005EBD5
:1044100084011BB13EE051F8044D94B9013AFAD140
:10442000181C18BF012070BC70474A684AB36FF06F
:1044300040448D68144455F8246005EB8401002E37
:10444000ECD09A421DD39A421ED8BBB16FF04044C3
:1044500081681C44A20051F8240055F824401144FE
:104460002A4484420DD307D90EE051F8044D52F886
:10447000040D844205D807D3013BF6D1184670BC21
:104480007047012070BC70474FF0FF3070BC704720
:104490001046C8E70023D6E72DE9F04F5C6887B0E7
:1044A0000134119DAC4272D8129C2668002E6ED049
:1044B0001F460C4693468246AA00304600210293CE
:1044C0001EF0D6FB2368D7F80480129A4345126881
:1044D00028BF434604920393B8F1000F54D008F16B
:1044E0000103002615469B00019602EB0309059384
:1044F000019E2A46DAF80830DBF8001053F826400F
:1045000033460F682E680133039807FB0467109E3B
:1045100001932346FFF7CCFA06FB07F702992A46D8
:104520003B4640468968FFF7C3FA002345F8044B31
:1045300049F8043F019B9845DAD1059B049A043B56
:104540001A440492059A0499DAF808001EF080FBD8
:10455000029C50462146FFF73FFF002809DB4046FA
:10456000DAF80820A168FFF775FA002007B0BDE867
:10457000F08F129B4046DAF808101A68FFF76AFAC3
:10458000002007B0BDE8F08F04230593DAE76FF051
:104590000300EBE7436870B473B16FF04044826886
:1045A0001C4452F8245002EB84021DB11EE052F864
:1045B000044DDCB9013BFAD14A6882B16FF0404446
:1045C0008E68144456F8243006EB84041BB150E086
:1045D00054F8045DBDB9013AFAD11BB91A46104628
:1045E00070BC7047026870BC104670474A68002A69
:1045F000F8D06FF040448E68144456F8245006EB0F
:104600008404002DE7D09A42ECD39A4225D8026860
:104610000968002A01DD002929DB002901DD002AC3
:1046200022DB002BDAD06FF0404480681C44A100EC
:1046300050F8245056F8244008443144AC42CED3BC
:1046400007D90FE050F8045D51F8044DA542C6D8D3
:1046500008D3013BF6D11A46C1E70A68524270BC42
:10466000104670475242BAE74FF0FF32B7E70122D7
:10467000B5E70023C9E700BF0B4610B583EAE37234
:1046800084B0002B4FF00104A2EBE37201A9B4BF88
:104690004FF0FF33234602940092CDF80CD00193E3
:1046A000FFF778FF04B010BD90422DE9F0410746B6
:1046B00064D08842144603D0FFF71EFC0646C8B9F2
:1046C000012365683B6075B16FF04042A3682A44DE
:1046D00053F8221003EB820319B10EE053F8041DC6
:1046E00059B9013DFAD138460021BDE8F041FFF744
:1046F00095BB06463046BDE8F08129463846FFF7AF
:104700008DFB06460028F5D1A068B6463446B96848
:10471000043800E0C6460B680EF1010850F8042F7B
:10472000E41814442CBF0123002341F8044BA24297
:1047300094BF1C465C1C45450A46EBD8002CD9D0DA
:104740000EF102054FEA88080BE01368013508F105
:1047500004082344A34242F8043B34BF012400244C
:10476000C8D26B1E79689942EFD829463846FFF7C0
:1047700055FB0028BDD1BA684244E6E70C469FE7E6
:104780002DE9F041884684B005461146404617465B
:10479000FFF722FE002838DB00230122AF4201AEE2
:1047A00001920293039325D0A84505D0414628469F
:1047B000FFF7A2FB0446B0B9012378682B6010B361
:1047C0006FF04043B968034451F8232001EB8303A1
:1047D0001AB104E053F8042D0AB90138FAD1AA68D5
:1047E0000024FFF737F93046FFF704FB204604B0FA
:1047F000BDE8F08139463046FFF77EFB04460028CD
:10480000F1D13746D0E7B968E9E76FF00900EEE784
:10481000F8B50E680746136803FB06F3002B04DBAC
:10482000FFF742FF00B93E60F8BD0D461146144641
:104830002846FFF7D1FD002807DB224629463846E7
:10484000FFF79EFF0028EED0F8BD2A4621463846E5
:10485000FFF796FF0028E7D176423E60F8BD00BF23
:10486000F8B50E680746136803FB06F3002B0EDD50
:104870000D46114614462846FFF7AEFD00280CDB16
:10488000224629463846FFF77BFF20B1F8BDFFF7E7
:104890000BFF0028FAD13E60F8BD2A462146384673
:1048A000FFF76EFF0028F1D176423E60F8BD00BFF1
:1048B000134630B5002B85B083EAE3744FF0010551
:1048C00001AACDF80CD0A4EBE374B4BF4FF0FF33D2
:1048D0002B46029500940193FFF79AFF05B030BD77
:1048E000134630B5002B85B083EAE3744FF0010521
:1048F00001AACDF80CD0A4EBE374B4BF4FF0FF33A2
:104900002B46029500940193FFF7AAFF05B030BD36
:104910002DE9F04F074689B0002301208F429146D0
:104920000290059003930493069307935ED002AB25
:10493000884601934F450DF1140B60D0D8F8045010
:104940007DB16FF04042D8F808302A4453F8221065
:1049500003EB820319B104E053F8042D0AB9013DB9
:10496000FAD1D9F804407CB16FF04042D9F8083050
:10497000224453F8221003EB820319B104E053F8E8
:10498000042D0AB9013CFAD129193846FFF746FA35
:10499000824648B15846FFF72DFA0198FFF72AFAE8
:1049A000504609B0BDE8F08F01463846FFF784FB5A
:1049B00082460028EED18CB16FF040462644B60006
:1049C000D9F808302846BA689B593244D8F80810FC
:1049D000FFF76EF8013CA6F10406F1D1D8F80020EB
:1049E000D9F8003003FB02F33B60D3E702A8019043
:1049F000FFF782FA824658B9DDF804809AE7394613
:104A00005846FFF779FA82460028C3D1D94695E780
:104A10000DF1140BBEE700BF8B1E0E2B00F2D380EE
:104A20002DE9F04F0C468BB04FF0000901260546EA
:104A3000104692460F460496CDF81490CDF8189083
:104A40001EF026F9102C804632D049462846FFF742
:104A500033FB014600283DD1B8F1000F00F0AD80D6
:104A600083460DF11009BBF1000F00F0AF801AF87A
:104A70000B20A2F13004A2F14101E0B2092888BF65
:104A8000FF240529A2F1610198BFA2F1370405298D
:104A900098BFA2F15704A7421FD86FF005014846FE
:104AA0000191FFF7A7F9019908460BB0BDE8F08F17
:104AB000B0F1804F80F084808100284611F01C0FF7
:104AC00014BF33464B4603EB5111FFF7A7F90146DC
:104AD000002831D00DF11009E1E703AB294607AA00
:104AE00048460796089609930397FFF711FF01467A
:104AF0000028D4D12B6807AA4946012B10D003AB5C
:104B000028460394079608960993FFF7A9FE0146E5
:104B10000028C4D10BF1010BD845A4D10021BEE778
:104B200007932846089303AB03940993FFF770FE9D
:104B300001460028EED0B2E72846FFF7BDFA01464D
:104B40000028C7D1B8F1000F37D00AEB0803019352
:104B50008300B8F1010F4FEAD00608F1FF3803F0E7
:104B60001C033CD0019A013012F801ED0192AEF124
:104B70003002AEF14109AEF1610C5FFA82FBBBF18C
:104B8000090F88BFFF22B9F1050F98BFAEF13702B8
:104B9000BCF1050F98BFAEF15702944202FA03F33D
:104BA00002D80DF1100978E7AA6852F826703B4345
:104BB00042F82630B8F1000FCAD10DF11009ADE767
:104BC0006FF0030071E76FF0030070479AF8002060
:104BD0002D2A7FF44CAF4FF0FF322A609AE79AF803
:104BE00000202D2ABED14FF0FF330DF110092B60AC
:104BF00055E700BF00B585B00123009201AA0193DB
:104C00000293CDF80CD0FFF783FE05B05DF804FBEE
:104C10002DE9F04FA7B04FF0010B0024814620AEE4
:104C20000191184623A91D4617462094CDF88CB053
:104C3000CDF890B02596FFF7ADFC00286FD029463F
:104C40003846CDF850B015941694CDF85CB0189451
:104C50001994CDF868B01B941C94CDF874B01E94D0
:104C60001F94CDF880B021942294FFF7B5FBA042A9
:104C700020DB0DF1500839460DF15C0A4046FFF784
:104C80003BF9044680B31AAB0DF1740B0093404618
:104C9000FFF7B0F85046FFF7ADF80098FFF7AAF815
:104CA0005846FFF7A7F83046FFF7A4F8204627B08C
:104CB000BDE8F08FB9F1000F05D021464846FFF757
:104CC000FBF9044638B9019B2BB339460198FFF72D
:104CD00013F90446F8B11AAB0DF150080DF15C0A56
:104CE0000DF1740B0093D2E729465046FFF704F903
:104CF00004460028C7D11AAB7968CDF85CB0023100
:104D000018460093CDF850B0FFF788F8044648B134
:104D10000DF1740BBBE7002027B0BDE8F08F6FF0FA
:104D20000B00C4E701460098FFF7C6F90DF1740BBC
:104D300004460028ABD102215846FFF76FF804461D
:104D40000028A4D103213046FFF768F80446002864
:104D50009DD15046FFF724FA00F01F001F2800F0F5
:104D6000C280C0F11F03404619460793FFF7A2FA1D
:104D7000044600288BD107995046FFF79BFA04465A
:104D8000002884D1159B5046189A0293013B039248
:104D9000013A04939B1A05925A010A93114606920E
:104DA000FFF788FA044600287FF471AF0A9B9B0046
:104DB0001C460BE0DDF870E05EF8043001334EF87D
:104DC0000430FFF74DFD002840F08F8051464046EB
:104DD000FFF7E0FB0028524641464046EADA0699D2
:104DE0005046FFF7B9FA044600287FF450AF059803
:104DF0006FF040426FF078438F4980000E94CDF8F9
:104E00003C900A90029810970244034401440A9887
:104E1000119504388900CDF808A00C9003980391EF
:104E2000121A1B1A92005B0114460693049B059A02
:104E3000934240F2AE80039B16990433199A0A9864
:104E40000D931258CB581C9D9342C0F085804FF0B3
:104E5000FF332B512B5913AF039A0133DDF83490F4
:104E6000043ADDF808A02B510B922DE0199B0C9A07
:104E70009A580A99026023AA5B5859461C9D4360C0
:104E800058462B5901252597239513932495FFF711
:104E90003FFD014658BB3046FFF70EF928BB049A88
:104EA000229BAA42169D01D00B9AA858039A31461C
:104EB00018605846AA585A6055F809209A60FFF7BA
:104EC00069FB002815DD1C9D2B5900215846013B2C
:104ED0002B51FFF7F1F840B9059B1F98002BC5D166
:104EE000059A199BC5E707944CE70446CFE60446AC
:104EF000CDE61C9B0125514623AA1B595846CDF8E7
:104F000008A02395139324952597FFF701FD00280A
:104F100040F08D8006995846FFF7CCF9002840F004
:104F200086805A4641464046FFF79AFC00287ED1CB
:104F3000139023A94046239524952597FFF72AFB34
:104F400000285FDB049B043C013B0493069B203B51
:104F500006930B9B039369E703982F190858AAB18E
:104F6000099300230893DDE9089A4B4649EA0009B2
:104F7000484651461DF060FE00234FF0FF328B4241
:104F800008BF824200D21046386063E74FF0FF301E
:104F9000FAE7DDF83C900E9C109F119DDDF808A00B
:104FA000B9F1000F0BD000994846FEF7A5FF002885
:104FB0009BD12B683A6803FB02F3C9F80030019BD0
:104FC000002B3FF464AE07994046FFF7C5F900286F
:104FD0008BD13B684146019F14933846FEF78CFF06
:104FE000002882D1012513AB139023A938462395BD
:104FF00024952593FFF7CEFA00287FF448AE3D6054
:10500000044644E602995846FEF776FF78B90699B9
:105010005846FFF74FF950B95A4641464046FFF708
:10502000F7FB20B91C9A1359013B13518AE7DDF8AD
:1050300008A004462BE600BFFEFFFF3F70B51C46EC
:1050400084B0012684EAE475002C01AB0296A5EB3E
:10505000E475B4BF4FF0FF343446CDF80CD0009562
:105060000194FFF7D5FD04B070BD00BF2DE9F041FC
:1050700084B00025012604468846104601A917463B
:105080000296CDF80CD08DE86000FFF783FAA842B5
:105090002ADB424628463B462146FFF7B9FD00BBC6
:1050A000054602E0FFF7B4FBD8B901A920460296F5
:1050B000CDF80CD08DE86000FFF76CFA00283A4676
:1050C00021462046EEDB02E0FFF7CAFB48B939462D
:1050D0002046FFF75FFA00283A4621462046F3DAD9
:1050E000002004B0BDE8F0816FF00900F9E700BFCF
:1050F000131E15D017DB012B30B4044604D0022B4D
:1051000006D030BCFEF744BE0020206030BC7047A3
:105110008B6800201B6803F00103236030BC7047DC
:105120006FF00B0070476FF0090070478B1E0E2B5D
:1051300044D82DE9F04186B0164607460C460A468B
:10514000014601A8FFF7D4FF20BB4FF0010802ADD4
:10515000014603AB3A4638460294CDF80C80CDF8B0
:1051600010800595FFF754FD034698B903A938460A
:105170000293CDF80C80CDF810800595FFF70AFA60
:10518000A0B9019B092B08D9326837330020511C84
:105190003160137006B0BDE8F08132683033002012
:1051A000511C3160137006B0BDE8F08121463846CD
:1051B0003246FFF7BBFF0028E3D0EBE76FF00300B8
:1051C000704700BF2DE9F0438C1E85B00E2C00F215
:1051D00082800C4680461D461646FEF7E1FF032CF2
:1051E00025DC431C033003F001031844A84275D8A2
:1051F000D8F800200023012100960132029301918A
:10520000039360D0102C17D001AF41463846FEF70B
:1052100073FE054600283FD1019B013358D021463B
:105220006A463846FFF782FF054658B334E0400827
:10523000102C08BF4008D4E7D8F8041009B36FF069
:1052400040400027DFF8A0E00844800004235D1EF2
:10525000D8F80820CC184FEAC50C135823FA0CF3E1
:1052600003F00F0C13F0FF034FEA23131BD1D7B940
:10527000022C18D02B46002DE9D10139A0F10400F1
:10528000E4D101AF009B0022591C154600911A7011
:10529000009B9E1B0C9B1E603846FEF7ABFD28460C
:1052A00005B0BDE8F083009A01271EF8033002EB39
:1052B00007091EF80C40CDF800901370009BDA1916
:1052C00000921C70D6E772182D230092337099E774
:1052D00001230193A3E76FF00300E1E70C9B186043
:1052E0006FF00700DCE700BFE013002083681B6855
:1052F000DB0729D52DE9F04186B00546144F03247C
:105300000DF10808012608E0FFF7F2FEA0B9019BA5
:10531000ABB157F8044F002C0EDD03A928460294C8
:1053200003960496CDF81480FFF734F9002822463E
:10533000294601A8E8DC012006B0BDE8F0816FF045
:105340000D0006B0BDE8F0816FF00D00704700BFA2
:10535000185502602DE9F04FA7B04FF00008012565
:105360009A4617AC0590079118461AA90692CDF8EF
:105370005C801A951B951C94FFF70CF94045309EF4
:1053800040F3E880DAF808301F68FA0740F1E2805D
:105390001AA90698CDF85C801A951B951C94FFF706
:1053A000F9F80028C0F2D680BD1C03236D0005F07B
:1053B00008053D4405FB07F2013BC2F1020202FB76
:1053C00005F5F7D14FF0010B194630221AA80F93BB
:1053D0001DAC10931293139315931693CDF838B018
:1053E000CDF844B0CDF850B01DF042FCDAF80430EE
:1053F000059803EB0B084146FEF710FD8146F0B11E
:1054000011AF0DF150082046FEF7F4FC2046FEF7E0
:10541000F1FC3846FEF7EEFC4046FEF7EBFC2EB101
:10542000B3681BB1484627B0BDE8F08F0DF1380BCB
:105430005846FEF7DFFC484627B0BDE8F08F4146EE
:105440002046FEF7EBFC11AF814610B10DF150087C
:10545000D9E74FEA48013846FEF7E0FC81460028CC
:10546000F4D1079B0DF150081B680893013374D0E9
:10547000002E00F0B980B368002B7BD00DF1380B03
:10548000306871685B46B26807C3DDF81C9051460E
:105490004846FFF77FF80028C0F28180494652460F
:1054A0002046FFF7E3FD81460028ACD16B421298FD
:1054B00013A91A4607930291534600920FA901902F
:1054C00010AA2046FEF7E8FF814600289BD15946E6
:1054D0000598FEF711FD8146002894D113A926AA4C
:1054E000129B0DA8029101250799DDF814B00091D7
:1054F00018A942F8340D5846019353460B920D9566
:1055000017951895FEF7C8FF814600287FF47BAFFA
:105510005A46034606980832406809925A46CB46D6
:10552000A146043204460A92BBF1000F00F09780B6
:105530000BF1FF3B069A926852F8245025FA0BF5BE
:1055400005F0010585F00102002B63D1002A61D02E
:105550000023E9E76FF0030065E707994046FEF78F
:10556000CBFC814600287FF44EAFCDF81C80CDF8EF
:1055700050B07DE70DF1380B01215846FEF79CFD38
:105580008146A8B12046FEF735FC2046FEF732FCE6
:105590003846FEF72FFC4046FEF72CFC40E7079903
:1055A0002046FEF7A9FC814600287FF42CAF7DE75A
:1055B000DAF8041058468901FEF77CFE814600287F
:1055C0007FF421AF524659465846FFF74FFD8146BA
:1055D00000287FF418AF002E3FF457AF5B4607CB8F
:1055E00030607160B26050E70DF1380B0121584610
:1055F000FEF762FD81460028DAD02046FEF7FAFB6E
:105600002046FEF7F7FB3846FEF7F4FB4046FEF770
:10561000F1FB0DE7012B00D132BB129813AA0799B9
:105620005346029200910190099A0A990598FEF753
:1056300033FF38BB6900129A13AB059829440192D5
:105640001AAA079D0293534602EB8101009501F1CE
:1056500008020431FEF720FFA0B9012364E7A4B1DA
:10566000013C4FF01F0B65E7129813AA07995346A8
:10567000029200910190099A0A990598FEF70CFF91
:105680000028EAD04C468146BDE613A9129B4FF094
:10569000010E0DAD02914C460799019353460091BE
:1056A00018A90B9A05981995CDF834E0CDF85CE06F
:1056B000CDF860E0FEF7F0FE814600287FF4A3AE4F
:1056C000089B01337FF49FAE069A5368002B3FF48A
:1056D0009AAE93681B68DB077FF595AE059A08992B
:1056E000104611605146FFF793F881468BE600BFE4
:1056F000B1F5007F1BD870B5ADF5007D15460646A7
:105700000A460C4618466946A847054640B1684611
:105710004FF400710CF03CFB28460DF5007D70BD88
:10572000224630466946FEF769FD0546EFE76FF011
:10573000030070472DE9F04F00239BB0012405467C
:10574000099388460A9301460C9391460D9317AA34
:105750000F9308A81093129313931593169307AB06
:1057600008940B940E94119414940794179418941D
:105770001993FFF775F88346002837D1099F8FB139
:105780000A9E0146043E56F8044F002203E0202AF8
:1057900001F1010125D024FA02F3013213F00103D3
:1057A000F5D00F460BAE08A93046FEF7A5FB8346A1
:1057B00018B314AB11AC0DF1380A029308A8FEF728
:1057C00019FB3046FEF716FB5046FEF713FB20464A
:1057D000FEF710FB0298FEF70DFB58461BB0BDE824
:1057E000F08F0130B842CED11F46DBE714AB0BAED1
:1057F00011AC0DF1380A0293E0E739463046FEF766
:10580000ABFD83460028D4D12846FEF7C9FC40F200
:105810001353984216D840F25133984200F2C88090
:1058200040F28923984200F2C680B0F5AF7F80F045
:10583000CD80F92800F2CD80962834BF1B23122397
:10584000049301E002230493002311AC0397059312
:1058500069684B46424620468900FFF749FF834668
:10586000002840F09D8008A92046FEF793FE0028FE
:1058700010DB2046FEF794FC824608A8FEF790FC59
:105880000AF10101091A2046FEF766FD8346002849
:1058900040F08680139A4FF0200A039F136843F06C
:1058A0000303136069684B46424620468900FFF7B0
:1058B0001FFF002873D12046FEF772FC834608A81C
:1058C000FEF76EFC834563D8BAF1010A08A92046A9
:1058D0006BD0FEF75FFE0028E4DA012317A920460B
:1058E00007931793189307AB1993FEF753FE0028FD
:1058F000D8DD14AB039714AF3246009321462B46F4
:1059000020460297FFF726FD834600284AD108A9C2
:105910002046FEF73FFE002850D0012317A920465D
:1059200007931793189307AB1993FEF733FE0028DC
:1059300044D0039B012B50D94FF0010A039F19E07B
:105940000EA8FEF7E5FF2A460EA9002859D12046E9
:10595000FFF78CFB17A9002853D10123204607939A
:105960001793189307AB1993FEF714FE002833D052
:10597000574531D00EAB08A920460AF1010A03931E
:10598000FEF708FE224621460028D9D1039729E0D8
:10599000C0EB0B012046FEF7DFFC002894D08346C5
:1059A00014AB02930DF1380A08E76FF00D0015E70C
:1059B0000323049348E70423049345E7059B049AD3
:1059C00001339A4205937FF443AFEBE70823049336
:1059D0003AE70C23049337E7039708A92046FEF71C
:1059E000D9FD58B9012317A9204607931793189397
:1059F00007AB1993FEF7CEFD0028DFD16FF00D0B3A
:105A0000D0E7DDF80CA08346D8E600BF2DE9F047CB
:105A10008EB000230124074605A81546029405947C
:105A20000894039304930693079309930A93FEF74C
:105A300063FA70B1824608AC02A8FEF7DBF905A84C
:105A4000FEF7D8F92046FEF7D5F950460EB0BDE86E
:105A5000F08708AC29462046FEF74EFA8246002819
:105A6000EAD1DDF818E0BEF1000F00F0D780079E04
:105A70000146043E56F8045F002204E0202A01F1AA
:105A8000010100F09E8025FA02F3013213F00103B8
:105A9000F4D0099EC6B10A9B4FF0000CA3F1040E8E
:105AA00060465EF8045F002204E0202A00F1010055
:105AB00000F08D8025FA02F3013213F00103F4D0D7
:105AC000814228BF01460E46314605A8FEF744FC38
:105AD00082460028B0D131462046FEF73DFC824682
:105AE0000028A9D1012381460DF104081D46089321
:105AF00005930BA905A8CDF804900B950C95CDF84E
:105B00003480FEF747FD00287AD00699A1B1079BA3
:105B10004FF0000AA3F1040C50465CF804EF002299
:105B200003E0202A00F1010040D02EFA02F30132F6
:105B300013F00103F5D0014605A8FEF70DFC8246DF
:105B400000287FF479AF099991B10A9B8646A3F1A9
:105B5000040A5AF804CF002203E0202A0EF1010EB5
:105B60002AD02CFA02F3013213F00103F5D071466A
:105B70002046FEF7F1FB824600287FF45DAF214608
:105B800005A8FEF707FD002828DB05A922460846E0
:105B9000FEF7F6FD824600287FF44EAF012105A8EE
:105BA000FEF7DAFB82460028A3D045E70AF1010A96
:105BB0005145B2D11946BFE701308842C9D11946D3
:105BC000D6E7013086457FF455AF194661E70CF101
:105BD000010CB4457FF465AF1E4675E705AA214662
:105BE0002046FEF7CDFD824600287FF425AF012137
:105BF0002046FEF7B1FB824600283FF47AAF1BE750
:105C000031462046FEF756FB824600287FF414AF4B
:105C100038462146FEF770F982460DE7714638E7AF
:105C20002DE9F04FA5B001270E4614461EAD009099
:105C300021A910461E97219722972395FEF7AAFCCB
:105C4000002840F3148100232246314606A80A9317
:105C50000B930D930E931093119313931493079337
:105C600008931693179319931A931C931D931F93DC
:105C7000209309970C970F971297069715971897E7
:105C80001B971E97FFF7C2FE034660B30DF1240A6F
:105C90000CAE0DF154080DF160090FAA0DF1480B7F
:105CA00001921BAF50460093FEF7A4F83046FEF772
:105CB000A1F80198FEF79EF85846FEF79BF806A853
:105CC000FEF798F84046FEF795F84846FEF792F83A
:105CD0003846FEF78FF82846FEF78CF8009B1846EA
:105CE00025B0BDE8F08F05AB21A906A8059721973F
:105CF00022972393FEF74EFC10B16FF00D03C5E71A
:105D00000DF1240A314622460CAE5046FFF7AEF99B
:105D100003460028BDD151463046FEF7EDF80DF19F
:105D2000540803460028B6D121464046FEF7E4F861
:105D30000DF1600903460028AFD121464846FEF721
:105D4000DBF803460028A8D10FAB39460DF1480B0C
:105D500018460193FEF7B0F903460028A1D1014689
:105D60005846FEF7A9F91BAF034600289AD1014611
:105D70003846FEF7A1F90346002893D101212846B1
:105D8000FEF79AF9034600288CD10394019C0290F7
:105D90000E9B1B68DA0726D46CE0FEF7DDFA42465C
:105DA0003946002861D11D9B38461B68DB0703D4A8
:105DB000209B1B68DB070AD5FEF72AFD52462946C1
:105DC000002852D12846FEF74BFD00284DD1012175
:105DD0003846FEF7C1FA0121002846D12846FEF7D1
:105DE000BBFA002841D11A9B012148461B68DB07FA
:105DF000D3D549463046FEF7CDFB002864DB4A4642
:105E000031463046FEF72CFD00282ED13A46214679
:105E10002046FEF725FD40BB2A4659465846FEF768
:105E20001FFD10BB029B21A930460593012321933E
:105E3000229305AB2393FEF7ADFB0028A8D1039C6A
:105E40000290029B21A938460593012321932293B6
:105E500005AB2393FEF79EFB0028224639463846C1
:105E600024DAFEF7D5FC0028EBD003461AE76FF0E2
:105E7000030035E701213046FEF76EFA0028F4D121
:105E8000119B1B68D80735D4149B1B68D90731D4E4
:105E900001212046FEF760FA0028E6D1012158468C
:105EA000FEF75AFA00283FF473AFDEE72146384682
:105EB000FEF770FB002822463946384629DBFEF7FC
:105EC000CFFC0028F2D0D0E7324649464846FEF7DC
:105ED000C7FC0028C9D1224639463846FEF7C0FC27
:105EE0000028C2D15A4629462846FEF7B9FC0028A8
:105EF00098D0BAE7424621462046FEF789FC0028A2
:105F0000B3D1524659465846FEF7AAFC0028BFD0E6
:105F1000ABE70098FDF7F0FF0346C3E62DE9F0413B
:105F200088B0466880680124002301AD0F460490C4
:105F300005A902A89046039602940594069401933D
:105F40000795FEF727FB38B305A902A8019405942D
:105F500006940795FEF71EFBF0B1022305A902A8DF
:105F60000594069407950193FEF714FB18B90020D9
:105F700008B0BDE8F08102A8FFF7B8F920B1012808
:105F8000F5D008B0BDE8F0814246394602A8FFF7D7
:105F9000D1FB08B0BDE8F0816FF00D00E8E700BF6D
:105FA0002DE9F04F40F6FD77A1F1030E8DB0BE450F
:105FB000169E00F2C68011F01F0A02924FF00102F5
:105FC0001D464FF00003044618BF92468B460793C8
:105FD0000AEB511A0893DFF890914FEA8A0706926C
:105FE0004FEA4A1AA7F104080197C1EB0A03039389
:105FF00033462A4601992046FFF77AFBB0B9A368D9
:1060000053F808204A45F3D9D3451AD3D3F800E012
:106010003246029F29464EF0010C2046C3F800C0CC
:10602000BFB9FFF77BFF10F10E0FE1D0034606AFBB
:1060300038460193FDF7DEFE019B18460DB0BDE822
:10604000F08F03992046FEF787F90028EED1A36868
:10605000DCE74EF003070322214604A81F60FDF78A
:1060600097FE034600286AD1049B002B6CD0012BBD
:1060700055D006AF21463846FDF73EFF03460028BF
:10608000D6D101213846FEF767F903460028CFD163
:106090004FF00C0A4FF001080DF1140922E013F142
:1060A0000E0F09AA21462046C2D1CDF814A0CDF882
:1060B0002480CDF82880CDF82C90FEF7A9FB03466C
:1060C0000028B5D1062309AA394638460593CDF8EC
:1060D0002480CDF82880CDF82C90FEF799FB03465C
:1060E0000028A5D12046FFF701F903460028D6D1A4
:1060F0003846FFF7FBF803460028D0D13246294640
:106100002046FFF717FB03460028C8D13246294630
:106110003846FFF70FFB03460028C0D188E74FF051
:10612000040E05AF09AA2146204609930A93CDF82B
:1061300014E00B97FEF76CFB0346002899D006AFDE
:1061400076E76FF0030079E70820012305AF09AA7D
:1061500005902146204609930A930B97FEF758FBBA
:1061600003460028EBD184E733F304B52DE9F04F63
:106170009FB00023012482467E4A06A8102106947F
:1061800009940C940F9412941594189407930893FF
:106190000A930B930D930E931093119313931493EF
:1061A0001693179319931A93FEF736FC20B3834680
:1061B00009AC0CAD0FAE15AF0DF160080DF148093B
:1061C000BAF1000F2AD106A8FDF714FE2046FDF70C
:1061D00011FE2846FDF70EFE3046FDF70BFE484641
:1061E000FDF708FE3846FDF705FE4046FDF702FEC6
:1061F00058461FB0BDE8F08F09AC5F4A10210CADC6
:106200002046FEF709FC834640B30FAE15AF0DF1F3
:1062100060080DF14809BAF1000FD4D0594657482B
:106220001CF03AFD06A8FDF7E5FD2046FDF7E2FD6E
:106230002846FDF7DFFD3046FDF7DCFD4846FDF75B
:10624000D9FD3846FDF7D6FD4046FDF7D3FD0A20BF
:106250001CF0FAFC58461FB0BDE8F08F484A1021E8
:1062600028460FAEFEF7D8FB834628B115AF0DF1D7
:1062700060080DF14809A3E72A4606A9304615AF84
:10628000FEF746FB834620B10DF160080DF1480989
:1062900096E73C4A10213846FEF7BEFB83460028AD
:1062A000F2D1BAF1000F19D139463046FEF772F932
:1062B00038B10DF160080DF1480906A84FF0010B47
:1062C00082E70DF148092B4606AA30464946FEF7FB
:1062D0009FFC834620B30DF1600874E72A481CF048
:1062E000DBFC39463046FEF755F948B10DF1600840
:1062F0000DF1480925481CF0D3FC4FF0010B8DE748
:106300000DF1480922481CF0CBFC2B46494606AA51
:106310003046FEF77DFC834608B30DF160087DE74B
:106320001C4A10213846FEF777FB83460028D2D15D
:106330000DF16008184A10214046FEF76DFB8346B8
:1063400000287FF43DAFBAF1000F40F0B18039462C
:106350003046FEF71FF908B34FF0010B33E70D4A43
:1063600010213846FEF758FB83460028E0D00DF197
:10637000600825E7AC15002030160020FC1800202E
:10638000B416002018170020F81700206015002010
:1063900010150020141800203818002041464846E7
:1063A000FEF7F8F8002888D1CDF800A02B46224649
:1063B00006A93046FEF7CEFF834600287FF403AFE0
:1063C000724A10213846FEF727FB834600287FF4E7
:1063D000FAAE39463046FEF7DDF800287FF46DAF9F
:1063E0002A4606A93046FFF71BFC834600287FF4A7
:1063F000EAAE674A10213846FEF70EFB83460028B6
:106400007FF4E1AE39463046FEF7C4F800287FF449
:1064100054AF604B0022C346B8462F4625461C4663
:10642000029254F8081C3046FDF746FE0346002849
:1064300040F0A58054F8041C4846FDF73DFE4A464E
:1064400003463146002840F09A8006A8FFF7DEFA9E
:106450001BA90346002840F0928022680123039084
:1064600006A882EAE27E002A1C9305ABAEEBE27E30
:10647000B4BF4FF0FF3201221D93CDF814E00C346D
:106480001B92FEF787F8039B00286BD1029A01321A
:10649000032A0292C5D12C463D464746D8469B4624
:1064A000BAF1000F3FF48FAE3B481CF0F9FBB9E6A0
:1064B0003A481CF0F1FB39463046FEF76BF80028ED
:1064C0007FF418AF41464846FEF764F8834600283B
:1064D0007FF410AF30481CF0E3FBCDF800B02B4642
:1064E000224606A93046FEF735FF834600287FF492
:1064F00095AE264A10213846FEF78EFA83460028CC
:106500007FF45EAE26481CF0C7FB39463046FEF7E6
:1065100041F800287FF4EEAE1F481CF0C1FB2A466C
:1065200006A93046FFF77CFB834600287FF476AE51
:10653000174A10213846FEF76FFA834600287FF489
:106540003FAE18481CF0A8FB39463046FEF722F84B
:1065500000287FF4CFAE10481CF0A2FB12481CF0BC
:106560009BFB56E72C463D464746D846BAF1000FFE
:106570003FF4A3AE02990D481CF08EFBBDE62C46FD
:106580003D464746D8469B461AE600BF24190020E0
:1065900084190020C05702601015002098180020B0
:1065A000B4180020D0180020E8190020EC180020B2
:1065B0002DE9F0030B680468496840686340214D89
:1065C0004840C3F3074705EB136155FA83F605EB23
:1065D00010682F4491F80011C3F3072C96F800625D
:1065E00098F8003355FA80F897F8009346EA016668
:1065F000C0F3072798F80011C0F3074846EA094698
:106600002F4441EA036115F8083015F80C0041EAFF
:10661000034197F8003246EA0020146841EA032358
:1066200080EA3361506883EA314381EA3321634071
:1066300080EA010583EA312182E82200BDE8F00307
:10664000704700BFDC5702604FF48A7200211CF0D3
:106650000FBB00BF18B14FF48A710BF099BB7047A4
:106660002DE9F04FC5B01646041D074601924022A1
:106670000D4600210DEB02001CF0FAFA20464FF403
:10668000887200211CF0F4FAC02E00F01B82B6F5CF
:10669000807F00F01782802E04D06FF0230045B079
:1066A000BDE8F08F03234FF004094FF015081026C2
:1066B0003B60002302936A1E0DF13F01002301336A
:1066C00012F8010FB34201F8010FF8D3019BC02B60
:1066D00000F00382744904AD4FF0CC0C4FF07F0EF4
:1066E00066279E230020CDF80CC04FF08B0BF4469C
:1066F0004FF0900ABE463B222F46A026054608468C
:106700001946CC230CE0067A0830417890F802E074
:1067100090F803C00279437990F806A090F807B08A
:10672000090408371B0441EA066604A943EA026328
:1067300046EA0C0243EA0B0342EA0E2243EA0A232A
:1067400041F83520013547F8043C062DDBD14022C5
:10675000002120A81FAD1CF08BFA0DF161060DF190
:1067600041000378043010F8051C1B0410F8022CBB
:1067700043EA016310F8031CB04243EA020343EA10
:10678000012345F8043FECD120A924A851F8043B8B
:10679000CA68814283EA0203CB61F7D104A92AAA1D
:1067A00028A827ADFFF704FF2AA806A928AAFFF703
:1067B000FFFE29462BA851F8042F51F8203C8842AF
:1067C00083EA02030B60F6D12AAA08A928A8FFF7DA
:1067D000EFFE28AA2AA80AA9FFF7EAFE019B802B50
:1067E00012D923A951F8042F0B698D4283EA0203C1
:1067F0000B62F7D10CA92EAA2CA8FFF7D9FE2CAA60
:106800002EA80EA9FFF7D4FE029B0121219A0DF1BB
:10681000C00E4FEA031A254B0D46319203EB0A07CF
:10682000209B239A76463093229B33923293C5EB7A
:1068300005130135E1B103F01F033199309AC3F11B
:1068400020009A40C1404A403261319A32999A40C0
:10685000C1404A407261329A33999A40C1404A40DD
:10686000B261309A3399C24001FA03F35340F361A5
:10687000052D06F110060AD017F8011FC5EB051308
:1068800001350029D7D1052D06F11006F4D1029962
:1068900043AF8B001A4603937346511800224FEA08
:1068A000011B0349594407E0DC5B02600C5C026099
:1068B0002C5C026011F9012F561C02D0186844F8B4
:1068C00022009F4203F10403F4D1019B802B42D9A3
:1068D000249B0AF1040C8649764630930F25269BAB
:1068E0008C44259A3293279B3192339305F01F03F2
:1068F0001CF8012B0F35C3F12001C2B13098319A39
:106900009840CA40424032613198329A9840CA4019
:10691000424072613298339A9840CA404240B26114
:106920003398309A00FA03F3CA405340F3614B2D79
:1069300006F11006DAD10BF113016E4A44A8734632
:10694000114411F9012F551C02D01D6844F8225042
:1069500004339842F5D1289B0AF1090C644D0122B9
:10696000299976462A98AC44309315462B9B319151
:106970003393C5EB051332900135E2B103F01F03E9
:106980003199309AC3F120009A40C1404A403261A7
:10699000319A32999A40C1404A407261329A339991
:1069A0009A40C1404A40B261309A3399C24001FADC
:1069B00003F35340F361052D06F110060AD01CF8CD
:1069C000012BC5EB05130135002AD7D1052D06F1A2
:1069D0001006F4D10BF12802464973460A4401E03F
:1069E00012F9019FB9F1FF3F02D0196844F829104C
:1069F0009F4203F10403F3D1019B802B43D92C9BCD
:106A00000AF10C053A4977462D9A0F260D4430932A
:106A10002E992F9B31923291339306F01F0315F874
:106A2000012B0F36C3F12001C2B13098319A984042
:106A3000CA4042403A613198329A9840CA40424036
:106A40007A613298339A9840CA404240BA6133988A
:106A5000309A00FA03F3CA405340FB614B2E07F112
:106A60001007DAD10BF13B02224B44A81A4412F969
:106A7000013F591C03D0DEF8001044F823100EF13A
:106A8000040E7045F3D10298039A430011461A4A46
:106A9000034401441B0102EB810203F1D000803367
:106AA0002044234401E012F9018FB8F1FF3F02D0E6
:106AB00054F82810196004339842F4D1002045B0EE
:106AC000BDE8F08F0423019A4FF0FF394FF0190809
:106AD0003B600123D6080293EDE50DF14F030DF164
:106AE000570113F8012FD2438B421A72F9D1F1E505
:106AF0000C5C02602C5C0260CC5C02602DE9F04111
:106B0000C6B00C46154600214FF48A72804601A893
:106B10001CF0AEF82A46214601A8FFF7A1FD074662
:106B2000002842D1019B02A808F1140E08F11C02B2
:106B3000A3F10406C8F80030B6FA86F67609F31C0D
:106B4000F6009B0106F1160100EB030CC358DCF8BC
:106B50000400ACF10805C8F80430ACF11003C8F823
:106B60000800DCF80840DCF80C00C8F80C40C8F855
:106B700010009C680139D86802F1080242F8104CF4
:106B8000A3F1080342F80C0CF3D17342153605EB60
:106B9000C3030EEBC606A3F1B800A83B07C853F821
:106BA000043CB060F1603261736101A84FF48A71F6
:106BB0000BF0EEF8384646B0BDE8F0812DE9F04123
:106BC00092F805C01D4692F804E084B0547A4FEA6A
:106BD0000C4792F8088000F1140647EA0E6C5178D1
:106BE000240492F807E0537B090444EA08674CEA5E
:106BF0000E0E94791B0492F800C092F80C804EEAB5
:106C0000042E41EA0C6C8168D47A43EA08638EEA68
:106C1000010ED17B3C43977A0B43D17844EA072499
:106C2000C7684CEA010192F80EC092787C4043EAB2
:106C30000C23076941EA022142687B40076881EA28
:106C4000020CCDF804E002940393CDF800C0002FAD
:106C50004BD03446B84619E0206B40340099019A75
:106C60000840039B82EAF072019254F80C0C104326
:106C700048400299009054F8042C1A434A4002926A
:106C800054F8081C0A4083EAF273039302AA2146CF
:106C9000684608F1FF38FFF78BFC6A4604F10801EB
:106CA00002A8FFF785FC02AA04F110016846FFF76D
:106CB0007FFC6A4604F1180102A8FFF779FC02AADA
:106CC00004F120016846FFF773FC6A4604F12801CD
:106CD00002A8FFF76DFCB8F1000FBDD106EB8716D7
:106CE000029C039B103E9DE800503268002084EA1D
:106CF000020702973C0E726853400393B168F26832
:106D00008CEA0101EB718EEA0202EF704FEA116E1C
:106D1000E9720E0CEA73090A85F808E06E724FEA10
:106D2000126E160CA972120A85F80CE0190E6E7319
:106D3000AA731E0C29711B0A390C6E713A0AAB71C9
:106D40002C706970AA7004B0BDE8F0812DE9F0479D
:106D5000160784B00C9C0D9D59D1174680468A4673
:106D60001E4669BB42B303F1FF392068EE466168F5
:106D7000A268E368AEE80F002B4600212246404699
:106D8000FFF71CFF6B1E494605F10F0E13F8010FAC
:106D900011F8012F734582EA00021A70F6D1EE460F
:106DA000103F04F1100405F11005BEE80F0030603B
:106DB0007160B260F360D8D1002004B0BDE8F08704
:106DC000002AF9D0013C03F1FF3949466A1E04F15B
:106DD000100E14F8010F11F8013F744583EA000307
:106DE00002F8013FF5D12B462A4651464046FFF7AF
:106DF000E5FE28686968103FAA6805F1100555F896
:106E0000043C30607160B260F360DED1D4E76FF0B3
:106E10002500D2E72DE9F047089E9A4681461C6876
:106E2000DDF824800A9FA9B17AB1013F15465CB311
:106E3000315D621C18F8013B013D83EA010307F84C
:106E4000013F335502F00F04F1D1CAF80040002091
:106E5000BDE8F087002AF8D0154674B1335D611C97
:106E600018F8012B013D83EA020307F8013B325574
:106E700001F00F04E9D0002CF0D133463246012155
:106E80004846FFF79BFEE9E7334632460121484674
:106E9000FFF794FECCE700BF2DE9F84FDDF828900E
:106EA000934614680B9FDDF8308089B182461E46F8
:106EB0000D4694B119F80420013D17F8013B04F187
:106EC000010483EA020304F00F0408F8013BF0D147
:106ED000CBF800400020BDE8F88F32464B46012138
:106EE0005046FFF76BFE06F1100212F8013D013328
:106EF000DBB21370002BDDD19642F6D1DAE700BF8A
:106F00002DE9F04F4FF0000AFDB0202206905146C7
:106F10001FA80DF12C0B0DF13C091BF0A9FE4FEA47
:106F20006A06069B0AF00107B41C002B40F046815C
:106F30004FEA8418E30000240593B04B03EB861559
:106F4000C03303EB46130793059A29461FA81BF08D
:106F50007FFE42461FA937A8002F40F00C81FFF7A3
:106F6000CDFD079BDC46A64A234402EB040E1868BD
:106F700059684E469A681034DB682035ACE80F003B
:106F8000DEF80000DEF80410DEF80820DEF80C3031
:106F90000FC65A46394627AB37A8FFF70FFE102217
:106FA000494627A81BF084FE002840F06181202C70
:106FB000CAD1069B002B40F01C810AF1010ABAF1EC
:106FC000060FACD1069B002B40F070810023089384
:106FD000089B5C1003F001030593A51C069B002B86
:106FE00040F0FB80AE01874B0FCB8BE80F00854B49
:106FF0000FCB89E80F00844BEA001FA803EB441174
:107000001BF026FE059B32461FA937A8002B40F037
:10701000E180FFF773FD04EB440400267B4B03EB98
:107020000413344607937A4B5F46079A5D4603EB99
:10703000040C059B02EB040A4E46CDF82490002B6D
:1070400040F0A38013AD9BE80F0085E80F00DAF84D
:107050000000DAF80410DAF80820DAF80C300FC76C
:10706000DCF80000DCF80410DCF80820DCF80C3058
:107070000FC627AB1022059937A8019313ABCDF8A3
:1070800000B01034FFF762FE1022494627A81BF01B
:107090000FFE002840F0EC80302CC4D1069B054642
:1070A000002B40F0EC80089B0133062B08938FD116
:1070B000069B002B40F0068100274FF01009DFF8F7
:1070C00078B13C464E46DDF818A0059507F001085A
:1070D00050480137BAF1000F07D04F494F4BB8F174
:1070E000000F08BF19461BF0D7FD250100224C49AF
:1070F0000DF15C0E0BEB05030A920D4403F5F163F1
:107100000FCB8EE80F0095E80F001FAD85E80F004C
:10711000294604EB4405802237A8FFF7A1FA414B2A
:107120002D01324627A87C105919B8F1000F40F004
:1071300085801BF08DFD27AB1BAA3146029337A833
:10714000019317AB00920AAAFFF7A6FE364B324610
:1071500027A859191BF0ACFD002840F08980BAF12E
:10716000000F40F09080062F0BEB840300F093801B
:10717000D3F80869AAE742461FA937A8FFF770FAB3
:107180001F4BDC46079A2344EFE699E80F0013AE45
:1071900086E80F00DCF80000DCF80410DCF80820BA
:1071A000DCF80C300FC5DAF800004D46DAF80410B0
:1071B000DAF80820DAF80C300FC55AE7174B4FEA17
:1071C0008418154A41461948002F08BF1A461BF07B
:1071D00063FDAFE6FFF744FA1DE70599AE010F4BDB
:1071E0000D4A1348002908BF1A4631461BF054FDCA
:1071F000F9E610481BF054FDDFE600BFF45C0260C6
:10720000145E0260345E0260445E0260A45E02604E
:10721000345F0260401A0020EC140020E8140020C3
:10722000945F0260C45F026054600260081A00202C
:10723000241A002010150020DC570260234B324630
:1072400027A859191BF004FD27AB1BAA314602934E
:1072500037A8019317AB00920AAAFFF71DFE1C4B3B
:10726000324627A859191BF023FD00283FF477AFB9
:10727000069BFBB9012528467DB0BDE8F08F154877
:107280001BF00EFD0FE713481BF00AFD062F0BEB5A
:1072900084037FF46DAF069B059D002BEBD00A2085
:1072A0001BF0D2FC28467DB0BDE8F08F0A201BF011
:1072B000CBFC8BE6012508481BF0F2FC28467DB08C
:1072C000BDE8F08F0A201BF0BFFCF5E654600260B9
:1072D000C45F026010150020601500202DE9F04FFA
:1072E0009BB007932A9B0390022BDDF89890289E71
:1072F00000F09981102B00F296812A9BDB0700F1A8
:107300009281249B073B062B00F28D81B9F57F4FBC
:1073100000F289812A9BB9F1000F9DF890409246B6
:10732000A3F102028B4608BF0023C4F10E0118BF6F
:1073300040235208C4F10F041AAF43EAC2030DF10F
:107340003900CAB20799E4B215460992249A2B4330
:10735000C5F10F05089407F8303D04951BF078FC43
:10736000791912AA5346279D02F8013D8A424FEA35
:107370001323F9D12795002B40F055810DF13701EA
:107380001A4612AC9E46084606910DF1470112932B
:10739000139305911493159301E014F801EF10F87D
:1073A000013F01328EEA0303102A01F8013FF4D1B4
:1073B00012AB0DA8279500901946039800F0F4FC35
:1073C0000446002840F00C81B9F1000F71D04B4603
:1073D000C9F307280E940DF13A000E2B7C60BC60B7
:1073E00028BF0E23FC6025991A460A938DF8399020
:1073F0008DF838801BF02CFC059B22463846279DD3
:10740000194601E010F8018F13F8014F013288EAA4
:107410000404102A01F8014FF4D10DAB2795039D08
:10742000009312AB2846194600F0BEFC002840F03D
:10743000D7800A9AB9EB020319463AD01346259A27
:10744000CDF828B004461344CDF82CA028960DF1B1
:1074500057089946AB46DDF818A00E46102E354663
:107460004946384628BF10253C607C602A46BC60EF
:10747000FC601BF0EDFB5046059911F8012F10F848
:10748000013F414583EA02030B70F6D10DAB102298
:107490005846009312AB194600F086FC002840F0D5
:1074A0009F80761BA944D9D1DDF828B0DDF82CA047
:1074B000289E9DF824300DF1680907990DF15900B7
:1074C000249A09F8103D1BF0C3FB249B0021089A65
:1074D000581C48441BF0CCFB01238DF86730BAF1EF
:1074E000000F58D00DF15708279D5446102C28BF87
:1074F0001024BBF1000F21D1294622463846C7F897
:1075000000B0C7F804B0C7F808B0C7F80CB01BF05B
:107510009FFB0698059911F8012F10F8013F41458E
:1075200083EA02030B70F6D10DAB1022039800938F
:1075300012AB194600F038FC002851D10DAB1022D7
:107540004946039800933B4600F02EFC002847D1A3
:1075500003461AAA295C1A44013312F8302CDBB214
:107560004A409C4232541846F3D8BBF1010F3AD03E
:10757000049B26442544C4EB0A0A1AAA09EB03011A
:1075800012F8013D0133DBB213700BB99142F7D110
:10759000BAF1000FA9D1049B00224B4419461AAB43
:1075A00003F8012D9942FBD10DAB494603981022F7
:1075B00000933B4600F0F8FB90B90DF15701059B95
:1075C000069813F8014F10F8012F994282EA04023D
:1075D0001A70F6D12A9A12A929981BF039FB0020BB
:1075E0001BB0BDE8F08F00233146224638463B6091
:1075F0007B60BB60FB601BF02BFB0698059911F8C4
:10760000012F10F8013F414583EA02030B70F6D1C8
:107610000DAB10220398009312AB194600F0C4FB87
:107620000028A5D0DCE76FF00C001BB0BDE8F08FA0
:10763000402200211BF01CBB2DE9F04105461746F6
:107640000846012219461E4600F0A6FAA8B1436971
:107650000446102B11D1284600F0B6FA21462846E0
:1076600000F0C2FA08B1BDE8F0813246394628463A
:107670000123BDE8F04100F0E3BA6FF00C00BDE873
:10768000F08100BF10B5044600F09EFA402120466C
:10769000BDE810400AF07CBB30B589B0119D9DB1AA
:1076A00006951C460E9D13460A46109903950D9D9E
:1076B000059102950F990C9D049100218DE83000F1
:1076C000FFF70CFE09B030BD6FF00C00FAE700BF09
:1076D000F0B589B00F9E119C0E9F109D02960494E8
:1076E000139E129C009313460A46002101970395AE
:1076F00005940696FFF7F2FD09B0F0BD2DE9F041C3
:107700008CB088460121129F08AD139E159C0197ED
:107710000296149F179E00931346059542460397C1
:1077200004940696169DFFF7D9FD80B996B10146DF
:1077300003460CAA695C1A44013312F8102CDBB220
:107740004A409E42194640EA0200F2D820B90CB0E5
:10775000BDE8F0813046FAE7204641460AF018FBC2
:107760006FF00E00F3E700BFF0B50A9C05AD95E899
:10777000E0401CB1BDE8F040FFF7C0BF6FF00C0067
:10778000F0BD00BF2DE9F04FA5B040220021814699
:1077900014A81BF06DFA14A88023534A0221FFF7A6
:1077A0004BFF00BB514F082304264FF0010A0893FA
:1077B00007F10C0307F130053446099307F118036C
:1077C0004FF0070BB8460A9307F124030B93B9F166
:1077D000000F67D196B9B9F1000F7FD1012420467F
:1077E00025B0BDE8F08FB9F1000FF7D00124404873
:1077F0001BF052FA204625B0BDE8F08F0CAF3D4B90
:107800000899224603933B19029114A83A4905931B
:10781000019100210696CDF800B00497374BFFF791
:107820005DFD0028D7D1A219294638461BF040FA41
:107830000028D0D12A19089805965B462E4E21467D
:10784000019014A80492A6F12402039702950096D1
:10785000FFF754FF0028BED122463846A6F1180192
:107860001BF026FA04460028B5D1B9F1000F31D13A
:10787000BAF1030F05F120051BD0099B0AF1010A9B
:1078800058F804BF1A4652F8043F08930A9B09921D
:1078900053F8044F0A930B9B53F8046F0B93B9F101
:1078A000000F97D0514616481BF0F6F9002E92D0E3
:1078B000A4E714A800F088F914A840210AF068FA97
:1078C000B9F1000F8BD00A201BF0BEF9204625B07D
:1078D000BDE8F08F0B481BF0E3F9C9E70A48012423
:1078E0001BF0DEF97BE700BFF06002600061026020
:1078F0005C1A00209C610260B461026090610260C9
:10790000701A00201015002060150020891A0BD075
:1079100030B40024CDB2234601330444DBB2A55475
:1079200099421C46F8D830BC704700BF48B3F0B449
:10793000B2FA82F4640934BB431813F8016CB6FA46
:1079400086F38F1B5B091760B14238BF43F0010318
:1079500089B101382246974210F8014F02F1010225
:107960008CBF002501257440914214FB05F443EAC5
:107970000403DBB2EFD1002B044808BF0020F0BCA9
:107980007047034870470248F9E700BF009EFFFFB9
:10799000009FFFFF891A8023012983540BD930B43B
:1079A00001240025234601330444DBB2A554994247
:1079B0001C46F8D830BC704770B48D1A012D0AD916
:1079C0000124013A0026234601330444DBB2A654C5
:1079D0009D421C46F8D8084400F8015C70BC704712
:1079E00040B3F0B4B2FA82F464092CBB4D1E475D7B
:1079F000B7FA87F3CE1B5B091660B9422CBF194654
:107A000043F0010185B1013823469E4210F8014F31
:107A100003F101038CBF002201229D4214FB02F2FC
:107A200041EA0201C9B2F0D10029044808BF002090
:107A3000F0BC7047024870470148F9E7009EFFFF1D
:107A4000009FFFFF8A4206D202440144002302F84D
:107A5000013B8A42FBD1704728B1B2FA82F040095B
:107A600008B9116070470148704700BF009FFFFFD1
:107A700020B3F0B4B2FA82F56D090DBB1560D9B12F
:107A800046182F46802016F8014D0139002C0CBFF6
:107A90003C4647F0010484EA0703274601FB03F450
:107AA00025431560347814FB03F34340D8B2002912
:107AB000E9D108B9F0BC70470248FBE702487047BB
:107AC0000148F7E7009EFFFF009FFFFFE0B170B4A1
:107AD000B2FA82F56D09CDB9156091B108442E4610
:107AE00010F8013D002B0CBF334646F0010383EA3A
:107AF00006041E4601FB04F3013945EA030515603F
:107B0000EED1002070BC7047014870470048F9E78B
:107B1000009FFFFF094803686BB9094A09491378B8
:107B20002BB141F8043B12F8083F002BF9D1002299
:107B300001230A6003600348704700BFD4EF0020B0
:107B400060AA026000F1002070B578B1084C656849
:107B500055B1064601E0656835B13146A86808347C
:107B60001BF092F80028F6D1284670BD0546FBE7C9
:107B700060AA0260074B5A6852B11978814204D159
:107B800006E013F8081F814202D0DA68002AF8D113
:107B90001046704760AA026030B4084C636853B165
:107BA0009D6908342D788542F8D15D688D42F5D104
:107BB0005D789542F2D1184630BC704760AA0260E9
:107BC000402200211BF054B868B110B50446C06BC8
:107BD00018B123689B691B6A984720464021BDE87D
:107BE00010400AF0D5B87047E9B170B5B0FA80F42A
:107BF00006466409ACB90D46402221461BF038F810
:107C0000AB69DB699847F06378B16B783560022B1C
:107C100001D0204670BD064A2046064BF260336113
:107C200070BD054870BD04487047044870BD00BF72
:107C30000D7900602D790060009FFFFF809EFFFF9F
:107C4000F0B130B40468C4B12569AD0712D5012B79
:107C50004260037209D06578033D022D05D963B9EE
:107C6000A369C06B9B6930BC1847A369C06B5B6993
:107C700030BC184765689542E9D0024830BC70476F
:107C800000487047009FFFFF0346002827D0026886
:107C90005278022A23D1042923D8DFE801F0080E04
:107CA000141A03000020104AD8601A6170470F4967
:107CB00000200F4AD9601A6170470E4900200E4A11
:107CC000D9601A6170470D4900200D4AD9601A61C8
:107CD00070470C4900200C4AD9601A6170470B4864
:107CE00070470B48704700BF597A00600D790060FB
:107CF0002D79006095790060717A0060B979006033
:107D0000E1790060457A0060CD7A0060009FFFFF56
:107D1000809FFFFFC8B138B50368A3B199B1102A9D
:107D20000FD81C69E4070AD4DD68AA420BD30446C5
:107D30002A4628301AF08CFFA563002038BD15466E
:107D4000F5E7034838BD034838BD0248704700BF17
:107D5000809FFFFF009FFFFF28B103681BB1002336
:107D60004362184670470148704700BF009FFFFFFD
:107D7000B0B10368A3B15B78062B01D00020704737
:107D800030B5154683B00C46836B90F9081000F1AE
:107D90002802C06B8DE8300005F03CFC03B030BD1C
:107DA00000487047009FFFFF2DE9F04F85B00E9D02
:107DB000002800F082800F4604460168002D7CD028
:107DC0001646B1FA81F25209002A76D148782A6023
:107DD0000128D1F8149024D0062800F08780B9F14A
:107DE000000F00F0D0809F4298465ED0022826D037
:107DF000032800F08480052874D1896904F11402F5
:107E0000E06B04F12803CDF808808DE8840004F1CC
:107E100024020C693146A04700B92E6005B0BDE8C8
:107E2000F08F4E457ED189693A462E604D68E06BF1
:107E300094F90810AC4605B0BDE8F04F604794F9DE
:107E40000830002B3BD0012B606A03D1C0EB090343
:107E50009E423CD3002867D1002E45D0B6FBF9FAEC
:107E600009FB1A6ABAF1000F00F08480CAEB06061B
:107E7000524604F11400B9191AF0EAFE636A534439
:107E80006362002E30D094F90810226804F12803B0
:107E9000E06B946932468DE88001A468A047002811
:107EA000BCD12B681E442E60B8E7636A2BB9B6FBC1
:107EB000F9F309FB1363002B98D03448AEE7E3686D
:107EC000606A002BC2D0C0EB09039E42C2D8204496
:107ED0003246394614301AF0BBFE636A00201E4455
:107EE00066629BE72A4899E7002097E73A463146C1
:107EF000E06B2E6005B0BDE8F04F05F051BCD1F845
:107F000018E004F1280294F9081004F12403E06B4E
:107F10008DE884013246DEF80C40A04700287FF44B
:107F20007DAF7AE71B4879E7C0EB090A2044394660
:107F3000524614301AF08CFEA64694F9081004F14B
:107F400028035EF814CB4A46E06BDCF818C0CDF885
:107F500000E0CDF80480DCF808B0D84700287FF4B2
:107F60005DAF2B68C8445744CAEB06064B442B60F0
:107F7000606271E794F90810002986D1E368002B4C
:107F800083D0CA4672E7044848E700BF009FFFFF5E
:107F9000809FFFFF809DFFFF809CFFFF002872D025
:107FA0002DE9F041046882B0002A6ED0B4FA84F35F
:107FB0005B09002B69D165781360EB1E042B1DD97A
:107FC000A5F10903B3FA83F35B09BBB92678483EF0
:107FD000012E17D9012D3DD0022D52D10E4690F918
:107FE00008100746154601290ED06269436A9A4275
:107FF00038D0C268002A42D1002B40D1002002B004
:10800000BDE8F0811846FAE7C3681BB3816B00F145
:108010001408002931D07A6A404698473B68F86BCB
:1080200099695A698C6897F90810019607F1280335
:10803000CDF80080A0470028E1D197F90830BBB9FE
:1080400039683B6901B149692A46304602B0BDE84A
:10805000F0411847436A0E48002B08BF002002B0C9
:10806000BDE8F081A36907F11408C06B9C68DCE7E8
:108070003B6803B15B692B60C0E7E168CBE704486C
:10808000BDE70448BBE7044870470348B7E700BFB3
:10809000809DFFFF809FFFFF009FFFFFB8B130B4BE
:1080A00004688CB1B1FA81F35B096BB990F908509F
:1080B000012D09D16478062C02D0184630BC7047D7
:1080C000C06B30BC05F0E4BB024830BC70470148CF
:1080D000704700BF009FFFFF60B330B5046885B0F4
:1080E00034B390F908501DBB6478062C02D00020F0
:1080F00005B030BD102A1BD80C46C06B694615462A
:1081000005F0C6FB0028F3D1002DF0D021466C46C7
:108110004A1911F8015B14F8013B914283EA050307
:1081200040EA0300C0B2F4D10028E0D00248DFE703
:108130000248DDE701487047009DFFFF009FFFFFF9
:1081400030B585B01D460446FFF7E4FD60B9F4B1D3
:108150002368E3B10A9B2946606220460093089A8F
:10816000099BFFF721FE08B105B030BD0A9B2046F0
:1081700003AA1968099B1944FFF710FF0028F3D1DF
:108180000A9B1A68039B13440A9A1360ECE70148A0
:1081900005B030BD009FFFFF2DE9F0431D46036889
:1081A0009046079E5B78089F062B099CDDF828E027
:1081B0000B9ADDF830C0DDF8349016D0082B11D1C1
:1081C000C06B434614600A46CDF830902146CDF886
:1081D0002CC0CDF828E0099708960795BDE8F04334
:1081E000FFF75ABA0B48BDE8F083C06B0B4614602A
:1081F00001212246CDF834C0CDF83090CDF82CE0E6
:108200000A9709960895CDF81C80BDE8F04305F063
:10821000CDBB00BF809FFFFF30B51C46036887B011
:108220005B78062B1ED0082B19D113460E9AC06B13
:1082300015460C9A2A600A460D9D109903950B9DD0
:10824000059102950F990A9D04910C998DE83000D3
:10825000FFF78AFA10F10F0F1CD007B030BD0E489F
:1082600007B030BD13460E9AC06B15460C9A2A60B3
:108270000A46109D0D9903950F9D059102950B9946
:108280000A9D04910C998DE8300005F0B7FB10F1C0
:10829000120FE2D10148E0E7809FFFFF009DFFFF42
:1082A000FAF736BA10B45DF8044BFAF73FBA00BFDC
:1082B00030B430BCF9F7F8BE30B430BCF9F780BF49
:1082C000F9F70ABCF9F7ECBA13460A46022105F0A1
:1082D000F1B800BF13460A460221FFF7ADB900BF4F
:1082E000FEF76CBC10B45DF8044BFEF72FBD00BF69
:1082F00030B430BCFEF78EBD30B430BCFEF7CCBD20
:10830000FEF7FCBBFEF7ACB913460A46052105F0A3
:10831000D1B800BF13460A460521FFF78DB900BF4B
:1083200011461A4600F0EEB811461A4600F062BA3D
:1083300010B45DF8044B00F001BA00BF10B45DF852
:10834000044B00F0A9BC00BF00F0BCBE00F0B4BEFE
:1083500000F020BF00F00EBF00F072BF00F060BF61
:1083600010B5044600F090F82046BDE810401AF021
:108370005BBC00BF10B5044600F07AF82046BDE8AB
:1083800010401AF051BC00BF10B50446FFF77AF94F
:108390002046BDE810401AF047BC00BF10B50446A7
:1083A00005F064FB2046BDE810401AF03DBC00BF5C
:1083B00010B50446FEF74EF92046BDE810401AF00D
:1083C00033BC00BF10B50446F9F764FA2046BDE897
:1083D00010401AF029BC00BF10B54FF4C071012045
:1083E0001AF04EFC044608B100F048F8204610BDD3
:1083F00010B5802101201AF043FC044608B100F0BA
:1084000033F8204610BD00BF10B5402101201AF0FE
:1084100037FC044608B1FFF70BF9204610BD00BF3A
:1084200010B54FF4C47101201AF02AFC044608B1BB
:1084300005F03AF8204610BD10B54FF48A710120BE
:108440001AF01EFC044608B1FEF7FEF8204610BDE7
:1084500010B54FF48C7101201AF012FC044608B1DB
:10846000F9F712FA204610BD802200211AF000BC54
:1084700010B1802109F08CBC704700BF4FF4C0726E
:1084800000211AF0F5BB00BF18B14FF4C07109F01C
:108490007FBC7047431E0549073013F8012F52086F
:1084A00083428A5C1A70F8D1704700BF94B10260B1
:1084B00010B4431E084C073013F8012F5108615CBB
:1084C000914205D19842F7D100205DF8044B7047E6
:1084D00001205DF8044B704794B1026070B5084C00
:1084E000054604F1800608222046294614441AF065
:1084F000DFFB18B1B442F6D1002070BD012070BD81
:1085000014B202602DE9F04F91F805C000F1100798
:108510004D7890304FEA0C4691F800E02D0491F828
:1085200004C0CC7946EA0C6C8E7845EA0E6ECD78A4
:108530004CEA040491F806C04EEA05057E4B44EA75
:108540000C2C45EA06258CEA151101F00F3185EA5D
:1085500001148CEA010C8CEA144189B28CEA010600
:1085600084EA014181EA960C0CF0333C81EA0C016B
:1085700086EA8C0C81EA1C2404F0FF148CEA042C9B
:1085800061404FEAFC7581EA050C0CF0AA3C81EAD7
:108590000C0185EA0C0C4FEAF17457F8101C1037E7
:1085A00057F81C6C8CEA010E57F8185C86EA3C16EA
:1085B00057F8141C0EF03F0BCEF3052906F03F0AC6
:1085C000CEF3054803EB8B0BCEF3056E03EB8A0A63
:1085D000B842DBF800B103EB8909DAF800A203EB3B
:1085E0008808D9F8009303EB8E0E8BEA0A0BD8F8B3
:1085F00000A4C6F30528DEF800E58BEA090BC6F3F4
:10860000054903EB8808C6F305668BEA0A0B03EB02
:108610008909D8F800A603EB86068BEA0E0ED9F876
:108620000087D6F800688EEA0A0E8EEA080E8EEAF7
:10863000060684EA060485EA040581EA3411C5F3D6
:10864000052905F03F08C5F3054AC5F3056503EBA9
:10865000890901F03F0E03EB8808C1F30526D9F81C
:10866000009303EB8A0AD8F8008103EB8505DAF85A
:1086700000A403EB8E0E89EA0808D5F80055C1F373
:108680000549C1F3056188EA0C0CDEF800E203EB52
:1086900081018CEA0A0803EB8606D1F800C803EBD7
:1086A000890988EA0508D6F80066D9F8005788EAEB
:1086B0000E0181EA060181EA050181EA0C0C7FF4D2
:1086C0006CAF4FEA7C0C002084EA0C0303F0AA3361
:1086D00084EA03018CEA030C4FEA71048CEA142348
:1086E00003F0FF1384EA03218CEA030C8CEA910364
:1086F00003F033338CEA030C81EA830383EA1C41E1
:1087000089B28CEA01444B4083EA141101F00F3125
:108710004B4084EA01110C0ED1701E0ED3710D0C6A
:108720001470090A16711C0C55701B0A9170547153
:108730009371BDE8F08F00BF94B102602DE9F04362
:10874000560783B00A9C0B9D51D101291646074656
:10875000994628D01AB303F1FF3820686B46616848
:108760002A4603C321463846FFF7CCFE6A1E43461D
:1087700005F1070E12F8010F13F8011F724581EA87
:1087800000011170F6D16B46083E04F1080405F1B2
:10879000080503CBC9F80000C9F80410DDD100209A
:1087A00003B0BDE8F083002AF9D0013C03F1FF38A3
:1087B00041466A1E04F1080E14F8010F11F8013F3A
:1087C000A64583EA000302F8013FF5D12A4629466F
:1087D00038460835FFF796FE55F8082C55F8043C46
:1087E000083EC9F80020C9F80430E1D1D7E76FF09E
:1087F0003100D5E72DE9F04F96464B794A7883B0A2
:1088000006460D78120401901B0400F1100A087945
:1088100042EA0565CA7806F1900C43EA0060CB791C
:108820002A438D780343887942EA0525AF4C43EA11
:10883000002383EA151101F00F314B4085EA011244
:1088400083EA124189B283EA010082EA014181EAA6
:10885000900303F03333594080EA830381EA132203
:1088600002F0FF1283EA022351404FEAF37281EAD9
:10887000020303F0AA33594053404FEAF1715AF80A
:10888000100C0AF1100A5AF81C5C58405AF8186C7F
:1088900085EA33155AF8142C00F03F0BC0F3052776
:1088A00005F03F08C0F3054904EB8B0BC0F30560EE
:1088B00004EB8808D445DBF800B104EB8707D8F84F
:1088C000008204EB8909D7F8007304EB80008BEA7F
:1088D0000808D9F800B4C5F3052988EA0708D0F8D4
:1088E000007504EB890988EA0B00C5F30548C5F358
:1088F000056580EA070004EB8808D9F8007604EBE8
:10890000850580EA0700D8F80077D5F8005880EA96
:10891000070080EA050081EA000181EA06004FEACB
:108920003115C0F3052800F03F06C0F3054782EA81
:10893000050204EB8808C0F3056004EB8606D8F84E
:10894000008304EB8707D6F8006104EB8000D7F8BA
:10895000009402F03F0788EA0608D0F80005C2F349
:10896000052604EB870788EA0303C2F30548D7F816
:10897000007204EB860683EA090304EB8808D6F844
:108980000066C2F3056283EA0003D8F8000704EB2F
:10899000820283EA0703D2F8002883EA060383EA07
:1089A000000383EA02037FF46AAF019A02F5887A32
:1089B00001E04FEA31155CF80C2C0CF1100C5CF85E
:1089C000200C55405CF8186C48405CF8142C05F0FD
:1089D0003F08E24500F03F0BC0F3052704EB880891
:1089E000C0F3054904EB8B0BC0F3056004EB87076C
:1089F000D8F80082DBF800B104EB8909D7F80073DE
:108A000004EB80008BEA0808D9F800B4C5F3052907
:108A100088EA0708D0F8007504EB890988EA0B009A
:108A2000C5F30548C5F3056580EA070004EB88082F
:108A3000D9F8007604EB850580EA0700D8F80077BE
:108A4000D5F8005880EA070080EA050083EA0003B1
:108A500083EA06004FEA3315C0F3052800F03F060D
:108A6000C0F3054782EA050204EB8808C0F30560FD
:108A700004EB8606D8F8008304EB8707D6F800617C
:108A800004EB8000D7F8009402F03F0788EA06085C
:108A9000D0F80005C2F3052604EB870788EA010138
:108AA000C2F30548D7F8007204EB860681EA090193
:108AB00004EB8808D6F80066C2F3056281EA00017B
:108AC000D8F8000704EB820281EA0701D2F80028F7
:108AD00081EA060181EA000181EA02017FF469AFBF
:108AE000019A1E4602F5C87004E000BF94B102600E
:108AF0004FEA36155AF80C3C0AF1100A5AF8207C55
:108B00005D405AF8182C77405AF8143C05F03F099C
:108B1000504507F03F0BC7F3052804EB8909C7F35D
:108B2000054C04EB8B0BC7F30567D9F8009204EBF7
:108B30008808DBF800B104EB8C0CD8F8008304EB58
:108B400087078BEA090BDCF80094C5F3052CD7F8EE
:108B500000758BEA080BC5F3054804EB8C0CC5F3D4
:108B600005658BEA090B04EB8808DCF800C604EB0A
:108B700085098BEA070BD8F80057D9F800788BEAFB
:108B80000C0888EA050585EA070581EA050182EAFD
:108B9000010283EA3113C2F3052802F03F0CC2F34D
:108BA0000549C2F3056204EB880803F03F0704EBB4
:108BB0008C0CC3F30525D8F8008304EB8909DCF895
:108BC00000C104EB8202D9F8009404EB870788EA1D
:108BD0000C0CD2F80025C3F30548C3F305638CEAF7
:108BE0000606D7F8007204EB830386EA090C04EB4F
:108BF0008505D3F8006804EB88088CEA020CD5F8E8
:108C00000056D8F800278CEA070383EA050383EAB5
:108C1000020386EA03067FF46BAF4FEA7603002077
:108C200081EA030404F0AA3461405C404FEA710217
:108C300084EA122303F0FF1382EA03215C4084EAF2
:108C4000910303F033335C4081EA830383EA1442E7
:108C500092B284EA0241534083EA111202F00F32C9
:108C6000534081EA0212110E8EF803201D0E8EF879
:108C70000730140C8EF80010120A8EF80450190CEC
:108C80008EF801401B0A8EF802208EF805108EF82F
:108C9000063003B0BDE8F08F2DE9F043560783B0EE
:108CA0000A9C0B9D51D1012916460746994628D0AA
:108CB0001AB303F1FF3820686B4661682A4603C384
:108CC00021463846FFF796FD6A1E434605F1070E1A
:108CD00012F8010F13F8011F724581EA00011170AB
:108CE000F6D16B46083E04F1080405F1080503CBF4
:108CF000C9F80000C9F80410DDD1002003B0BDE8B8
:108D0000F083002AF9D0013C03F1FF3841466A1E86
:108D100004F1080E14F8010F11F8013FA64583EA8B
:108D2000000302F8013FF5D12A46294638460835A6
:108D3000FFF760FD55F8082C55F8043C083EC9F8CB
:108D40000020C9F80430E1D1D7E76FF03100D5E752
:108D50002DE9F04F91F801E008304A7900250F78AD
:108D60004FEA0E430C79120443EA076ECB79CF78B1
:108D700042EA04628C794EEA07071A4391F802E04E
:108D800042EA0424CB4E47EA0E2383EA141202F08F
:108D90000F32534084EA021283EA020101F01031DB
:108DA0004B405140C1F3436E0A0F03F00F04C3F36D
:108DB000036C06EB820206EB8E0ED2F8408906EBBE
:108DC000840406EB8C0CDEF840E95F0FD4F80099C0
:108DD000C1F34302DCF8004906EB87074EEA081CA2
:108DE000C1F3432E06EB8208C3F3032244EAC9040D
:108DF000D7F8009906EB8E0ED8F8407944EA0914AA
:108E000006EB8202DEF84099C1F3434E4CEAC708F4
:108E1000D2F80029C3F3034C06EB8E0E44EA820716
:108E200048EA8904DEF8408906EB8C02C1F3031E90
:108E3000C3F3431C44EA480406EB8E0ED2F8002923
:108E4000DEF8408947EA4202C1F3033E06EB8C0795
:108E5000C3F3433CC1F30351D7F80079C3F3435341
:108E600006EB8C0C06EB8E0E42EAC717DCF8009975
:108E700006EB8303DEF8402944EAC81406EB8101BF
:108E8000D3F800C944EA821447EA8913D1F840298B
:108E900043EA4C1344EA421223F0704322F070423A
:108EA000082D18BF012D40F3FA800F2D00F0F78038
:108EB0009C0E910E44EA830341EA820223F0704340
:108EC00022F07042D90302F400771E0102F4807987
:108ED0001C0701F0005C4FEA434B06F0105604F00B
:108EE00080544FEA833A0BF0805B4FEA8348264375
:108EF0009C024BEA0C0C0AF0006A04F0006E46EA91
:108F000009094CEA070C9F0549EA0A0908F00278AA
:108F10004CEA0E0C07F080664FEA930E49EA080807
:108F20004FEA831A4CEA06070EF000794FEA432B0A
:108F30005E000AF0807A47EA09074FEAC32C48EA44
:108F40000A0A06F0807E0BF400181E044FEA530B49
:108F500047EA0E0E4AEA080806F400160BF4801BD6
:108F600004F480244EEA060E4FEAC30948EA0B0BCC
:108F70000CF4801C4FEA830801F400314BEA040B27
:108F80004EEA0C0C08F4003609F4002E9F0A013555
:108F90004FEA93194BEA06084CEA0E0C07F48037A7
:108FA000560B09F4802948EA07074FEA12184CEAE1
:108FB000090906F400564FEA131C08F480583E4392
:108FC00049EA01010CF4803C4FEA821E970846EA08
:108FD00008080EF4006E41EA0C0107F40057560829
:108FE000140248EA0E0839434FEA923E06F48066BE
:108FF00004F4805440F608090EF4007748EA0606A7
:109000000C430EEA09094FEA52184FEA522C3E432C
:1090100044EA090108F02008970A0CF4806C4FEA32
:10902000C21E46EA080607F010074FEAD20941EAD5
:109030000C010EF4807E4FEAD21A46EA070841EA94
:109040000E0E09F00806970C0AF0200A48EA0608F6
:1090500009F0110907F00407960E4EEA0A0E940073
:1090600048EA070706F002064EEA090E04F0040477
:10907000510D3E434EEA0404C2F3006701F00201C1
:10908000102D46EA070600F1080041EA040140F805
:10909000106C40F80C1C7FF403AFBDE8F08FDC0EC1
:1090A000D10E44EA430341EA420223F0704322F026
:1090B000704207E794B1026008B5FFF749FE00204F
:1090C00008BD00BF38B50446FFF742FE04F1400575
:1090D0002046221D23469C6F083052F8041C083B92
:1090E00042F8044C0832D3F88440C3F8801050F89A
:1090F000041C40F8044CA842C3F88410EBD10020B3
:1091000038BD00BFF8B515460C4607461146FFF7B7
:109110001FFE05F1080104F18000FFF719FE3B4630
:10912000A646214638460022856FAEF1080E083863
:10913000083344F822500831D0F8845041F8045CD8
:10914000DEF8005153F8046C9D67DEF80451DD67CA
:1091500057F82250C3F8FC60C3F8F85054F8226066
:10916000023251F8045C202AC1F8F860C1F8FC50C2
:10917000DAD1F8BD00B5E1B00A466946FFF7C2FF93
:1091800068464FF4C07108F003FE002061B05DF83E
:1091900004FB00BF00B5E1B00A4601466846FFF790
:1091A000B1FF68464FF4C07108F0F2FD002061B0D5
:1091B0005DF804FB70B516460D4604461146FFF7F0
:1091C000C7FD05F1800006F10801FFF7C1FD06F1BA
:1091D000100104F58070FFF7BBFD29462046A4F17D
:1091E000800523460A46D3F87841083B0839083001
:1091F00014600832D3F8844142F8044CD1F800419D
:109200008467D1F80441C467D3F88040C2F8F840BD
:10921000D3F884409D42C2F8FC40E4D170BD00BF49
:1092200000B5E1B00A466946FFF7C4FF68464FF44F
:10923000C07108F0ADFD002061B05DF804FB00BF17
:1092400000B5E1B00A4601466846FFF7B3FF68463D
:109250004FF4C07108F09CFD002061B05DF804FB84
:10926000002180222DE9F04FADF5697D0E46824642
:10927000DFF82C9308A802ACDFF8288319F0F8FC7B
:1092800028A84FF4C072314619F0F2FC771006F0AE
:10929000010BBAF1000F0FD07A1C002FBC48C2EBB3
:1092A000C2020CBF20213321BBF1000F0CBF4B4683
:1092B0004346D20019F0F0FCB64A731E92E8030050
:1092C00084E80300042B00F29080DFE813F08900AB
:1092D0007D0071000500400188AD28A9AE4A2846EE
:1092E000FFF768FF28464FF4C07108F051FD42F2C5
:1092F000107503E0FFF706F9013D0BD02246214629
:1093000008A8002FF6D02246214628A8FFF772FAB7
:10931000013DF3D1BBF1000F40F000819F490822CD
:10932000204601EBC70119F0C3FC002840F0098179
:10933000BAF1000F40F0F4800136062EA6D1BAF142
:10934000000F40F020814FF0000B0DF1180804AD24
:109350004FEA6B070BF00109BAF1000F10D07A1C2D
:10936000002F8F4BC2EBC2028E4E0CBF2021332147
:109370008D48B9F1000F18BF3346D20019F08CFCAC
:109380008A4A0BF1FF3392E80300503A88E8030061
:1093900085E8030092E8030084E80300042B00F250
:1093A000AC80DFE813F0A500AF0072002700E400F6
:1093B00088AD28A8784A2946FFF7A4FE28464FF42E
:1093C000C07108F0E5FC92E788AD28A9724A2846EA
:1093D000FFF798FE28464FF4C07108F0D9FC86E7E5
:1093E0006D4908A8FFF7B4FC81E76B4908A8FFF7AF
:1093F00069FE7CE788AE28A9674A3046FFF7DAFEA7
:1094000030464FF4C07108F0C3FCB9F1000F4AD1E7
:1094100042F2107604E00094FFF790F9013E0FD07D
:1094200043460822394608A80194002FF3D043464A
:1094300000940822002128A8FFF72EFC013EEFD15E
:109440005B490822204601EBC70119F031FC0028D6
:1094500077D1BAF1000F40F086800BF1010BBBF120
:10946000060F7FF475AFBAF1000F40F0A98008A88D
:10947000802108F08DFC28A84FF4C07108F088FC0A
:1094800050460DF5697DBDE8F08F88AE28A8424AA8
:109490003146FFF737FE30464FF4C07108F078FCD4
:1094A000B9F1000FB4D042F2107988AE11E0009407
:1094B000FFF744F9B9F1010995E8030086E80300D4
:1094C00094E8030085E8030096E8030084E80300BD
:1094D0002AD043460822012108A80194002FE6D093
:1094E000434600940822012128A8FFF7D5FBE1E7B5
:1094F000294908A8FFF72CFC87E7274908A8FFF7A8
:10950000E1FD82E788AE28A9234A3046FFF7FAFD3D
:1095100030464FF4C07108F03BFC76E72549FEE683
:10952000254819F0BDFB07E795E80300234B082207
:1095300084E8030003EBC701204619F0B9FB0028BB
:1095400087D0BAF1000F41D14FF0010A8FE788AD03
:1095500028A8114A2946FFF72DFE28464FF4C0716E
:1095600008F016FCC3E6144819F09AFB75E788AEBC
:1095700028A8094A3146FFF71DFE30464FF4C07156
:1095800008F006FC41E70A2019F05EFBDBE600BFAD
:109590000C1D002014BB02601CBB026034BB0260C7
:1095A000E8140020EC140020241D002064BB02609D
:1095B00084BB02604CBB0260101500206CBB0260D3
:1095C0000A204FF0000A19F03FFB50E702484FF025
:1095D000010A19F065FB4AE7601500200B6870B5B9
:1095E000D41A012C15DD1C789E1C5B78921B0E6032
:1095F00043EA042494420CDC0D4622463146FAF735
:10960000FDFD18B92B681C442C6070BDA0F54450BA
:1096100070BD014870BD00BF80CFFFFF70B586B040
:1096200006460D466846FAF7DDFB03A8FAF7DAFBB3
:1096300068460221FAF740FD044640B16846FAF751
:10964000D9FB03A8FAF7D6FB204606B070BD294621
:10965000022203A8FBF744F904460028EED169462C
:109660003046FAF797FF002805DB304603A9FAF7E2
:1096700091FF0028E2DD014CE0E700BF80CFFFFF53
:109680007C22002119F0F4BA2DE9F041061D0546AF
:109690000C4617463046FFF7A1FF18B1034618469F
:1096A000BDE8F0813A46214605F11000FFF796FF2C
:1096B0000028F3D105F134083A4621464046FFF729
:1096C0008DFF0028EAD140463146FFF7A7FF044648
:1096D00008B10346E3E73046FAF78AFD23462860DF
:1096E000DDE700BF2DE9F04F041D87B006468B462D
:1096F0002046002117469846FAF7BEFF00283DD0C5
:1097000006F11C094FF00C0A119B5946109A484665
:10971000FBF7EEFF18B129E0FAF71EFE30BB214639
:109720004846FAF737FF00284FF001014846F3DAC0
:10973000BAF1010A20D02146FFF770FF0028E3D1DB
:1097400006F14C0306F1280A06F1100B05460093BA
:109750004A46504659462346FBF7FCFD30B92146A0
:109760005046FFF75BFF58B1054601E0A0F54655AE
:10977000284607B0BDE8F08F264DF9E7264DF7E7FC
:10978000BB1C20460293FAF733FD81465846FAF790
:109790002FFD02905046FAF72BFD4A460390B91C64
:1097A0002046FAF761FD0028E0D1BB1C4FEA1922E0
:1097B00087F8019058464B443A70029A991C0593D9
:1097C0000491FAF751FD059B0028CFD10299BC1CEA
:1097D0000498039A00EB010B090A504604F809109B
:1097E0000BF1020A9DF8084051465C70FAF73CFD07
:1097F0000028BBD1039802998244020A049BC7EB5C
:109800000A075A548BF80100C8F80070C6F8009097
:10981000AEE700BF80CEFFFF80CFFFFF002A18BF5A
:109820000029F8B51AD0C8B1071D054616463846B6
:10983000FAF762FB044618B1A4F556542046F8BD69
:10984000314605F11000FAF757FB04460028F3D122
:109850003846FAF7CDFC28602046F8BD004CEDE70D
:1098600080CFFFFF68B162B110B50468A24206D88C
:109870003430FAF7C3FC18B1A0F5485010BD0248C7
:1098800010BD0148704700BF80CFFFFF2DE9F04FAA
:1098900083B0002853D0B3FA83F46409002C4ED16E
:1098A0000568AB424BD8051D06468846214628462A
:1098B0001F469346FAF7E0FE002840D006F11C044C
:1098C0004FF00C090D9B41460C9A2046FBF710FF08
:1098D00018B12EE0FAF740FD58BB29462046FAF7AA
:1098E00059FE00284FF001012046F3DAB9F10109D1
:1098F0002BD02946FFF792FE82460028E2D106F1DE
:109900004C0306F12808224606F110010093404658
:109910002B46FBF71FFD60B929464046FFF77EFE48
:1099200008B1824607E03A4659464046FAF79CFCA1
:1099300008B1A0F54A5A504603B0BDE8F08FDFF8F1
:1099400010A0504603B0BDE8F08FDFF808A0F2E7A2
:1099500080CFFFFF80CDFFFF2DE9F04F87B00028BB
:109960006ED0046894426BD8061D00F13409044699
:109970000F46484631469846FFF750FE20B1044650
:10998000204607B0BDE8F08F03A8FAF72BFA109B2A
:10999000002B00F0908004F11C0A04F17005504681
:1099A0002946FAF7F7FD00283CD104F158050121BA
:1099B0002846FAF761FE002840F0A5804FF00C0B16
:1099C0003046FAF715FC119B0146109A2846FBF722
:1099D0008FFE18B12BE0FAF7BFFC40BB314628469A
:1099E000FAF7D8FD00284FF001012846F3DABBF161
:1099F000010B00F0A880FAF73FFE0028E0DD04F13B
:109A0000640B324629465846FCF70AF978B904F146
:109A10004C0033465246594600905846FBF79AFC94
:109A200000B304E028465146FAF766FA50B1A0F5B3
:109A30004C5403A8FAF7DEF9204607B0BDE8F08FD2
:109A4000424C9DE704F1580501212846FAF734FB02
:109A50000028ECD104F1640B01215846FAF72CFBE5
:109A60000028E4D12A46494603A8FAF751FF002806
:109A7000DDD103A932460846FBF7F8FA0028D6D113
:109A800004F140054C34524633460094284603A95D
:109A9000FBF760FC0028CAD15A4629462846FAF747
:109AA00037FF0028C3D1324629462846FBF7DEFAA5
:109AB0000028BCD113E0494603A8FAF71DFA002894
:109AC000B5D104F14C0104F14005334604F11C0208
:109AD0000091284603A9FBF73DFC0028A7D12846A2
:109AE000FAF786FB024639462846C8F80020FAF7FE
:109AF000BBFB044603A8FAF77DF9002C3FF440AF06
:109B0000A4F54C543CE72A4629462846FAF700FFBC
:109B100000288CD1324629462846FBF7A7FA0028B0
:109B200085D104F1640B5A4659465846FAF7F0FEBF
:109B300000287FF47CAF324659465846FBF796FA28
:109B400000288FD073E7024C73E700BF80CFFFFF80
:109B5000F2CCFFFF10B504467030FAF74BF904F170
:109B60006400FAF747F904F15800FAF743F904F1F1
:109B70004C00FAF73FF904F14000FAF73BF904F121
:109B80003400FAF737F904F12800FAF733F904F151
:109B90001C00FAF72FF904F11000FAF72BF9201D39
:109BA000FAF728F920467C21BDE8104008F0F0B80B
:109BB0002DE9F0418EB006460C4608A8059205F046
:109BC000B7FF059919B1631813F8013C63B3214439
:109BD000302306AA07A80794F9F796F8B0B1A0F5C4
:109BE0004E5508A806F07AF94DB928460EB0BDE8E2
:109BF000F08110F5845F53D008A806F06FF9304665
:109C0000FFF7A8FF28460EB0BDE8F081079C371D7E
:109C1000069B07A83A461C442146F9F799F90546E0
:109C200098B1A5F54E55DCE705AA0193009308A865
:109C3000029223461B4A1C4905F080FF0546002876
:109C4000D7D10999089C0591C1E706F11002214678
:109C500007A8F9F77DF905460028E2D1079B9C4249
:109C600016D00BA8FAF7BEF80BAA214607A8F9F7F9
:109C70006FF980460BA8FAF7BDF8B8F1000F02D0D3
:109C8000A8F54E55ADE7079B9C4201D0074DA8E7CC
:109C90003846FAF7ADFA306008A806F01FF9A4E7D5
:109CA000059994E73C1D0020581D00201ACCFFFFA9
:109CB00010B5A0B004467C22002101A818F0D8FFFE
:109CC0006CB9FB220F4901A8FFF772FF041C18BFF3
:109CD000012401A8FFF73EFF204620B010BD0A482E
:109CE00018F0DAFFFB22074901A8FFF761FF0446DD
:109CF00020B10648012418F0D3FFEAE7044818F021
:109D0000CFFFE6E79CBB0260781D002060150020B5
:109D1000A415002002F09EB92DE9F0418CB0164642
:109D20000546884603A81F4601F074F931462846C7
:109D300001F0AAFD044630B103A801F093F92046D2
:109D40000CB0BDE8F081139B2846129A03A9019339
:109D5000334600923A4602F095F804460028EBD1CB
:109D600003A801F043FC28B9404603A9FAF7C4F858
:109D70000446E1E7004CDFE780B0FFFF4FF49A7242
:109D8000002118F075BF00BF08B310B5044601F0FC
:109D900079F904F1880001F065F904F1AC0001F0F3
:109DA00061F904F1E00001F05DF904F5827001F061
:109DB00059F904F17C00FAF71DF804F1D000FAF724
:109DC00019F804F59470BDE81040FAF713B870471D
:109DD0002DE9F04385B0002837D0856D0446002D6D
:109DE00033D000F1880699460D9B90460F463246C7
:109DF000009300F17C010C9B02F02CF9054618B190
:109E0000284605B0BDE8F0834B46424602A92046ED
:109E100001F014FD20B10546284605B0BDE8F083E9
:109E2000029B3146D4F8DC20204608EB0306C3EB46
:109E3000090403AB0194009601F0BCFC0028EAD1B0
:109E4000029A039B13443B60DAE7014DD8E700BF59
:109E500080B0FFFF70B515460A680C460646AA1A80
:109E600001F0C0FC00B170BD2368224606F1AC01D0
:109E70003046EB1ABDE8704001F082BC70B5144664
:109E800005460E4601F058F948B9012C10D0BCB96E
:109E900006F1880105F1880001F036F900B170BDC6
:109EA00006F17C0105F17C00BDE87040FAF724B8AA
:109EB00006F1880105F1AC00BDE8704001F024B95D
:109EC0000048ECE780B0FFFF2DE9F04182B01E466C
:109ED000DDF824E0089BE8B1876D0446D7B100F1B6
:109EE000880715468846CDF800E000F17C013A4627
:109EF00002F0B0F810B102B0BDE8F081D4F8DC2077
:109F00004346394620460996089502B0BDE8F0411F
:109F100001F050BC0048EEE780B0FFFF30B583B0E1
:109F2000019170B115460C46134600F1AC0101AA2F
:109F300001F026FC18B90199091B8D4201D103B02B
:109F400030BD0148FBE700BF80B0FFFF2DE9F041C5
:109F500082B0DDF820E0DDF824C040B300F1D00885
:109F60001D4617460E46CDF804C000F17C03CDF81F
:109F700000E0414600F1AC020446FFF7CDFE10B10F
:109F800002B0BDE8F0814046FAF732F9A8420ED897
:109F9000A26D3946404612F0070318BF012303EBB8
:109FA000D202326002B0BDE8F041FAF75DB9014873
:109FB000E6E700BF80B0FFFFF8B5C46D05460E466A
:109FC000084607341146E4089C4228BF1C46224636
:109FD000FAF714F90746C0B9E400E96D8C420DD8D0
:109FE0004C3530462946FAF7D5FA00280DDB2A46CB
:109FF00031463046BDE8F840FAF732BC611A3046C7
:10A00000FAF7AAF90028EBD007463846F8BD00BF9A
:10A010002DE9F04F456D97B0DDF88C80002D00F0F4
:10A02000CA800C4605460121184699469346FAF720
:10A0300023FB002845DB05F14C0648463146FAF77C
:10A04000A9FA00283DDA0C230DA8029300F0E2FFE4
:10A0500004A8F9F7C7FE07A8F9F7C4FE0AA8F9F79C
:10A06000C1FECDF88C80B046239E0C2702E0FAF7A3
:10A0700003FB50BB0DAA04A900962846229B01F0C1
:10A08000E9FF42460DA9D0B92046FAF7EFFFB0B973
:10A09000013F01462046EAD1484B0DA8029300F04B
:10A0A000E1FF04A8F9F7A6FE07A8F9F7A3FE0AA89E
:10A0B000F9F7A0FE029B184617B0BDE8F08F0346E3
:10A0C000EBE73F4817B0BDE8F08F219B07A9209A26
:10A0D0002846FFF771FF03460028DED14FF01F0A24
:10A0E000EF6D3346229A0AA80737FF083946FBF777
:10A0F000FFFA0028E3D1E96D0AA8C1EBC701FAF71E
:10A100002BF901210028DAD1BAF1010A0AA850D0AE
:10A11000FAF7B2FA002841460AA8E1DBFAF73AFA60
:10A120000028DDDA4A4621465846FAF7F1FB034695
:10A130000028B2D107A95A460846FAF769FB034638
:10A140000028AAD107A90AAA0846FAF7E1FB0346A4
:10A150000028A2D104A90AAA0846FAF7D9FB0346A7
:10A1600000289AD1424604A95846FBF759FD0346F8
:10A17000002892D107AA59465846FAF7C9FB034668
:10A1800000288AD1424659465846FAF76FFF0346DF
:10A19000002882D1029A013A02923FF47DAF014633
:10A1A00003905846FAF768FA039B00283FF45DAF26
:10A1B00073E7024880E703487EE700BF00B3FFFF74
:10A1C00080B3FFFF80B0FFFF2DE9F047B8B006462F
:10A1D000884691469DF808011F46F46D04F080F909
:10A1E000002841D00734824604A8E408F9F7FAFDB4
:10A1F0001FA803F0C5FE07A922463846FAF734F82F
:10A20000054648B11FA804F013F804A8F9F7F2FDB9
:10A21000284638B0BDE8F087419B04A9409A3046F3
:10A22000FFF7CAFE05460028ECD107AB224604A87A
:10A230001919FAF719F805460028E3D1630007AAAF
:10A2400051461FA803F0F4FE084C419A1FAB4099F9
:10A25000304603933B4601924A46009141460294A0
:10A26000FFF7D6FE0546CDE70148D2E71DE20060C4
:10A2700080B0FFFF2DE9F04399B005461F468846A0
:10A280000FA8914600F0C6FE03A8F9F7ABFD06A89B
:10A29000F9F7A8FD09A8F9F7A5FD0CA8F9F7A2FDA3
:10A2A0006B6D002B00F0878001212098FAF7E4F90C
:10A2B000002807DB05F14C0620983146FAF76AF9C9
:10A2C000002813DB3D4C0FA800F0CCFE03A8F9F7E3
:10A2D00091FD06A8F9F78EFD09A8F9F78BFD0CA8EA
:10A2E000F9F788FD204619B0BDE8F08301212198D7
:10A2F000FAF7C2F90028E5DB31462198FAF74AF966
:10A300000028DFDA3946284601F0BEFA0446002864
:10A31000D9D14B46424603A92846FFF74DFE0446D5
:10A320000028D0D13246219906A8FBF779FC0446D3
:10A330000028C8D106AA03A909A8FAF7E9FA044631
:10A340000028C0D109A932460846FAF78FFE044614
:10A350000028B8D106AA20990CA8FAF7D9FA044621
:10A360000028B0D10CA932460846FAF77FFE044611
:10A370000028A8D10CAA019705F1280328460092CD
:10A380000FA909AA01F0E2FD044600289BD10FA8FD
:10A3900001F02CF9002895D10FA932460846FAF7AA
:10A3A00065FE044600288ED120990FA8FAF7F2F82E
:10A3B000002888D086E7024895E700BF00B2FFFF7B
:10A3C00080B0FFFFF0B5A7B004460F4615461E4605
:10A3D00005A8F9F707FD08A8F9F704FD04F17C03C7
:10A3E00020460297019608AA009505A9FFF7ECFE02
:10A3F000044640B105A8F9F7FDFC08A8F9F7FAFCF6
:10A40000204627B0F0BD0DF1950326AD08AA0BA993
:10A4100045F8883D2846F8F719FF061E21DB05AAF6
:10A420000BA92846F8F712FF002818DB06440BA9F1
:10A4300028463246F8F76EFE071E14DB0BA92846A5
:10A440003022F8F7DDFE031E0FDB3E4404992C9802
:10A450001E44324618F0FCFB2D9B1E60CAE70446E2
:10A46000C8E73446C6E73C46C4E71C46C2E700BF1F
:10A4700070B584B000249DF82450089E00931346C4
:10A480000A462946019603940294FFF79BFF04B005
:10A4900070BD00BFF0B58BB004460E461746109D48
:10A4A00004A802931D44F9F79DFC07A8F9F79AFC4C
:10A4B000294602A8302303AAF8F726FC50B9029ACD
:10A4C000039B13449D4210D104AA294602A8F8F721
:10A4D0003FFD60B1A0F59F4404A8F9F78BFC07A8E5
:10A4E000F9F788FC20460BB0F0BD0E4CF4E702A84B
:10A4F00007AA2946F8F72CFD0028EBD107AB204628
:10A500003A463146019304AB009304F18803FFF708
:10A51000B1FE04460028DFD1029A034B954218BFD2
:10A520001C46D9E71AB0FFFF00B4FFFF70B582B038
:10A5300015461E46044602F06DFE10B1012002B021
:10A5400070BD00962B4604F1880204F17C01204680
:10A5500001F080FD003018BF012002B070BD00BFC7
:10A5600070B505460E4600F0E7FD044638B906F121
:10A570007C0105F17C00F9F7BFFC044620B12846B8
:10A5800000F0B2FD204670BD06F1880105F188009B
:10A5900000F0BAFD04460028F1D1F3E700F050BD09
:10A5A00000F0A2BD38B54B6E0446A3B303680D4658
:10A5B000002B29DB2046F9F7F3FDAB6DB0EB430F21
:10A5C00027D86B6E20469847E8B9043508E0FAF7BB
:10A5D00053F82A46214660B12046FAF719F990B996
:10A5E0002368002120468B42F1DB02E0FAF7C8F82D
:10A5F00048B929462046F9F7CDFF00282A462146CA
:10A600002046F3DA002038BD0021FAF735F800289B
:10A61000D0D0044838BD0A1D0146BDE83840FAF7DD
:10A6200025BD00BF80B0FFFF2DE9F0410E4686B08A
:10A630000746002106F118052846FAF71DF810B95B
:10A6400006B0BDE8F0816846F9F7CCFB03A8F9F73E
:10A65000C9FB68463A1D2946FBF7E2FA044648B1B1
:10A660006846F9F7C7FB03A8F9F7C4FB204606B014
:10A67000BDE8F0816A46694603A8FAF749F904463D
:10A680000028EDD1394603A8FFF78CFF04460028C7
:10A69000E6D1DFF8948003AA31463046D8F800307E
:10A6A0000133C8F80030FAF733F904460028D7D14F
:10A6B00039463046FFF776FF04460028D0D1D8F857
:10A6C00000300C3603AA013331463046C8F800305A
:10A6D000FAF71EF904460028C2D139463046FFF782
:10A6E00061FF04460028BBD1D8F800306A463146E5
:10A6F00030460133C8F80030FAF70AF9044600285A
:10A70000AED139463046FFF74DFF04460028A7D1A9
:10A71000D8F80030012128460B44C8F80030F9F77A
:10A72000CBFC04469CE700BFC8EB002070B584B0AA
:10A73000054601F10C04164601A8F9F753FB291D43
:10A74000224601A8FAF78CF8054668B9014620466A
:10A75000F9F792FF01A900280CBF002206F00102C0
:10A760002046F9F729FC054601A8F9F743FB2846DE
:10A7700004B070BD2DE9F04FBD4C8DB00646884643
:10A7800023686846154601332360F9F72BFB03A8BD
:10A79000F9F728FB06A8F9F725FB09A8F9F722FB2A
:10A7A000B369002B00F0FA802A46294603A8FAF77D
:10A7B000AFF8044678B16846F9F71CFB03A8F9F72F
:10A7C00019FB06A8F9F716FB09A8F9F713FB2046B1
:10A7D0000DB0BDE8F08F314603A8FFF7E3FE044655
:10A7E0000028E8D1DFF88C92032203A96846D9F843
:10A7F00000300133C9F80030FAF7FCF904460028AC
:10A80000D9D1371D04E0F9F7BBFF04460028D2D1A7
:10A8100039466846F9F7BEFE00283A46694668465A
:10A82000F1DA06F1100A00215046F9F725FF002859
:10A8300040F0328105F10C0A06A852465146FAF75B
:10A8400067F804460028B6D1314606A8FFF7AAFEED
:10A8500004460028AFD1D9F80030012106A80B44E6
:10A86000C9F80030F9F726FD044628B1A3E7F9F747
:10A8700087FF044600289ED1394606A8F9F78AFECC
:10A8800006A900283A460846F1DA0A4603A82946EE
:10A89000FAF73EF8044600288DD1314603A8FFF7A9
:10A8A00081FE0446002886D1D9F80030012103A892
:10A8B0000B44C9F80030F9F7FDFC044630B17AE7E3
:10A8C000F9F75EFF044600287FF475AF394603A808
:10A8D000F9F760FE03A900283A460846F0DA06AA0E
:10A8E00009A81146FAF714F8044600287FF463AF6C
:10A8F000314609A8FFF756FE044600287FF45BAFF7
:10A90000D9F80030012109A80B44C9F80030F9F743
:10A91000D1FC044630B14EE7F9F732FF0446002877
:10A920007FF449AF394609A8F9F734FE09A9002890
:10A930003A460846F0DA6A46694606A8F9F7E8FF9B
:10A94000044600287FF437AF314606A8FFF72AFEF9
:10A95000044600287FF42FAFD9F8003006A903AAD7
:10A9600001330846C9F80030F9F77AFF0446002899
:10A970007FF421AF069B002106A88B4280F2E9807C
:10A98000F9F77AFE3A4606A9002800F0E28006A808
:10A99000F9F73EFF04460028ECD00CE705F1180259
:10A9A00003A81146F9F7B4FF044600287FF403AF6B
:10A9B000314603A8FFF7F6FD044600287FF4FBAEFE
:10A9C000DFF8B09003AA294606A8D9F80030013371
:10A9D000C9F80030F9F71CFF044600287FF4EBAEFD
:10A9E000371D05E0F9F7CCFE044600287FF4E3AEFE
:10A9F000394606A8F9F7CEFD06A900283A460846CA
:10AA0000F0DA03AA294609A8F9F72AFF044660B13B
:10AA1000D1E6F9F731FE3A4609A958B109A8F9F784
:10AA2000F7FE044600287FF4C6AE099B002109A862
:10AA30008B42EEDB09AA06A903A8F9F769FF0446D1
:10AA400000287FF4B8AE314603A8FFF7ABFD0446FB
:10AA500000287FF4B0AED9F80030032203A968467D
:10AA60000133C9F80030FAF7C5F8044650B1A2E640
:10AA7000E4E40020C8EB0020F9F782FE0446002839
:10AA80007FF499AE39466846F9F784FD00283A46C6
:10AA900069466846F0DACDE605F1180203A81146CA
:10AAA000F9F736FF044600287FF485AE314603A847
:10AAB000FFF778FD044600287FF47DAED9F800301A
:10AAC00003AA06A8DFF8E0B101331146C9F8003047
:10AAD000F9F71EFF044600287FF46DAE314606A844
:10AAE000FFF760FD044600287FF465AEDBF8003018
:10AAF000524606A903A80133CBF80030F9F708FF46
:10AB0000044600287FF457AE314603A8FFF74AFDFC
:10AB1000044600287FF44FAEDBF8003003AA6946F4
:10AB200068460133CBF80030F9F772FE044630B1C5
:10AB300041E6F9F725FE044600287FF43CAE39468D
:10AB40006846F9F727FD00283A4669466846F0DA74
:10AB500070E606A903AA0846F9F782FE0446002813
:10AB60007FF429AE069B002106A88B420BDAF9F789
:10AB700083FD3A4606A930B106A8F9F749FE044616
:10AB80000028EFD017E603A906AA0846F9F768FEE1
:10AB9000044600287FF40FAE039B002103A88B42DC
:10ABA0000BDAF9F769FD3A4603A930B103A8F9F7C2
:10ABB0002FFE04460028EFD0FDE503A96A460846AB
:10ABC000F9F7A6FE044600287FF4F5AD314603A848
:10ABD000FFF7E8FC044600287FF4EDADD9F800301B
:10ABE00003A909AA01330846C9F80030F9F738FE6D
:10ABF000044600287FF4DFAD039B002103A88B42AD
:10AC00000BDAF9F739FD3A4603A930B103A8F9F791
:10AC1000FFFD04460028EFD0CDE505F118025146AE
:10AC200009A8F9F775FE044600287FF4C4AD314643
:10AC300009A8FFF7B7FC044600287FF4BCADD9F89B
:10AC40000030012109A80B44C9F80030F9F732FBA4
:10AC5000044600287FF4AFAD394609A8F9F79AFCFD
:10AC600009A900283A46084605DBF9F789FD04469C
:10AC70000028F1D09FE506A94046F9F73DF90446C2
:10AC800000287FF498AD03A908F10C00F9F734F916
:10AC9000044600287FF48FAD08F1180009A9F9F7E0
:10ACA0002BF9044687E500BFC8EB00202DE9F04FE3
:10ACB000012A8DB0019140F2138180460C2110468B
:10ACC000144617F0DDFF05460090002800F00E81C5
:10ACD00003A8F9F787F806A8F9F784F809A8F9F79F
:10ACE00081F8019E284631681831F9F705F9834645
:10ACF000002840F0DC8005F10C0A7D4F012556F854
:10AD0000042FAAF10C01504601351832DFF8E0910A
:10AD1000F9F7FEFD41468346002840F0C8805046C2
:10AD20000AF10C0AFFF73EFC8346002840F0BF8082
:10AD30003A68AC4202F101023A60E0D104EB44050A
:10AD4000009B08F1040203A8AD00A5F10C01194411
:10AD5000FAF766FF8346002840F0A980A5F118069F
:10AD6000019A009B671E02EB840A4D461E44002F89
:10AD700000F09680324603A906A8F9F7C9FD83467C
:10AD8000002840F09480414606A8FFF70BFC83465C
:10AD9000002840F08C80D9F8003003A95AF8042C20
:10ADA000013308461832C9F80030F9F7B1FD83467F
:10ADB00000287CD1414603A8FFF7F4FB8346002816
:10ADC00075D12B6801332B6006AA09A81146F9F743
:10ADD0009FFD834600286AD1414609A8FFF7E2FBA0
:10ADE0008346002863D1D9F8003009AA5AF8041C18
:10ADF00001330846C9F80030F9F78AFD8346002878
:10AE000055D141465AF8040CFFF7CCFB8346002885
:10AE10004DD15AF8041C09AA2B680C31013308469D
:10AE20002B60F9F775FD8346002840D15AF8040CD1
:10AE300041460C30FFF7B6FB8346002837D15AF85D
:10AE4000041C06AA2B680C31013308462B60F9F765
:10AE50005FFD834658BB5AF8040C41460C30FFF79F
:10AE6000A1FB834618BB2B68D8F8081001335AF8A9
:10AE7000040C2B60F9F702F88346C0B95AF8040CA9
:10AE8000D8F808100C30F8F7F9FF834678B95AF86B
:10AE9000040D0C3E1830F8F7ADFF47B1013F66E7EF
:10AEA00003A906A8F9F728F8834600288CD003A840
:10AEB000009EF8F79FFF06A8F8F79CFF09A8002559
:10AEC000F8F798FF01353046F8F794FF0C36AC429E
:10AED000F8D1009817F0A8FE58460DB0BDE8F08FE5
:10AEE0000968FFF7A1FB0DB0BDE8F08F0148F4E75A
:10AEF000C8EB002080B2FFFF2DE9F84F0E469946BF
:10AF000082461546C3F3450701F10C084FF0000BCC
:10AF10005FFA8BF4294630460BF1010BE41BB4FABF
:10AF200084F464092246F9F747F805F10C0122463A
:10AF3000243570B94046F9F73FF850B9BBF1020F1C
:10AF4000E6D14FEAD91231465046BDE8F84FFFF737
:10AF5000EDBBBDE8F88F00BF0048704798BC0260A9
:10AF600070B40B4D2B6883B90A4E032204240A499E
:10AF7000304601E014460A7B013300F8014B0C31E6
:10AF8000002AF7D10121F2542960024870BC7047B1
:10AF900084EB002058E7002098BC026004280CD005
:10AFA0000323074A02E0834205D0137B0C32002BB7
:10AFB000F9D118467047104670470148704700BFE6
:10AFC00098BC026018280DD00322074B03E05A8872
:10AFD000824205D01A7B0C33002AF8D11046704704
:10AFE000184670470048704798BC026038B505465F
:10AFF000064C074803E014F80C0F30B1A06829464E
:10B0000017F042FE0028F6D1204638BD98BC0260F9
:10B01000901D002068B110B50446F8F7E3FE04F176
:10B020000C00F8F7DFFE04F11800BDE81040F8F757
:10B03000D9BE704718B17C22002117F019BE7047A5
:10B0400078B17C22002110B5044617F011FE04F1FE
:10B050007C00F8F7C7FE04F18800BDE81040FFF758
:10B06000D9BF704768B110B50446F8F7C3FE04F1C4
:10B070000C00F8F7BFFE04F11800BDE81040F8F727
:10B08000B9BE704770B3036E012B70B5044612D081
:10B090000430F8F7AFFE04F11000F8F7ABFE04F14E
:10B0A0001C00F8F7A7FE04F12800FFF7DBFF04F10E
:10B0B0004C00F8F79FFE606F70B1A36F53B100258D
:10B0C0002E4628440136FFF7CDFFA36F2435606F6D
:10B0D000B342F6D817F0A8FD20467C21BDE87040A9
:10B0E00006F056BE704700BF68B110B50446FFF7C2
:10B0F000C9FF04F17C00F8F77DFE04F18800BDE88B
:10B100001040FFF7AFBF704738B504460D46F8F75B
:10B11000F3FE00B138BD05F10C0104F10C00F8F7A5
:10B12000EBFE0028F6D105F1180104F11800BDE886
:10B130003840F8F7E1BE00BF097802F06BB800BFF5
:10B1400010B501210446F8F7B7FF00B110BD012189
:10B1500004F10C00F8F7B0FF0028F7D1014604F124
:10B160001800BDE81040F8F7A7BF00BF2DE9F04F69
:10B17000DFF874E4164697B08046DEF8002006F14A
:10B1800018040F460021013220461D46CEF800204B
:10B19000F9F772FA002847D02B6A83B105F1180934
:10B1A00000214846F9F768FA002844D02B6A33B1E9
:10B1B00048460121F9F760FA002840F0DB8001A839
:10B1C000F8F710FE04A8F8F70DFE07A8F8F70AFE36
:10B1D0000AA8F8F707FE0DA8F8F704FE10A8F8F77C
:10B1E00001FE13A8F8F7FEFD2246214601A8F9F753
:10B1F0008FFB824630B301A8F8F7FCFD04A8F8F7EE
:10B20000F9FD07A8F8F7F6FD0AA8F8F7F3FD0DA871
:10B21000F8F7F0FD10A8F8F7EDFD13A8F8F7EAFD30
:10B22000504617B0BDE8F08F29463846FFF76CFF4F
:10B2300017B0BDE8F08F31463846FFF765FF17B00D
:10B24000BDE8F08F414601A8FFF7ACF9824600281F
:10B25000D1D1DFF89093224601A904A8D9F8003093
:10B260000133C9F80030F9F753FB82460028C2D1F8
:10B27000414604A8FFF796F982460028BBD1D9F8C9
:10B28000003001A92A4601330846C9F80030F9F711
:10B290003FFB82460028AED1414601A8FFF782F964
:10B2A00082460028A7D1D9F8003004A905F10C0284
:10B2B00001330846C9F80030F9F72AFB8246002816
:10B2C00099D1414604A8FFF76DF98246002892D132
:10B2D000D9F8003001A9324601330846C9F80030D8
:10B2E000F9F7BEFA8246002885D108F104050BE083
:10B2F000F9F7C2F92A4601A958B101A8F9F788FA65
:10B30000824600287FF477AF019B002101A88B4281
:10B31000EEDB04A906F10C0508462A46F9F7A0FA67
:10B32000824600287FF467AF08F1040B0BE0F9F7C1
:10B33000A3F95A4604A958B104A8F9F769FA824654
:10B3400000287FF458AF049B002104A88B42EEDB59
:10B35000002101A8F9F790F9014668B904A8F9F7A6
:10B360008BF9002875D1324639464046FFF702FA7C
:10B37000824640E79A4854E7214601AA13A8F9F704
:10B38000C7FA824600287FF436AF414613A8FFF77C
:10B3900009F9824600287FF42EAFD9F8003001AABF
:10B3A00007A8904C01331146C9F80030F9F7B0FAFC
:10B3B000824600287FF41FAF414607A8FFF7F2F846
:10B3C000824600287FF417AF236801AA07A90AA8BC
:10B3D00001332360F9F79CFA824600287FF40BAF13
:10B3E00041460AA8FFF7DEF8824600287FF403AF43
:10B3F000236807A93246013308462360F9F788FA23
:10B40000824600287FF4F7AE414607A8FFF7CAF846
:10B41000824600287FF4EFAE2368022207A901A824
:10B4200001332360F9F7E6FB824600287FF4E3AEA0
:10B4300008F10404214601A8F9F7ACF801A9002895
:10B44000224608460ADBF9F79BF982460028F1D02C
:10B45000D1E63846FFF774FE8246CCE604AA0DA872
:10B460001146F9F755FA824600287FF4C4AE4146EA
:10B470000DA8FFF797F8824600287FF4BCAED9F8F4
:10B4800000300DA901AA01330846C9F80030F9F7C8
:10B49000E7F9824600287FF4AEAE0D9B00210DA88F
:10B4A0008B420BDAF9F7E8F822460DA930B10DA866
:10B4B000F9F7AEF982460028EFD09CE60DA90AAA5A
:10B4C0000846F9F7CDF9824600287FF494AE0D9B2B
:10B4D00000210DA88B420BDAF9F7CEF822460DA910
:10B4E00030B10DA8F9F794F982460028EFD082E632
:10B4F00007A90DAA0846F9F7B3F9824600287FF498
:10B500007AAE079B002107A88B420BDAF9F7B4F853
:10B51000224607A930B107A8F9F77AF98246002830
:10B52000EFD068E607A904AA0846F9F7F1F98246C0
:10B5300000287FF460AE414607A8FFF733F8824643
:10B5400000287FF458AED9F800300AA92A46254DC4
:10B5500001330846C9F80030F9F7DAF982460028C5
:10B560007FF449AE41460AA8FFF71CF8824600283E
:10B570007FF441AE2B680AAA07A910A801332B60FB
:10B58000F9F76EF9824600287FF435AE109B002152
:10B5900010A88B420BDAF9F76FF8224610A930B1E8
:10B5A00010A8F9F735F982460028EFD023E60DA957
:10B5B0003846F8F7A1FC824600287FF41CAE10A99B
:10B5C00007F10C00F8F798FC824600287FF413AED0
:10B5D00007F1180013A9F8F78FFC82460BE600BFAD
:10B5E00080B0FFFFC8EB0020ACE4002008B50021CC
:10B5F0001830F9F741F8B0FA80F0400908BD00BFF3
:10B6000038B504460D46F8F7C5FF70B905F10C01D1
:10B6100004F10C00F8F7BEFF38B905F1180104F188
:10B620001800F8F7B7FF00B938BD014838BD00BFB2
:10B6300080B0FFFF70B51E4604460D46F9F7ECF9E1
:10B6400000B170BD3246294604F10C00F9F7E4F967
:10B650000028F6D104F118000121BDE87040F8F788
:10B660002BBD00BF012A2DE9F843089FDDF8248097
:10B670002FD80D46814600211E4605F118001446BC
:10B68000F8F7FAFF38B9B8F1000F38D00123387055
:10B690003360BDE8F88309F10400F8F7A9FD81469D
:10B6A000D4B9430001339845336028D30423394685
:10B6B0000246284601F8013BF8F7D6FD50B909F1DA
:10B6C000010105F10C004A463944BDE8F843F8F79A
:10B6D000CBBD0C48BDE8F883431C984533600ED3BE
:10B6E000002105F10C00F8F703FD3946831C4A469A
:10B6F000284601F8013BBDE8F843F8F7B5BD02481C
:10B70000BDE8F88380B0FFFF00B1FFFF83B3F8B559
:10B71000147834B9012B19D10846BDE8F840FFF779
:10B720000FBD154604301C460E46F8F761FD2B7818
:10B730000746042B1ED1430001339C4206D102462A
:10B74000691C3046F8F75AFD10B1F8BD0A48F8BD3B
:10B75000791C3A4606F10C002944F8F74FFD002801
:10B76000F3D106F118000121BDE8F840F8F7A4BCB8
:10B77000014870470148E8E780B0FFFF80B1FFFF54
:10B78000012B12D970B414681646621C32602578F9
:10B7900045B15C1EA54205D854192B46346070BCD7
:10B7A000FFF7B4BF024870BC70470148704700BF44
:10B7B00080B0FFFFF0B583B0099C089E74B1013CD6
:10B7C000771C1D4601940097FFF74CFF20B92B68AA
:10B7D00033702B6801332B6003B0F0BD0048FBE7EA
:10B7E00080B0FFFF022A21D90A68531C0B6013782E
:10B7F000032B1BD130B4941CD51C0C6054780D6005
:10B80000927842EA0424182C0CD01946084B03E025
:10B810005A88A24207D0197B0C330029F8D1054879
:10B8200030BC7047042130BC01F0F4BC02487047C2
:10B8300098BC026080B1FFFF80B0FFFF30B4057894
:10B84000042D0CD003200E4C02E0854208D0207B52
:10B850000C340028F9D1A0F59F4030BC7047084C4B
:10B860000320022B086008D91070002063881B0A8F
:10B8700053706388937030BC70470248FBE700BF89
:10B8800098BC026000B1FFFF2DE9F0410C4686B084
:10B890000646012104F11800F8F7EEFEB8BB336B41
:10B8A000CBB3F36BBBB3014605462046F8F7E4FE85
:10B8B00000282CDB04F10C0729463846F8F7DCFE9B
:10B8C000002824DB06F1040820464146F8F762FE12
:10B8D00000281CDA41463846F8F75CFE002816DAE4
:10B8E0006846F8F77FFA03A8F8F77CFA3A46394633
:10B8F0006846F9F70DF8054688B16846F8F77AFA10
:10B9000003A8F8F777FA284606B0BDE8F081474863
:10B9100006B0BDE8F081464806B0BDE8F08131468A
:10B920006846FEF73FFE05460028E6D1414F224615
:10B93000214603A83B6801333B60F8F7E9FF054661
:10B940000028DAD1314603A8FEF72CFE0546002870
:10B95000D3D13B68B26901333B60002A47D003A9C9
:10B9600006F110020846F8F753FF05460028C4D137
:10B9700004E0F8F705FF05460028BED1414603A8BC
:10B98000F8F708FE03A9002842460846F1DA03A9A1
:10B9900022460846F8F7BCFF05460028ADD13146DF
:10B9A00003A8FEF7FFFD05460028A6D13B6803A9C2
:10B9B00006F11C02013308463B60F8F729FF0546F3
:10B9C00000289AD102E0F8F7DBFE68BB414603A8E5
:10B9D000F8F7E0FD03A9002842460846F3DA684676
:10B9E000124DF8F7D7FD002808BF002585E703A909
:10B9F00003220846F8F774FF054600287FF47DAF60
:10BA00000CE0F8F739FE424603A90028BFD003A88E
:10BA1000F8F7FEFE054600287FF46FAF039B002178
:10BA200003A88B42EDDBB2E7054666E780B3FFFF74
:10BA300080B0FFFFC8EB00202DE9F04F8846CBB067
:10BA400019461E4691460546FFF71EFF044600288C
:10BA500040F09580286B00284ED0E86B00284BD032
:10BA600004A805F14C0AF8F7BDF907A8F8F7BAF9E8
:10BA700021465046F8F73CFB012840F08480EF6DEA
:10BA800024210220013717F0FBF8834601907F083C
:10BA900000287AD03146FFF737FB044600287CD1D6
:10BAA0000BF1240659463046FFF72EFB044678B9C1
:10BAB000002F76D0834601E05F4572D03246314692
:10BAC00028460BF1010BFEF755FE0028F4D0044682
:10BAD000019D2846FFF7C6FA3046FFF7C3FA28460D
:10BAE00017F0A2F804A8F8F785F907A8F8F782F983
:10BAF0004046FFF7B7FA20464BB0BDE8F08FFEF79F
:10BB000039FE019A10A9002840F02A811BF807305D
:10BB10002846FFF7F1F910AB42464146002840F0B5
:10BB20001F812846FFF722FB002840F01981013FC2
:10BB30004246414628467B1CE1D110A8FFF792FA05
:10BB4000029A41462846FEF7F1FD04460028BFD17F
:10BB500041462846FEF768FD019D04462846FFF74A
:10BB600081FA3046FFF77EFA284617F05DF804A800
:10BB7000F8F740F907A8F8F73DF9002CB8D12046AE
:10BB80004BB0BDE8F08FAC48B6E704A8AB4CF8F773
:10BB900031F907A8F8F72EF9AAE7019B03F124066B
:10BBA00096E70DF5947B012228464BF8C46D594663
:10BBB000FFF77CF8044600288AD13346019A3146C3
:10BBC0002846FFF7D3FA0446002881D101225946BE
:10BBD00028461996FFF76AF8044600287FF478AFE4
:10BBE00001464846F8F784FA4946029004A8F8F757
:10BBF00083F9044600287FF46BAF4A46514607A8F4
:10BC0000F8F72EFE044600287FF462AF029B07A9D6
:10BC100004A813F1FF3318BF01231A460293F8F763
:10BC2000CBF9044600287FF453AF01467A1C5846EE
:10BC300017F01EF8002F3BD00395DA465D4695F8C5
:10BC40000090214604A8F8F753FA40EA0909391987
:10BC500001344FFA89F904A8F8F74AFAA74249EAE9
:10BC6000400005F8010BEAD1039D00234FF0010EBF
:10BC70009AF801100EF1010E9AF800C081EA030251
:10BC80000B40774502F0010154B281F001001CFB2A
:10BC900000F14CEAC0104AB204EA020182EA04024E
:10BCA00043EA01038AF801200AF8010BDBB2DFD274
:10BCB00010A8FFF7AFF94AAB019A41463B4428462A
:10BCC00013F8C43CFFF718F9044618B110A8FFF7A1
:10BCD000C9F9FDE608F1180901214846F8F7ECF921
:10BCE00004460028F2D1549B002B3FF420AFAB6DEB
:10BCF0002A1D0AA84FF00C0A07330392DB081C46E2
:10BD0000F8F770F80DA8F8F76DF8559B2146549A8E
:10BD10000AA8F9F7EDFC18B120E0F8F71DFBE8B927
:10BD200003990AA8F8F736FC00284FF001010AA889
:10BD3000F3DABAF1010A7CD0F8F79EFC0028E4DDC2
:10BD40000AAA49464846F8F7E3FD044650B10AA856
:10BD5000F8F750F80DA8F8F74DF8B7E70446F6E7FE
:10BD60000446B3E748462946FEF71CFC0446002873
:10BD7000EDD1DFF8D0900AAA0DA8D9F8003011460D
:10BD80000133C9F80030F8F7C3FD04460028DED1BE
:10BD900029460DA8FEF706FC04460028D7D1D9F89D
:10BDA00000300DAA414640460133C9F80030F8F78B
:10BDB000AFFD04460028CAD129464046FEF7F2FBF3
:10BDC00004460028C3D1D9F800300DA90AAA0133CE
:10BDD0000846C9F80030F8F79BFD04460028B6D1A4
:10BDE00029460DA8FEF7DEFB04460028AFD1D9F89E
:10BDF000003008F10C0A0DAA013351465046C9F82B
:10BE00000030F8F785FD04460028A0D150462946A9
:10BE1000FEF7C8FB0446002899D1D9F800300AA8DB
:10BE20000133C9F80030F7F7E5FF0DA8F7F7E2FF97
:10BE30007DE6034C4AE700BF80B0FFFF80B2FFFF02
:10BE400000B3FFFFC8EB002038B5036B93B1C36BA1
:10BE500083B10D46044601212846F8F70DFC002861
:10BE60000ADB04F14C012846F8F794FB002803DABA
:10BE7000002038BD014838BD014838BD80B0FFFF03
:10BE800080B3FFFF2DE9F04705460F4603F1180088
:10BE900001211C461646DDF82080DDF82490F8F7D5
:10BEA000EBFB88B931462846FFF7CEFF08B1BDE865
:10BEB000F087CDF824902346CDF8208032463946CD
:10BEC0002846BDE8F047B7E50048F0E780B0FFFF3F
:10BED000F0B5074683B00D461046012114461E46B4
:10BEE000F8F7CAFB58B34FF0FF312046F8F7C4FB10
:10BEF00078B14FF0000E2246334629463846CDF839
:10BF000004E0CDF800E0FFF7BDFF0446204603B093
:10BF1000F0BD31462846FFF7F7F804460028F5D172
:10BF20000C3501462846F8F7A7FB0028EED0391D4E
:10BF30002A46284603B0BDE8F040F8F791BC3146E8
:10BF4000284603B0BDE8F040FFF7DEB8F0B5046B5B
:10BF50008BB0B4B1C46BA4B115461E46044601A80B
:10BF60000F46FFF757F82A46334601A92046FFF748
:10BF7000AFFF054640B101A8FFF774F828460BB0A3
:10BF8000F0BD0D480BB0F0BD119B3946109A20460C
:10BF9000FFF79EFF05460028EDD13B4601AA394632
:10BFA0002046FFF7E3F805460028E4D1394620464D
:10BFB000FEF73AFB0546DEE780B1FFFF2DE9F04FC3
:10BFC000056B83B0DDF83080DDF83490B5B3C46B19
:10BFD000A4B3C76D144606461F25073700F14C0B66
:10BFE0000193FF0800914FEAC70A4B464246394683
:10BFF0002046F9F77DFB10BBF16D2046C1EB0A012D
:10C00000F8F7AAF90121D0B9013D20461AD0F8F776
:10C0100033FB002859462046E7DBF8F7BBFA002837
:10C02000E3DA009B224601993046CDF83490CDF8F2
:10C03000308003B0BDE8F04FFFF724BF034803B0E2
:10C04000BDE8F08F024803B0BDE8F08F80B0FFFF7D
:10C0500000B3FFFF10B582B0049C009313460A465C
:10C0600000F128010194FFF7A9FF02B010BD00BF45
:10C0700070B50C4682B00146154620461E4601F0BA
:10C08000C9F850B9019604F18803009504F17C02C7
:10C0900004F128012046FFF791FF02B070BD00BFF8
:10C0A0000378002B44D00A789A4241D12DE9F0431D
:10C0B00001F18807ABB00C46054639468830F8F7E1
:10C0C00069FA00283DD104F1940805F19400414635
:10C0D000F8F760FA002834D104F1A00905F1A000B6
:10C0E0004946F8F757FA054658BB264602A8FEF718
:10C0F00091FF7C2229460BA816F0BAFD16F8281BE2
:10C100000BA801F087F804F17C02334601950095F5
:10C1100002A90BA8FFF7B6FE044658B102A8FEF725
:10C12000A1FF0BA8FEF7AEFF20462BB0BDE8F083C1
:10C130000C487047394602A8F8F72CFA28B1094C88
:10C14000ECE708482BB0BDE8F083414605A8F8F7B6
:10C1500021FA0028F3D1494608A8F8F71BFA00286D
:10C16000DCD0ECE780B0FFFF2DE9F04FA24EC1B06C
:10C17000054609AC0FCE0FC496E803007C2284E884
:10C180000300002121A816F073FD0FA8FEF742FF5F
:10C1900018A8FEF73FFF06A8F7F724FE21A8012103
:10C1A00001F038F80446D0B9002D44D1022106A888
:10C1B000F7F782FF0446002800F00F8121A8FEF760
:10C1C00061FF0FA8FEF74EFF18A8FEF74BFF06A869
:10C1D000F7F710FE204641B0BDE8F08F0446002C72
:10C1E00017DAB5B12146854816F056FD21A8FEF7AD
:10C1F00049FF0FA8FEF736FF18A8FEF733FF06A881
:10C20000F7F7F8FD0A2016F01FFD204641B0BDE803
:10C21000F08F21A8FEF736FF0FA8FEF723FF18A81E
:10C22000FEF720FF06A8F7F7E5FD002DEAD120462E
:10C2300041B0BDE8F08F724816F02EFD022106A82D
:10C24000F7F73AFF04460028C9D12BAE01900090C1
:10C2500006AA334618A921A8FFF714FE04460028B1
:10C26000BDD10023DFF8A491DFF8A4811021654F30
:10C2700006A8654AC9F80030C8F800303B60F8F7F6
:10C28000CBFB04460028AAD101903346009006AAB1
:10C290000FA921A8FFF7F6FD044600289FD109AB9E
:10C2A000D9F800204FF0010A05939B4603923B68A2
:10C2B000D8F800200493029200235BF8042F102189
:10C2C00006A8C9F80030C8F800303B60F8F7A4FBB6
:10C2D0003346044606AA0FA9002880D1019021A860
:10C2E0000094FFF7CFFD044600287FF478AF474B5A
:10C2F000039A1B68934240F0B180454B029A1B6839
:10C30000934240F0AB803F4B049A1B68934240F04D
:10C31000A5800AF1010ABAF1060FCDD1002D7BD11B
:10C320003A4B1021384A06A81D60394B1D60354B29
:10C330001D60F8F771FB044600287FF43FAF0195BC
:10C3400018AB009506AA0FA921A8FFF79BFD04468C
:10C3500000287FF433AFD9F800300126DFF8ACA015
:10C360000393D8F80030DFF8A8B00293059C3B682F
:10C370000493002354F8042F102106A8C9F80030B4
:10C38000C8F800303B60F8F747FB00287FF426AF81
:10C39000019018AB009006AA0FA921A8FFF772FD23
:10C3A00000287FF41BAFDAF80030039A93425ED185
:10C3B000DBF80030029A9A4259D1124B049A1B685A
:10C3C000934254D10136062ED3D10446002D3FF4BA
:10C3D000F5AE104816F064FC08E72BAE0190009013
:10C3E00006AA334618A921A8FFF74CFD04460028E9
:10C3F0007FF4E4AE35E700BFB8030020FC1800204E
:10C400009C1D0020C8EB0020D01D0020ACE40020C3
:10C41000E4E4002010150020194816F041FC1948EA
:10C4200016F03AFC184B194A10211C6006A8184B4C
:10C430001C60184B1C60F8F7EFFA044600287FF4E4
:10C44000CEAE019018AB009006AA0FA921A8FFF765
:10C4500019FD044600287FF4C2AE7CE70DB9012423
:10C46000ACE651460C4816F017FC0124BEE6002D40
:10C47000F5D03146084816F00FFC0124B6E600BF9F
:10C4800010150020141E0020ACE40020D01D002058
:10C49000E4E40020C8EB0020041E00202DE9F8434E
:10C4A0000C210446F7F7BAFC002840F0C780A268C8
:10C4B0000746646802F1180C02F1200102EB8404C3
:10C4C000664656F8185C043656F8043C7D191D443F
:10C4D0002CBF0127002746F81C5CAB4288BF013700
:10C4E0008E42EED102F1280502F1300E0023A8465B
:10C4F00058F8286C08F1040858F8049C9B194B4420
:10C500002CBF0126002648F82C3C994594BF3346A1
:10C51000731CF045ECD13B4497684FF00008D66897
:10C52000DB1997692CBF4FF00109C1463B4419EB59
:10C53000060693602CBF4FF00109C146BB42D76984
:10C540002CBF002301231E449E422CBF4B4609F101
:10C5500001033E44BE4238BF0133D66051F8186C27
:10C56000043151F8047C18EB06063E442CBF4FF012
:10C5700001084FF0000841F81C6CB74288BF08F171
:10C5800001088D42EAD19844A946002159F8207C3F
:10C5900009F1040959F8043CC91919442CBF0126B2
:10C5A000002649F8241C8B4294BF3146711CF1458A
:10C5B000ECD116694144536902F110078919D2F888
:10C5C00020804FF0000E2CBF012600264144F318B6
:10C5D00011612CBF4FF001094FF000098845D2F8D6
:10C5E000248094BF0026012633449E4294BF4946CE
:10C5F00009F101014344434538BF013153613E68AD
:10C6000076443E602B68334447F8043B55F8048B6E
:10C6100043452CBF0023012376452CBF9E4603F1E2
:10C62000010E6745EBD102F11C0371449C429161FC
:10C6300004D9002243F8042B9C42FBD8BDE8F883C0
:10C640002DE9F04F93B0064601250D2405AB01906E
:10C6500034220021184604930295039416F008FB37
:10C6600030461821F7F7DAFB0090002840F02A82C4
:10C67000B3681C68D3F830A05D6D54441E6DD86D4E
:10C68000A24505EB04015A6894BF002401248D42A1
:10C6900088BF013471182CBF4FF0010E4FF0000E0F
:10C6A0000F1A74441F60884294BF2146611E4C1CBF
:10C6B00000F00C8252182CBF4FF0010E4FF0000E0C
:10C6C0004FFA8EFE596B9C6D0A449F68914288BF59
:10C6D0000EF1010E2244944288BF0EF1010E024475
:10C6E000904288BF0EF1010ECAEB020C924594BF36
:10C6F0007246AEF10102C6EB0C0E664588BF013AE8
:10C70000C3F804E052B2002AC0F25382BA182CBF18
:10C710004FF0010C4FF0000C4FFA8CFCD3F838901E
:10C72000DF684A44914588BF0CF1010C02449042F5
:10C7300088BF0CF1010CC1EB020E914294BF62461E
:10C74000ACF10102C5EB0E0C754588BF013AC3F888
:10C7500008C052B2002AC0F22282BA182CBF4FF091
:10C76000010E4FF0000E4FFA8EFED3F83CC01F6949
:10C770006244944588BF0EF1010E5244924588BF31
:10C780000EF1010E3244964288BF0EF1010E2A448A
:10C79000954288BF0EF1010EC9EB0208914594BF86
:10C7A0007246AEF10102C4EB080E444588BF013A5F
:10C7B000C0EB0E08704588BF013AC3F80C8052B236
:10C7C000002AC0F2E381BA182CBF012700277FB2EC
:10C7D0002A44D3F840E0D3F81480954288BF01374B
:10C7E0002A44954288BF01377244964588BF013775
:10C7F0000A44914288BF01375244924594BFBA46D9
:10C8000007F1010A3244964288BF0AF1010A224424
:10C81000944288BF0AF1010ACCEB020B944594BF05
:10C820005246AAF10102C0EB0B07584588BF013AF6
:10C83000C0EB070AB84288BF013AC3F810A052B251
:10C84000002AC0F2998118EB02022CBF4FF0010AB6
:10C850004FF0000A4FFA8AFA22445F6CD3F818802E
:10C86000944288BF0AF1010A2244944288BF0AF127
:10C87000010A3A44974288BF0AF1010A4A449145A5
:10C8800088BF0AF1010A0A44914288BF0AF1010AED
:10C890002A44954294BF51460AF1010182182CBFE7
:10C8A0004FF0010B4FF0000BCEEB020A5944C3F8D6
:10C8B00014A0964594BF0A464A1E52B2002AC0F2FE
:10C8C000538118EB02022CBF0121002149B202441E
:10C8D000D3F84880D3F81CA0904288BF01310244AD
:10C8E000904288BF01314244904588BF0131624483
:10C8F000944588BF01314A44914588BF0131A2184F
:10C900002CBF4FF0010B4FF0000BC7EB020959444D
:10C91000C3F81890974294BF0A464A1E52B2002AA2
:10C92000C0F218811AEB02022CBF4FF0010A4FF03F
:10C93000000A4FFA8AFAD96CD3F820900A4491423F
:10C9400088BF0AF1010A7244964588BF0AF1010ABC
:10C950006244944594BFD4460AF1010C82182CBF5E
:10C960004FF0010B4FF0000BC8EB020ADC44C3F898
:10C970001CA0904588BFACF1010C4FFA8CFCBCF1B7
:10C98000000FC0F2DD8019EB0C0C2CBF4FF0010939
:10C990004FF000094FFA89F9B4445A6A664588BFD6
:10C9A00009F10109BC44674588BF09F101091EEB83
:10C9B0000C0E2CBF4FF0010A4FF0000AC1EB0E0C19
:10C9C000D144C3F820C0714594BFCE46A9F1010EF1
:10C9D0004FFA8EFEBEF1000FC0F2A78012EB0E0CD4
:10C9E0002CBF012200224FFA82FEAC449A6A6545B0
:10C9F00088BF0EF1010EC444E04588BF0EF1010E60
:10CA000017EB0C072CBF4FF001094FF00009C6EBE4
:10CA1000070CCE44C3F824C0BE4294BF7746AEF1A3
:10CA200001077FB2002F76DB12EB070E2CBF01222D
:10CA3000002252B2A644DF6A744588BF01328E4498
:10CA4000714588BF013218EB0E082CBF4FF0010C66
:10CA50004FF0000CC5EB080E6244C3F828E04545D2
:10CA600094BF1546551E6DB2002D4BDB7A192CBFB5
:10CA7000012700277FB20244019D904294BF3846AF
:10CA8000781C32446D68964294BF0646461C89184D
:10CA90002CBF012200220F1B1644DF628C4294BF80
:10CAA0003446741E0D2D64B224EAE4721A6307D969
:10CAB00003EB85050022343343F8042B9D42FBD160
:10CAC000002C0BDB009813B0BDE8F08FB2FA82FEA9
:10CAD000013A4FEA5E1ECEF1000EF3E5039A6FF0C5
:10CAE0004043019E64421344049D324602A93046ED
:10CAF00045F82340F7F744FE0028E3D14FF0FF3319
:10CB00003360DFE7C5F1000EEA1977454FF0FF37D4
:10CB100028BF0027AFE7C7F1000C07EB020E624504
:10CB20004FF0FF3228BF002284E7CEF100090EEB60
:10CB3000020C4FF0FF3E4A4528BF4FF0000E54E76D
:10CB4000CCF1000ACC44D1454FF0FF3928BF4FF05B
:10CB5000000921E7C2F100095244CA454FF0FF3AEB
:10CB600028BF4FF0000AE6E65142424488454FF0A4
:10CB7000FF3128BF0021AAE6C2F1000A4244D04595
:10CB80004FF0FF3A28BF4FF0000A65E6C2F10008F7
:10CB90003A4447454FF0FF3728BF002718E6C2F157
:10CBA000000E3A4477454FF0FF3E28BF4FF0000E8D
:10CBB000DBE5C2F1000C3A4467454FF0FF3C28BF6B
:10CBC0004FF0000CAAE500BF2DE9F04F8FB00646EC
:10CBD0000125082406AB2022002103951846059361
:10CBE000049416F045F830460E21F7F717F907467A
:10CBF000002840F0C080B3681968D3F81C90DA6A46
:10CC00004945C9EB010458682CBF00210121A2420B
:10CC100088BF0131A41A49421C6049B2002940F082
:10CC2000AE803C46D3F82080196B804588BF013C1C
:10CC3000C8EB00009D68814288BF013C401A64B285
:10CC40005860002C40F0D9802046D3F824C05C6B9B
:10CC5000AC4588BF0138CCEB0505D3F80CA0AC423D
:10CC600088BF01382D1B40B29D60002840F0BD8078
:10CC70000190D3F828E0D3F810B0D645CEEB0905E3
:10CC800098BF0020554488BF0120A94594BF404269
:10CC9000C0F1010012EB0509019DC3F80C9045EBB2
:10CCA000000040B20028C0F297801BEB00002CBFB0
:10CCB0004FF0010B4FF0000B4FFA8BFB8242C2EB9F
:10CCC00008095D6994BF002201224844804594BF51
:10CCD000C2F10008C2F1010808184BEB08081861FE
:10CCE0004FFA88F8B8F1000F6DDB15EB08082CBF80
:10CCF000012500256DB2C1EB0C0041459A6994BF36
:10CD0000002101218044C44594BFC1F1000CC1F150
:10CD1000010C14EB080045EB0C0C58614FFA8CFC2D
:10CD2000BCF1000F46DB12EB0C0C2CBF01200020E5
:10CD300040B2C4EB0E0264457168624494BF0024A3
:10CD400001249A61964594BFC4F1000EC4F1010E0E
:10CD5000082986444FFA8EFE2EEAEE72DA6107D970
:10CD600003EB81022033002143F8041B9342FBD1E3
:10CD7000BEF1000F0ADB38460FB0BDE8F08F4C4221
:10CD8000A04234BFFF24002408444BE7049A6FF00C
:10CD90004044CEF10003059D144403A932463046B9
:10CDA00045F82430F7F7ECFC0028E4D14FF0FF33CE
:10CDB0003360E0E7CCF10000944482424FF0FF3052
:10CDC00028BF0020B5E7C8F10002A84495424FF003
:10CDD000FF3528BF00258EE745425844AB454FF04C
:10CDE000FF3B28BF4FF0000B68E74542AA4534BF20
:10CDF000FF250025824401953BE76042854234BF10
:10CE0000FF200020254420E72DE9F04F8FB0054694
:10CE10000126092405AB242200210296184604931A
:10CE2000039415F025FF28461021F6F7F7FF01902F
:10CE3000002840F09881AB681A68D3F82090D3F8A6
:10CE400024804A44D3F82CE01F6B914508EB020C78
:10CE5000586B94BF00240124CEEB0C029E6BE0457E
:10CE600088BF0134D11BE64588BF013C974294BF7F
:10CE70002246621E0C1A884288BF013AC6EB040C97
:10CE8000A64294BF1146511EC3F800C05A6800293B
:10CE9000C0F26D8151182CBF0122002252B24144D0
:10CEA000D3F828C0DC6B884588BF01326144D3F8D1
:10CEB00008A08C4588BF0132C7EB010B8F4294BF9D
:10CEC0001146511EC0EB0B02584588BF0139C6EB15
:10CED000020B964294BF0A464A1EC4EB0B015C4506
:10CEE00094BF9346A2F1010B59604FFA8BFBBBF143
:10CEF000000FC0F286811AEB0B0B2CBF0121002121
:10CF000049B2E344D3F80CA0DC4588BF0131F344B7
:10CF1000DE4588BF0131C0EB0B02584588BF01399F
:10CF2000C6EB020B964294BF0A464A1EC4EB0B01A5
:10CF30005C4594BF9346A2F1010B99604FFA8BFBBD
:10CF4000BBF1000FC0F254811AEB0B0B2CBF012177
:10CF5000002149B2F344D3F810A0DE4588BF013167
:10CF6000F344DE4588BF0131BB445F4588BF0131D2
:10CF7000BB445F4588BF01318344584588BF0131B8
:10CF8000C4EB0B025C4588BF0139C9EB020B91452C
:10CF900094BF0A464A1EC8EB0B01D84588BF013A28
:10CFA000D96052B2002AC0F219811AEB02022CBFDA
:10CFB0004FF0010B4FF0000B4FFA8BFB3A445969CD
:10CFC000974288BF0BF1010B3A44974288BF0BF19F
:10CFD000010B0244904288BF0BF1010B02449042C6
:10CFE00088BF0BF1010B3244964288BF0BF1010B55
:10CFF000C8EB020A904594BF5A46ABF10102CCEB54
:10D000000A0BD44588BF013AC3F810B052B2002AC7
:10D01000C0F2DB808A182CBF0121002149B20244F2
:10D02000D3F818A0904288BF01310244904288BFD3
:10D0300001313244964288BF01313244964288BF62
:10D0400001312244944288BF0131CCEB020B94455C
:10D0500094BF0A464A1ECEEB0B01DE4588BF013A5B
:10D06000596152B2002AC0F2A7801AEB02022CBF0B
:10D070004FF0010A4FF0000A4FFA8AFA3244D96998
:10D08000964288BF0AF1010A3244964288BF0AF1EB
:10D09000010A2244944288BF0AF1010A22449442C0
:10D0A00088BF0AF1010A3244964294BF56460AF1FB
:10D0B00001060244904288BF0136C9EB020A91453D
:10D0C00088BF013EC8EB0A02D04594BFB046A6F126
:10D0D00001089A614FFA88F8B8F1000F62DB11EB92
:10D0E00008022CBF0121002149B222446E689442FB
:10D0F00088BF01312244944288BF013122449442C6
:10D1000094BF0C464C1C4A44914594BFA14604F17F
:10D110000109CCEB0201944594BFCC46A9F1010C66
:10D12000CEEB01048E4594BFE646ACF1010EE11B47
:10D13000A74294BF7746AEF101070A1A884294BF0E
:10D140003846781EDA61092E40B220EAE0721A628F
:10D1500007D903EB86060022243343F8042B9E42B2
:10D16000FBD100280BDB01980FB0BDE8F08F4C42DB
:10D170001144A2424FF0FF3228BF00228FE6039AEB
:10D180006FF040444342049E144402A92A462846B4
:10D1900046F82430F7F7F4FA0028E4D14FF0FF33D3
:10D1A0002B60E0E7C8F1000608EB0102B1424FF046
:10D1B000FF3128BF002198E7514252448A454FF081
:10D1C000FF3A28BF4FF0000A58E7C2F1000B0A44AB
:10D1D00059454FF0FF3128BF002120E7C2F1000B75
:10D1E0005244DA454FF0FF3B28BF4FF0000BE5E615
:10D1F000CBF10001D3448A454FF0FF3128BF002115
:10D20000A8E6CBF10001D3448A454FF0FF3128BF97
:10D21000002176E6F8B50D460446FDF733FF6B1E98
:10D220002570032B65D8DFE803F0573A2D02334B06
:10D230000125334E0C2203F1300103F1600003F1AC
:10D240009007E360C03361626065201D2D4927634C
:10D25000E36366666560E561E564A5626563256410
:10D260006564A26022622265E262A263A164F6F7AD
:10D2700097FFA06504F14C00F6F792FF2566E06584
:10D280000020F8BD204B0125204E082203F120018B
:10D2900003F1400003F16007E3608033D3E71C4BE8
:10D2A00001251C4F082603F1200203F13C0103F184
:10D2B0005800E36074336262616507222063201DB9
:10D2C0001049E36367666560E561E564A5626563CF
:10D2D00025646564A660C5E70F4B01250F4E062245
:10D2E00003F1180103F1300003F14807E3606033F4
:10D2F000A9E72046FDF7C6FE0948F8BD7CBE0260DE
:10D3000041C6006064620020DCBD026009CE00609E
:10D310004CBD0260C9CB0060D4BC02609DC40060FB
:10D3200080B1FFFF2DE9F04F8E460F2191B01EF81E
:10D330000FCF0F920CEA01044FEA1C1C00EBC4044F
:10D34000CDE900ABD4E93023D4E9104525E01EF83F
:10D3500001CD0E9A534B0CF00F04CDF828804FEA04
:10D360001C1C53F8323000EBC4041B04DDE90467D5
:10D370000B93D4E93023D4E9104556405F40324640
:10D380003B4656465F4666406F4034463D46DDE9C3
:10D390000A6756405F4032463B4626094FF0000878
:10D3A00017090139009604F00F06069700EBCC0C24
:10D3B000009F2C09CDF830804FEA027947EA0577C3
:10D3C0000194CDF820800097364F57F83660069FBD
:10D3D00047EA03771B09069707933304DDE90645FF
:10D3E000DCE930670D9374407D4026462F46DDE929
:10D3F0000CABDDE900238AEA060A8BEA070B42EA56
:10D40000080243EA090356465F46DCE910456240DC
:10D410004C1C4FEA161483EA05034FEA0675049480
:10D420004FEA12140995029402F00F04029D0E9423
:10D4300045EA03750295049D45EA0B7504954FEA8C
:10D44000131503954FEA1715DDE908AB0595DDE9DE
:10D4500002454AEA040A4BEA050B7FF478AF0F9CB9
:10D46000390E3D0CE7704FEA172E21702746300E1B
:10D47000E671310CE372E273360A65701D0E84F8B2
:10D4800002E01C0C3871180A7971130C110EBE7170
:10D49000120A3D727C72B87239737B73BA7311B021
:10D4A000BDE8F08F70BF02604FF4C472002115F028
:10D4B000DFBB00BF2DE9F04F04468BB09346084612
:10D4C000012219461D46FAF767FB002800F09C80F0
:10D4D000D0F814A08046BAF1100F40F09580204695
:10D4E000FAF772FB41462046FAF77EFB10B10BB00B
:10D4F000BDE8F08F2A46594601232046FAF7A0FBE3
:10D5000005460028F3D105A906AB524620460091F6
:10D51000194605950695079508950995FAF744FC6F
:10D52000864600286CD1089B4FF0000A099D4FF0F9
:10D53000040E93FA83FB079B95FA85FC069A1DBAA5
:10D540005B4611BA4FF0000B40EA0C0228434FF043
:10D55000030C04F58075C4E92023C5E90001C4E982
:10D5600030ABC4E910AB02F0010AC7075B084FEA11
:10D57000320249084FEA30004FEA4A1B002604EB0A
:10D58000CE053B43CBEB0A0A32437040BCF1010CA1
:10D590004FEA0A694FEA6E0E81EA0901C5E91023D4
:10D5A000C5E93001DFD1022704F1C00304F1400CCA
:10D5B0004FF0030E3D460293EA00029E60460123AF
:10D5C0000CEB020132442F46D1E90089D2E900ABCD
:10D5D000F6E90245013384EA0A0485EA0B05BB42F9
:10D5E000E2E90245F0E9024584EA080485EA090512
:10D5F000E1E90245ECD1BEF1010E4FEA4305DBD172
:10D6000070460BB0BDE8F08F6FF013000BB0BDE8B3
:10D61000F08F00BF2DE9F04F00268DB00796DDF8A2
:10D6200058A0DDF85C80002B00F0B68005461C4653
:10D6300000F5B87B00F5B0730F469146002100F568
:10D64000A0720020C5F860610C2C5E609E60DE60F8
:10D65000C5F87061CBF80460CBF80860CBF80C60BB
:10D66000C5F88071C2E900012A46E2E9520103923D
:10D6700000F08480E20005F25F11CDF814B09B4603
:10D68000100E0F460491110C8DF82F20120ACDF8C0
:10D690005C80A846089609968DF82C008DF82D1010
:10D6A0008DF82E200A96102C26463D4609F1FF30B3
:10D6B00028BF1026394606F25F1EC64411F8012F16
:10D6C00010F8013F714583EA02030B70F6D15A4608
:10D6D00059464046B144FFF725FEA41BE3D12F462F
:10D6E0005B464546DDF814B0DDF85C8008AE049971
:10D6F000204601E016F8014F11F8012F0130624079
:10D70000102807F8012FF5D11A4619462846049328
:10D71000FFF708FE049B07A81946102205F5A87319
:10D7200000902846FAF740FB28BB039BC5F84881C8
:10D730005860B8F1000F1DD005F26F14464623461D
:10D740000AF1FF31102E28BF102606F26F172F4462
:10D7500013F8010F11F8012F9F4282EA00021A709C
:10D76000F6D15A4659462846B244FFF7DBFDB8EBDE
:10D770000608E3D100200DB0BDE8F08FD9F80040D5
:10D780000122D9F80400D9F80810C5F860415860A2
:10D79000996085F86F21BEE76FF01300EBE700BFDB
:10D7A0002DE9F04F9A4689B000231646924505466A
:10D7B0008846039303D9C2EB0A038B4264D32C46F9
:10D7C0004FF00F0C6FF01F0BF4E9500110EB080243
:10D7D00041F100039C4508BF934555D38B4208BFD8
:10D7E000824251D3C4E90023B8F1000F42D005F5BD
:10D7F000B07B05F5B87947464C4649461022102FB4
:10D8000028BF102711F8013D013A01330C2ADBB281
:10D810000B7001D9002BF5D003AB102259462846D6
:10D82000009304ABFAF7C0FA28BB3146D5F8802143
:10D830003E440DF10F0E0AF1FF301AB922780B7831
:10D84000534023700B7801311EF8012F534000F82C
:10D85000013FD5F88021012A10D0B14204F1010422
:10D86000EBD14A4649462846BA44FFF75BFDB8EB80
:10D870000708C0D1002009B0BDE8F08F94F800C0BF
:10D8800083EA0C032370E8E76FF01300F3E700BFAF
:10D890002DE9F04FD0F84C31161FD0F8447187B005
:10D8A0004FEAC308D0F84041FF00D0F848310C2EB1
:10D8B00047EA547748EA537875D88B464FEAC4094B
:10D8C00000F5A871064658464FEAC30A154615F0FA
:10D8D000BFF959EA070306D15AEA080303D1002029
:10D8E00007B0BDE8F08F4FEA184C8DF80B804FEA77
:10D8F0001A6E8DF80FA04FEA1A4206F26F144FEA23
:10D9000018638DF813704FEA18288DF817904FEAB6
:10D910001A2A8DF809C08DF80A804FEA176C4FEA71
:10D9200017488DF80CE03F0A8DF80EA04FEA196EEB
:10D930008DF80D204FEA194A8DF810C04FEA1929C9
:10D9400002A8214601948DF808304FF0000C8DF8A4
:10D95000118022468DF812708DF814E08DF815A014
:10D960008DF8169001E010F8013F12F8017F0CF1DC
:10D97000010C7B40BCF1100F01F8013FF3D106F51B
:10D98000B872013D30461146FFF7CCFC0BF1FF3079
:10D99000AB4410F8012F14F8013F584583EA020305
:10D9A0000370F6D19BE76FF0130099E72DE9F04380
:10D9B00083B01E4617460B9D32460C9C00950DAD5C
:10D9C000019404460A9BDDF8408095E86002FFF769
:10D9D00021FE10B103B0BDE8F08333462A46394634
:10D9E0002046FFF7DDFE0028F4D14A464146204696
:10D9F00003B0BDE8F043FFF74BBF00BF2DE9F04196
:10DA00008CB00E460021139C0DF1200E129D159F27
:10DA100001950294169D179C009313460395324678
:10DA200005970494CDF818E0149DFFF7BFFF88B95F
:10DA30009FB107F1FF386A1E0DF11F01454412F82E
:10DA4000017F11F8013FAA4283EA070340EA03007D
:10DA5000F5D120B90CB0BDE8F0813846FAE7204690
:10DA6000314604F095F96FF01100F3E710B5044664
:10DA7000FAF7AAF84FF4C4712046BDE8104004F04C
:10DA800087B900BF2DE9F04FBF4BADF50D7D4FF0CD
:10DA9000800A139303F5907308901493CDF824A093
:10DAA000099B0024139AA3F1C003A2460A92B3FA79
:10DAB00083F35B091593B54B1193149B98464FF470
:10DAC000C47200212AA815F0D3F8089B002B40F05F
:10DAD000D481AF4B02212AA803EB44131A460B93BF
:10DAE000099BFFF7E7FC10F1230F034603D1159ABA
:10DAF000002A40F0FA81002B40F0A381A54B16AC20
:10DB0000A5484FF0100B53F82A7003F55273A34E3B
:10DB10004FEA8A0953F82A1003F5D873069453F88C
:10DB20002A20A3F5587300EB811100F5D87053F843
:10DB30002A3000EB8212A0F5E47006EB831306F5A1
:10DB4000527650F82A0056F82A600E9135460F9604
:10DB50001AAE10920D900191012103923A46009065
:10DB60002AA80295CDF814B004960C93FFF71EFF77
:10DB70000346002840F0658112903A4641463046FF
:10DB800015F096F8129B002840F0CC815A460A996D
:10DB90002046129315F08CF8002840F0C3812AA883
:10DBA000FAF712F84FF4C4712AA804F0F1F8089AB1
:10DBB000002A40F069814FF4C47208992AA815F030
:10DBC00057F8099B02210B9A2AA8FFF773FC03461A
:10DBD000002840F036810F9A01460D9D4FF0100B42
:10DBE0000E980C9B02923A4601902AA8069404963D
:10DBF000CDF80C800095CDF814B0FFF7D7FE0346A2
:10DC0000002840F01E813A461099304615F050F831
:10DC1000002840F087815A460A99204615F048F8B6
:10DC20008346002840F07E812AA8F9F7CDFF4FF403
:10DC3000C4712AA804F0ACF8089B002B40F0358191
:10DC40004FF4C47208992AA815F012F8099B022112
:10DC50000B9A2AA8FFF72EFC0346002840F0F1801B
:10DC60000F9B01210E9A2AA8019300920D9B0C9AFA
:10DC7000FFF7D0FC0346002840F0E380202F40F25D
:10DC8000D680109D334620212AA82A46203FFFF740
:10DC900087FD0346002840F0D4802A4622AB39464F
:10DCA0002AA82032FFF77CFD0346002840F0C980F7
:10DCB000102221462AA8FFF7EBFD0346002840F07A
:10DCC000C080344B4146304653F809B05A4614F0F0
:10DCD000EFFF002840F0268110220A99204614F018
:10DCE000E7FF0746002840F01D812AA8F9F76CFFDE
:10DCF0004FF4C4712AA804F04BF8089B002B40F0A5
:10DD0000E4804FF4C47208992AA814F0B1FF119B63
:10DD100002211F4D2AA81A68099B05EB4212FFF742
:10DD2000C9FB0346002840F08C8005F5816205F5AB
:10DD30001C7301462AA852F8097005F5227205F5F0
:10DD4000846553F8093002EB8717303A55F80950CB
:10DD500052F809200097114F019507EB8212FFF747
:10DD600059FC034600286CD1BBF1200F7BD9334608
:10DD7000424620212AA8FFF713FDABF120050346F8
:10DD800000285ED10CE000BFF0BF026048CB02600B
:10DD900090C5026050C6026018C8026068C6026082
:10DDA00022AB294608F120022AA8FFF7F9FC034616
:10DDB000002846D1102221462AA8FFF769FD034614
:10DDC00000283ED15E4B304653F80910A3F59F63FF
:10DDD00053F8092003F55E7303EB811114F068FF1B
:10DDE000002840F09F80204610220A9914F060FF1E
:10DDF000002840F097802AA8F9F7E6FE4FF4C47196
:10DE00002AA803F0C5FF089B002B40F08780119BD8
:10DE10000AF1010A0A9A08F140080433BAF1060F20
:10DE200002F1100211930A9262D01C6847E6334651
:10DE3000109A39462AA8FFF7B3FC034600283FF49E
:10DE400037AF089A002A71D12AA80893F9F7BCFEC7
:10DE50002AA84FF4C47103F09BFF089B18460DF5E8
:10DE60000D7DBDE8F08F3346594642462AA8FFF79C
:10DE700097FC034600289DD0E3E7324B52460999B0
:10DE8000314814F009FF24E6304814F009FF129BD2
:10DE90004FF4C4722AA8194614F0EAFE2C4B5246DD
:10DEA0000999294814F0F8FE8BE6284814F0F8FE8A
:10DEB00059464FF4C4722AA814F0DAFE214B524698
:10DEC0000999244814F0E8FEC0E6204814F0E8FE62
:10DED00039464FF4C4722AA814F0CAFE1C4B5246AD
:10DEE00009991C4814F0D8FE11E71B4814F0D8FE1D
:10DEF000139A099B603240331392149AB3F5A07FB2
:10DF0000099302F5C07214927FF4CAAD089B9BB9C5
:10DF1000002318460DF50D7DBDE8F08F0B4814F079
:10DF2000BFFE74E7089A0123002A8DD00B4808939E
:10DF300014F0B6FE089B87E70A2014F085FEE7E799
:10DF400048CB0260EC140020701F00201015002048
:10DF5000E81400208C1F0020081500206015002008
:10DF600070B5064D14460B462E6834448119184688
:10DF700014F06EFE00202C6070BD00BFE4EF0020A6
:10DF80006422002114F074BE41657047016570473A
:10DF9000816570472DE9F043884693B004460068D8
:10DFA000914600F009FB00230546B8F1000F3AD076
:10DFB000B9F1000F37D002278DF8043004F10C06B8
:10DFC00019E002A9204600F0B9FB2A4602A9204622
:10DFD00000F02AFB2A463146204600F09BFB3146E2
:10DFE000204600F0ABFB9DF804300133DBB2BB42AE
:10DFF0008DF8043014D2204600F0D6FB2A46314674
:10E00000204600F087FB012201A9204600F082FB98
:10E01000022FD6D14A464146204600F07BFBD0E78E
:10E0200013B0BDE8F08301278DF80430C6E700BFC8
:10E030002DE9F84317460122984605460E4600F0A2
:10E040007BFA0446B0B905F10C09304600F0B4FA89
:10E0500002464946284600F0E7FA304600F0ACFA9E
:10E0600001210246484614F003FE4246394628463E
:10E07000FFF790FF2046BDE8F88300BFB2F5807F30
:10E080002DE9F041E0B02BD8076DD319B3F5C07F6F
:10E0900026D804460E46154600214FF4C072684645
:10E0A00014F0E6FD3A466946E36D206E9847074650
:10E0B000E0B9D4F8508006B155B9424669462046C9
:10E0C000FFF768FF0123E364384660B0BDE8F081E4
:10E0D0000DEB080031462A46A84414F0B9FDECE7E0
:10E0E0006FF00407384660B0BDE8F0816FF00807B4
:10E0F000EAE700BF2DE9F041904601221F460446A1
:10E100000D4600F019FA08B1BDE8F081284604F187
:10E110000C0500F051FA064629462046324600F02A
:10E1200083FA32462846012114F0A2FD42F2107310
:10E13000142EC4F85C802766A3650CD8182310251C
:10E1400023652046079A0699FFF798FF0028DBD140
:10E150002565BDE8F0811C2E8BBF302324232025AC
:10E160001825EDE72DE9F84F1546064600680F46DD
:10E170009B46DDF828A000F01FFAB5F5806F49D85E
:10E18000BAF5807F42D8F36D814633B1736D012BB0
:10E1900034D0F26CB36D9A4230DCBBF1000F07D083
:10E1A000BAF1000F04D0524659463046FFF7F2FE4E
:10E1B000CDB106F10C084D4530462C4628BF4C46E3
:10E1C00000F0F2FA4A464146304600F0A3FA4146D2
:10E1D000304600F0B3FA38462246414614F038FD86
:10E1E0002D1B2744E7D1304652465946FFF7D2FE51
:10E1F000F36C00200133F364BDE8F88F52465946B2
:10E200003046FFF73BFF18B98246D1E76FF00400B4
:10E21000BDE8F88F6FF00200BDE8F88F00B500236D
:10E2200083B00093FFF79EFF03B05DF804FB00BFCF
:10E2300048B110B5044600F065F964212046BDE8F8
:10E24000104003F0A5BD70472DE9F041B0B0044681
:10E25000042000F045F964220546002117A814F0B7
:10E2600007FD7CB9694E2946019417A80094684BB4
:10E27000684A3460FFF73EFFE0B10125284630B020
:10E28000BDE8F08100276448604E14F005FD294682
:10E29000019717A800975E4B5E4A3760FFF72AFF89
:10E2A00000287FD001255D4814F0FAFC284630B0E4
:10E2B000BDE8F08103AF4FF0010E009423463946CC
:10E2C000502217A8CDF8B0E0FFF74CFF0028D4D1BA
:10E2D00000235022394617A80093FFF743FF002878
:10E2E0005DD150224E49384614F0E2FC80460028A9
:10E2F00055D117A800F006F9642117A803F048FDCE
:10E3000017A800F0FFF8642117A803F041FD002CC6
:10E3100058D16422214617A814F0AAFC0194009455
:10E320002946404B17A83B4A3460FFF7E3FE00281C
:10E33000A3D12246214617A8FFF7A0FE00289CD1B2
:10E3400000235022394617A80093FFF70BFF03461E
:10E3500028BB00905022394617A8FFF703FFF0B9F9
:10E3600038465022304914F0A3FC0546B8B917A826
:10E3700000F0C8F8642117A803F00AFD17A800F000
:10E38000C1F817A8642103F003FD002C3FF476AF19
:10E39000264814F085FC0A2014F056FC6EE7002C89
:10E3A00080D16AE703AF4FF0010E00900346394673
:10E3B000502217A8CDF8B0E0FFF7D4FE00287FF474
:10E3C00071AF85E7194814F06BFC194814F064FC30
:10E3D0006422414617A814F04BFCCDF80480CDF818
:10E3E000008029460F4B17A80A4AC6F80080FFF79D
:10E3F00081FE00287FF456AF0246014617A8FFF7BA
:10E400003DFE00287FF44EAF9AE700BFE4EF002006
:10E4100060CB026061DF0060AC1F0020601500204F
:10E4200098CB0260E8CB026010CC0260101500208F
:10E43000C81F00200048704760CC0260002833D01D
:10E44000014610B50446194814F01EFC20B32146BD
:10E45000174814F019FCE8B12146164814F014FCD2
:10E46000C0B12146144814F00FFCB8B1214613483E
:10E4700014F00AFCA0B12146114814F005FC88B143
:10E480002146104814F000FC0F4C00280CBF204619
:10E49000002010BD0D4810BD0D4810BD0D4810BD29
:10E4A0000D4810BD0D4810BD704700BFE41F00208F
:10E4B0000C2100203C3C002030210020D8340020DA
:10E4C00004350020A821002040CF026000D0026067
:10E4D00030D00260D0CF0260A0CF026070CF026067
:10E4E0000338C0B2052803D8024B53F82000704708
:10E4F000002070476C0500200023036043608360A8
:10E50000704700BFB8B10368ABB110B504464068AE
:10E5100008B15B6A9847A06838B12368D968490098
:10E5200003F036FCA06814F07FFB20460C21BDE808
:10E53000104003F02DBC7047C9B1C0B1F8B5054615
:10E540000B6A0C46164698470746686088B116B9AC
:10E550002C600020F8BDE168022014F091FBA86057
:10E560000028F5D13846636A98470348F8BD034848
:10E5700070470148F8BD00BF80AEFFFF00AFFFFF4E
:10E580000122FFF7D9BF00BF78B1026869B162B15B
:10E590000B6853B110B5D41A18BF01243CB9936A63
:10E5A000496840689847204610BD024870470148B6
:10E5B00010BD00BF00AFFFFF00B1007A704700BF81
:10E5C00000B10078704700BF00B14068704700BFDD
:10E5D00020B1036813B11B694068184700487047B1
:10E5E00000AFFFFF20B1036813B15B6940681847B3
:10E5F0000048704700AFFFFF20B1036813B19B696B
:10E60000406818470048704700AFFFFF40B130B482
:10E610000C46C56911461A4620462B4630BC1847A1
:10E620000048704700AFFFFF00286ED003682DE957
:10E63000F043054691B0002B65D08668002E62D06D
:10E640009046DA68894642450ED21B694068984771
:10E65000044600283ED06F463846402103F098FB20
:10E66000204611B0BDE8F08313466F461A463621A6
:10E670003046F41814F0FCFA2B6820465C21DA6866
:10E6800014F0F6FAB8F1000F15D009F1FF31601E51
:10E6900006EB0802334693F800E011F8014F8EEACA
:10E6A000040403F8014B9A4210F801EF0C788EEA4B
:10E6B00004040470EFD12B6868681B69984704460E
:10E6C0000028C9D12B68314668685C69DA68A047C0
:10E6D0000446C1E72B684246494668685B696F4655
:10E6E000984704460028B7D12B68694668689B693B
:10E6F000984704460028AFD12B68E946AE68D3F8A6
:10E700000880DB68B2E70248ABE70148704700BF0A
:10E7100000AFFFFF68B103685BB110B4846824B137
:10E720005B6940685DF8044B184703485DF8044B8B
:10E7300070470148704700BF00AFFFFF00282FD08F
:10E740000368002B2CD0F0B5866891B0002E25D040
:10E7500004460D469A6969464068DF68904708B1EB
:10E7600011B0F0BD236860681B6998470028F7D195
:10E770002368F11960685E69DA68B0470028EFD154
:10E780002368694660685E699A68B0470028E7D1E7
:10E790002368294660689B699847E1E70148DFE7FD
:10E7A0000048704700AFFFFFA8B103689BB170B588
:10E7B000856875B104461B694068984700B170BD13
:10E7C0002368294660685C69DA682346BDE87040C2
:10E7D00018470248F3E70148704700BF00AFFFFF4A
:10E7E000002831D0F0B585B0002416460D46012230
:10E7F000014601A8029401941F460394FFF79CFE72
:10E80000044628B101A8FFF77DFE204605B0F0BD03
:10E810003246294601A8FFF707FF04460028F1D138
:10E82000019B7BB1039A6AB15B6939460A9A0298E7
:10E83000984704460028E5D10B9901A8FFF77EFF11
:10E840000446DFE7014CDDE70048704700AFFFFFFB
:10E8500020B1036813B1DB6A40681847004870476D
:10E8600000AFFFFF5822002114F002BA10B1582166
:10E8700003F08EBA704700BF08B5582214F0E8F9CB
:10E8800008BD00BF70B403460022064E064D104678
:10E89000064C07499E60DD601C6159611A605A6030
:10E8A00070BC70470123456789ABCDEFFEDCBA9899
:10E8B000765432100369024600202DE9F04F1F46BE
:10E8C0001346526995B08E46D34E11461A46DB6800
:10E8D00010911C46119287EA01039168DEF800202E
:10E8E0000497234005922746049ACDF800E0964607
:10E8F0006240109CC94D2644009C12910D446468EE
:10E90000DFF888B32146109C06EB010C009E6340A3
:10E91000C34CB6680691744431462B44059E07915A
:10E920000C4400993344BF4DCE6807EB73633D44FC
:10E930003146009E1A4087EA030E366905EB010A4C
:10E94000089101960199B84D0D4400994E6905EB67
:10E9500003093146049E009D7240B44EAD69944453
:10E96000009A02950E4403EB3C5CD26909910EEAD1
:10E970000C0E1146AE4D66448EEA070E029A0A91BD
:10E980008B44A6440099154483EA0C020CEBFE3E2E
:10E99000009C139702EA0E020F6A646A8CEA0E0862
:10E9A00039465340A34F7544009A534403940F448F
:10E9B0000B91926A0399A04C0C4411460EEBB322C2
:10E9C0009E4B0C9108EA02088EEA020A93440B441B
:10E9D00088EA0C080099C844C96A02EB78680D916E
:10E9E0000AEA080C07EB080A8CEA0E0782EA080C10
:10E9F0003744934E08EB37570E440CEA070E04EBEE
:10EA0000070988EA07048EEA02021544009A07EB18
:10EA1000F535116B2C4087EA050E03EB050C894B8D
:10EA200084EA080400910B4411465C44DFF860B2AC
:10EA300005EBB4240EEA040806EB040E88EA070688
:10EA400085EA0408576B56443A4604EB76660E9204
:10EA500008EA06089F1988EA050384EA06087A4D41
:10EA60004B44DFF830921544CA6B06EB33530F92D8
:10EA700008EA03081D4488EA040486EA0308A4445B
:10EA80008C6B03EBFC3C08EA0C0883EA0C0188EA77
:10EA90000606B6446D4E0CEBBE2E264401EA0E016E
:10EAA0008CEA0E0866445940694B0F441344069A99
:10EAB0000EEB776773449144029A08EA07088EEADE
:10EAC0000701B94488EA0C0C654407EB3555294029
:10EAD00087EA050C81EA0E010E445E4905EBF63625
:10EAE00011440D9A0CEA060C29448CEA070C5A4F83
:10EAF00063441744059A06EBB32307EB060A574F06
:10EB000086EA030817440E9A08EA050507EB03088E
:10EB1000099F7540A944524D03EBF9693D4483EACE
:10EB2000090E0EEA060605EB090E4E4D5E40314415
:10EB30004D4E09EBF15189EA01071F400C9B87EA12
:10EB400009071D44574405EB010C0F9D01EBB74726
:10EB500081EA070303EA0909444B89EA01092B44C6
:10EB6000019DC84403EB070A2E44414D07EB38389A
:10EB700087EA0803464419407940714408EBF16183
:10EB800088EA01031F40039B87EA08071D44BC4431
:10EB900005EB010E374D01EBFC5C089F254481EA33
:10EBA0000C0305EB0C0903EA08034B4053440CEB40
:10EBB000B3438CEA030529402F4D81EA0C013D4403
:10EBC0002E4F0E4405EB03080B9903EB36360F442A
:10EBD00083EA0605374405EA0C055D40754406EBFB
:10EBE000F56586EA05010B40254973401144079AF3
:10EBF000994401EB050E234B05EBF9591344009A98
:10EC000085EA090103EB090C31401F4E694041447C
:10EC100009EBB14140E000BF56B7C7E878A46AD716
:10EC2000DB702024EECEBDC1AF0F7CF52AC687472E
:10EC3000134630A8D8988069AFF7448BB15BFFFFCB
:10EC4000BED75C892211906B937198FD8E4379A693
:10EC50002108B44940B340C0515A5E26AAC7B6E95C
:10EC60005D102FD653144402C8FBD3E781E6A1D828
:10EC7000E6CDE121D60737C3870DD5F4ED145A450B
:10EC800005E9E3A9F8A3EFFCD9026F67019546FDFA
:10EC900039D0D4D962251EF689EA01031D400A9BAA
:10ECA00085EA09051E442F44D74D0E4401EB373742
:10ECB0001544099A81EA070305EB070803EA0903EB
:10ECC0004B40734407EBF36387EA03052940CF4DBC
:10ECD00079401544019A8C4405EB030ECC4D03EBAF
:10ECE000FC5C83EA0C010F400B995F400D44C9495D
:10ECF0003E44654421440CEBB647C74E8CEA0709F5
:10ED000003EA090383EA0C0C0D9BE0441E44C34B49
:10ED100007EB383806EB070A89EA080987EA08078B
:10ED20004144CE4408EB3E7E87EA0E0788EA0E088F
:10ED30002F44069D0EEB77572B44B94D88EA070602
:10ED400073448EEA070E15445644059A3D4407EB7A
:10ED500036468EEA060987EA060CB24F89440A99BC
:10ED600006EB79290F448CEA090C86EA090EB919D9
:10ED70000C9F9C44AC4B09EB3C7C3B44AB4F8EEA74
:10ED80000C0E4B4489EA0C09AE440E9D0CEB7E5EE2
:10ED90002F44A74D89EA0E0967448CEA0E0C1544EE
:10EDA0008944A44975440EEB39498CEA090C8EEA72
:10EDB00009069C44089B09EB7C2C19449E4B86EA6F
:10EDC0000C06494489EA0C093E44029F0CEB367656
:10EDD0003B4489EA060903EB0C07039B8CEA060C0B
:10EDE0004D449B4406EB7555B3448CEA050386EA13
:10EDF000050A009E0B449149DFF880C205EB3343BE
:10EE000031448F4E8AEA030A85EA030901EB050EB5
:10EE10000F9DBA448B4916448B4F03EB7A2A294441
:10EE2000079D89EA0A0983EA0A081944874BD944ED
:10EE30002B44874D0AEB3979534488EA09088AEA5A
:10EE4000090A06EB090B0A9EF0443544814E09EB92
:10EE500078588AEA080A05EB080E89EA08098A4404
:10EE60007D49CDF814E008EB3A4A2144099C01EBB6
:10EE70000A0E89EA0A092744784CCDF824E099441F
:10EE8000009A089B0AEB79291644754A9E4669EA5E
:10EE900008081346069A88EA0A08734407EB090E25
:10EEA000704FD8440893704B09EBB868CDF800E078
:10EEB00019460C9B68EA0A0ADFF8C4E11C440B46B9
:10EEC0000F998AEA090A1344684ADFF8B8B1464440
:10EED00006930B9B1A44664B0B4466490D460299F8
:10EEE0000F440E994D1901990295634D4D190D99D5
:10EEF0008C44079901958E440599089D8A4403998D
:10EF000008EBBA5A8B4409996AEA0909554489EA17
:10EF10000809894400990AEB794969EA08084C44D0
:10EF200088EA0A088844069909EBF82868EA0A0A78
:10EF300041448AEA090AB24408EBBA6A6AEA090952
:10EF4000524489EA0809A9440AEBB95969EA080850
:10EF50004B4488EA0A08A04409EB784868EA0A0AA0
:10EF600047448AEA090A8A44029908EBFA2A6AEABB
:10EF7000090901EB0A06019989EA08099144129AE4
:10EF80000AEBB96969EA080801EB090588EA0A0889
:10EF9000984409EBB85868EA0A0A0CEB08048AEAB4
:10EFA000090ABA44119F08EB7A4A6AEA09090EEB8A
:10EFB0000A0189EA08094E440AEBF62666EA0808BF
:10EFC000B34488EA0A08454406EBB56565EA0A0ACF
:10EFD00053198AEA060ABB60109B544405EBB454EB
:10EFE00064EA060623446E407B613144139E04EBC1
:10EFF000714161EA05057218049E65403144AB44D5
:10F00000396102EBFB233FE08A4C2A8D4239FAFF3B
:10F0100081F671870C38E5FD22619D6D44EABEA43E
:10F02000A9CFDE4B604BBBF670BCBFBEC67E9B2833
:10F03000FA27A1EA8530EFD4051D8804E599DBE6BF
:10F04000442229F4F87CA21F39A093FC6556ACC475
:10F0500097FF2A43C3595B65A72394AB7DF4EFFF69
:10F0600092CC0C8F144301A3D15D84854F7EA86F91
:10F07000E0E62CFEA111084E827E53F735F23ABD30
:10F08000BBD2D72A91D386EBFB6015B0BDE8F08FD9
:10F090002DE9F8430368064614460D4603F03F0782
:10F0A00013449A42C7F14008036002D94368013310
:10F0B0004360DFB1A04519D806F118092946424638
:10F0C00009EB070013F0C4FD49463046FFF7F2FB99
:10F0D00080B9C8EB0404454407463F2C08D92946AB
:10F0E0003046403C4035FFF7E5FB18B93F2CF6D8D9
:10F0F00014B92046BDE8F88306F1180022462946D7
:10F10000384413F0A5FD0020BDE8F88302B1BFE745
:10F1100010467047F8B50446006880220D4600F09E
:10F120003F0004F118062318013038281A764BD80E
:10F13000C0F138020021304413F09AFD23683146B3
:10F14000666820465A0FDB0042EAC6021F0A84F8AE
:10F150005030160A84F8542084F85170170C84F843
:10F160005560120E1E0C84F856701B0E84F8572042
:10F1700084F8526084F85330FFF79CFB18BBA368F7
:10F180002B70A3681B0A6B706389AB70E37AEB701A
:10F19000E3682B71E3681B0A6B71E389AB71E37B56
:10F1A000EB7123692B7223691B0A6B72638AAB7242
:10F1B000E37CEB7263692B7363691B0A6B73E38AED
:10F1C000AB73E37DEB73F8BDC0F140020021304426
:10F1D00013F04EFD31462046FFF76CFB0028F2D1BC
:10F1E00001463822304613F043FDA7E730B4002330
:10F1F000054D064C0649074A8560C46001614261BD
:10F200000360436030BC70470123456789ABCDEF95
:10F21000FEDCBA987654321002B9704738E700BF66
:10F22000FFF778BFFFF746BB70B596B006460C46B1
:10F23000154600215822684613F01AFD0E480F4962
:10F240000F4A104B02900391049205935CB9294632
:10F250006846FFF75FFF04466846582102F098FDB4
:10F26000204616B070BD224631466846FFF710FFB3
:10F2700004460028F0D1EAE70123456789ABCDEFCA
:10F28000FEDCBA9876543210FFF7CEBF2DE9F0437A
:10F29000DFF8A490804685B00125002409F11C0701
:10F2A00009F18C06B8F1000F1BD121466A463046A1
:10F2B0005136FFF7B9FF394604461037102220BBFC
:10F2C000684613F0F5FC0446F0B9B8F1000F0DD113
:10F2D000072D05F1010510D059F8044FB8F1000FC2
:10F2E000E3D02946114813F0D7FCDEE7104813F0AD
:10F2F000D7FC072D05F10105EED1B8F1000F0ED1B5
:10F30000204605B0BDE8F0830124B8F1000FF7D026
:10F31000084813F0C5FC204605B0BDE8F0830A207C
:10F3200013F092FC204605B0BDE8F083E81F0020F2
:10F3300010150020601500207CCC0260FFF7A2BAF7
:10F34000FFF7E4BEFFF7E6BEFFF796BAFFF7B2BAE3
:10F3500005F0D8B806F08ABA06F08CBA05F0CCB839
:10F3600005F0ECB8012106F0F3BB00BF07F0C8B808
:10F3700007F0CAB8012307F0AFB900BF06F0E2BB3F
:10F3800006F02EBC002106F0E3BB00BF002307F00F
:10F39000A3B900BF012107F01FBB00BF08F0C0BC2C
:10F3A00008F0C2BC012308F00BBE00BF07F00EBB83
:10F3B00007F0B6BB002107F00FBB00BF002308F029
:10F3C000FFBD00BF10B50446FFF750FA2046BDE868
:10F3D000104013F029BC00BF10B5044605F086F8B4
:10F3E0002046BDE8104013F01FBC00BF10B5044616
:10F3F00006F0A2FB2046BDE8104013F015BC00BF8C
:10F4000010B5044607F0DCFA2046BDE8104013F0C2
:10F410000BBC00BF10B55821012013F031FC04468D
:10F4200008B1FFF71FFA204610BD00BF10B55C21E0
:10F43000012013F025FC044608B105F053F82046DE
:10F4400010BD00BF10B56C21012013F019FC04465B
:10F4500008B106F06DFB204610BD00BF10B5D821E5
:10F46000012013F00DFC044608B107F0A5FA204670
:10F4700010BD00BF98B1092270B506464568084C1A
:10F48000084803E054F8140F40B16268AA42F9D169
:10F49000B16813F00DFC0028F4D1204670BD704710
:10F4A00060D00260FC1F00202DE9F047566882B052
:10F4B0001EB9304602B0BDE8F087904692682A4BEC
:10F4C000074614788946294AA3FB04535B0903EBDA
:10F4D0008305A4EBC504E4B2009413F0B1FB00284B
:10F4E00037DB81458CBF0024012494BBD8F804E0AD
:10F4F0000744C0EB0906BEF1010FDBD9D8F808C0FC
:10F50000022512E013F09CFB0028074421DBB042E7
:10F51000A6EB000634BF00240124D4B9D8F804E0D7
:10F5200075451BD2D8F808C001350CEB05033146F0
:10F530000F4A384613F8013C03F07F0A13F0800F9E
:10F540000AEBC4142346DDD0AE4507D914F07E4F34
:10F55000EAD06FF00A0002B0BDE8F087C6EB090000
:10F5600002B0BDE8F08700BFCDCCCCCC0820002095
:10F5700010200020C0B10322F8B5064645680F46AA
:10F580000B4C0C4803E054F8140F50B16268AA42C7
:10F59000F9D1B16813F08CFB0028F4D123693B60EA
:10F5A000F8BD6FF02D00F8BD6FF02D00704700BF63
:10F5B00078D1026014200020C0B10322F8B50646BD
:10F5C00045680F460B4C0C4803E054F8140F50B13B
:10F5D0006268AA42F9D1B16813F06AFB0028F4D13D
:10F5E00023693B60F8BD6FF02D00F8BD6FF02D0072
:10F5F000704700BFF0D1026018200020C0B109227E
:10F60000F8B5064645680F460B4C0C4803E054F825
:10F61000140F50B16268AA42F9D1B16813F048FBE7
:10F620000028F4D1237C3B70F8BD6FF02D00F8BDAD
:10F630006FF02D00704700BF80D302601C200020B7
:10F64000012870B415D00C4C0C4D04E01E7C864291
:10F6500009D05C691D4605F11403002CF6D16FF04A
:10F660002D0070BC7047AB690C600020136070BC4B
:10F6700070470923024CF7E72820002080D302605E
:10F680001C200020C0B10822F8B5064645680F4688
:10F690000B4C0C4803E054F8140F50B16268AA42B6
:10F6A000F9D1B16813F004FB0028F4D1237C3B703E
:10F6B000F8BD6FF02D00F8BD6FF02D00704700BF52
:10F6C000D0D3026030200020012870B415D00C4C3B
:10F6D0000C4D04E01E7C864209D05C691D4605F194
:10F6E0001403002CF6D16FF02D0070BC7047AB698D
:10F6F0000C600020136070BC70470823024CF7E7D1
:10F70000D0030020D0D302603020002038B50D4651
:10F710001446FFF7AFFE30B10346027C00205B7C4D
:10F720002A70237038BD6FF02D0038BD10B50C461F
:10F73000FFF7A0FE18B1C3680020236010BD6FF072
:10F740002D0010BD70B40B4C01260B4D03E054F896
:10F75000145F5DB1667CB042F9D1267C8E42F6D151
:10F76000616800201560196070BC70476FF02D0053
:10F7700070BC704760D00260FC1F0020C0B108223E
:10F78000F8B5064645680F460B4C0C4803E054F8A4
:10F79000140F50B16268AA42F9D1B16813F088FA27
:10F7A0000028F4D1237C3B70F8BD6FF02D00F8BD2C
:10F7B0006FF02D00704700BF34D402603C20002061
:10F7C000C0B10822F8B5064645680F460B4C0C48F8
:10F7D00003E054F8140F50B16268AA42F9D1B1683D
:10F7E00013F066FA0028F4D1237C3B70F8BD6FF06B
:10F7F0002D00F8BD6FF02D00704700BFC0D402602F
:10F8000048200020C0B10822F8B5064645680F46DA
:10F810000B4C0C4803E054F8100F50B16268AA4238
:10F82000F9D1B16813F044FA0028F4D1E3683B60E1
:10F83000F8BD6FF02D00F8BD6FF02D00704700BFD0
:10F8400038D5026054200020032870B415D00C4C29
:10F850000C4D04E01E7C864209D05C691D4605F112
:10F860001403002CF6D16FF02D0070BC7047AB690B
:10F870000C600020136070BC70470823024CF7E74F
:10F880006020002034D402603C200020C0B105225A
:10F89000F8B5064645680F460B4C0C4803E054F893
:10F8A000140F50B16268AA42F9D1B16813F000FA9E
:10F8B0000028F4D1237C3B70F8BD6FF02D00F8BD1B
:10F8C0006FF02D00704700BFA8D5026068200020AF
:10F8D000F8B12DE9F04106461746456888460A22E8
:10F8E0000D4C0E4803E054F8140F70B16268AA4240
:10F8F000F9D1B16813F0DCF90028F4D1227C637CE3
:10F9000088F800203B70BDE8F0816FF02D00BDE865
:10F91000F0816FF02D007047E4D502607020002068
:10F92000F8B50C46164605460021204613F0A0F90E
:10F930005FEA460E22D0AE4429460BE0A2F137031F
:10F940004208C007A05C58BF1B01714543EA000391
:10F95000A35413D0481B11F8012BA2F13003A2F1DC
:10F960004107DEB2092EEBD9052FA2F16106A2F103
:10F970005703E3D9052EE3D90148F8BD0020F8BDAF
:10F9800000EEFFFF2DE9F0439BB080468946174605
:10F9900004A81E46FEF766FF04A8FEF773FF60B1D9
:10F9A00004466D4604A8FEF761FF2846102102F0C8
:10F9B000EFF920461BB0BDE8F083229A314604A837
:10F9C000FFF7A4FB044608B16D46EBE70822394671
:10F9D00004A86D46FFF79AFB04460028E2D104A86C
:10F9E0006946FFF797FB04460028DBD1B9F1100FF9
:10F9F00035D99DE80F0088E80F0004A8FEF742FF04
:10FA000004460028CED1102269460DEB0200FFF714
:10FA10007DFB04460028C5D13146229A04A8FFF791
:10FA200075FB04460028BDD13946082204A8FFF71B
:10FA30006DFB04460028B5D1694604A8FFF76AFBB0
:10FA400004460028AED1B9F11F0F08F11000694635
:10FA500094BFA9F11002102213F0FAF8A2E74A4667
:10FA60004046694613F0F4F89CE700BF2DE9F041E9
:10FA7000E8B01C4605460F466E9E08A89046F8F76B
:10FA8000FDFC234600962A4602A81821FFF77AFFBC
:10FA9000044650B108A8F8F7F7FC02A8182102F0B4
:10FAA00077F9204668B0BDE8F08102A908A8F9F707
:10FAB000C7FB04460028EDD1014601972B4600976D
:10FAC000424608A8F9F7E8F80446E3E72DE9F041D3
:10FAD000D0B006460D461746579C0AA89846F1F73F
:10FAE000D3FE00943246569B294602A8FFF74AFFF0
:10FAF000044650B10AA8F1F7CDFE02A8294602F04B
:10FB000047F9204650B0BDE8F081EA0002A90AA8F2
:10FB1000F1F7E2FF04460028ECD101460197334695
:10FB2000009742460AA8F2F701FE0446E2E700BF4A
:10FB30000023036043608360704700BF002800F02B
:10FB400099812DE9F0478046AAB0184689461F469C
:10FB5000164613F089F80546002800F01581314655
:10FB6000384613F081F80446002800F00D818542E4
:10FB700080F00A81484613F08BF82B5C0544202B5B
:10FB800000F0A6800D2B00F0A0800A2B40F0FC8036
:10FB900030466E1C13F07CF8235C2218202B00F0FA
:10FBA0009D800D2B00F097800A2BA4EB060334995F
:10FBB00008BF0132152BA2EB07020A6049DC0025C1
:10FBC000A946A64280F0E4800021A41B334603AA84
:10FBD00000940846F3F71AFE2C3072D0DDF80CA022
:10FBE0000120514613F04CF80746002800F04081F0
:10FBF0000094334603AA5146F3F708FE0446002852
:10FC000040F0CA80B9F1000F6BD0329B002B00F09E
:10FC10003381252D00F0E280212D00F0F880052DA4
:10FC200000F0C980062D00F0E580072D00F0058169
:10FC30000399022905D93B78302B02D17B78832B9D
:10FC400050D9384602F0A4F8384612F0EDFF934838
:10FC500038E016229249304613F02AF80028AED137
:10FC6000EB7D0D2B46D005F117090A2B40F0908053
:10FC700009F10106A71B162F40DD172289493046DE
:10FC800013F016F800283BD109F11800231A0F2BA6
:10FC900040F3D980082206A9FFF742FE002840F071
:10FCA000D28009F128062525A71B0D2F00F3ED8032
:10FCB00033780D2B7CD00A2B6AD101364FF0010925
:10FCC0007FE779482AB0BDE8F0876B7801355CE7BB
:10FCD0006B78013556E75378013265E75378013286
:10FCE0005FE703990020C8F80070C8F804102AB034
:10FCF000BDE8F08705F118092B7EB6E7112F16DD58
:10FD000012226A49304612F0D3FF80B909F113007C
:10FD1000231A0F2B40F39780082206A9FFF700FE55
:10FD2000002840F0908009F123062125BCE70D2F23
:10FD30003CDD0E225E49304612F0BAFF002835D174
:10FD4000152F33DD16225B49304612F0B1FF002833
:10FD50004ED016225849304612F0AAFF002874D01F
:10FD600016225649304612F0A3FFF8B9072506F1CE
:10FD70001600231A1F2B66DD102206A9FFF7D0FDFF
:10FD8000002860D1363693E74D482AB0BDE8F087A9
:10FD90004C482AB0BDE8F0870399384601F0F8FFD7
:10FDA000384612F041FFA4F588508BE7464889E7B2
:10FDB000737801367FE733993A46039B019110210E
:10FDC0003298009006A8FFF781FE0446002C3FF40D
:10FDD0002FAF384612F028FF204673E7339906A864
:10FDE000039A00913946329BFFF740FE0446EDE747
:10FDF0000525BCE733993A463298019118210090C5
:10FE0000039B0DEB0100FFF761FE0446DEE70AA845
:10FE1000039DF8F729FB339B06AA04A80093082149
:10FE2000329BFFF7AFFD044688B10AA8F8F720FB24
:10FE300004A8082101F0ACFFC8E733993A46039BB8
:10FE400001912021BCE721483CE706258FE704A962
:10FE50000AA8F9F737F904460028E6D1019706AB5E
:10FE600000972A4600210AA8F8F768FC0446DCE758
:10FE7000174827E7174870470399384601F088FF6D
:10FE8000384612F0D1FE14481CE70E2208493046CD
:10FE900012F00EFF00287FF40BAF51E780ECFFFF5C
:10FEA000D42A0020EC2A0020D4EEFFFF042B0020EF
:10FEB000182B0020282B0020402B0020582B00203E
:10FEC00080EFFFFF00EFFFFF80EDFFFF00EEFFFF81
:10FED00080EEFFFF80EBFFFF00EDFFFF10B5044653
:10FEE000006818B1616801F053FF206812F09CFEB1
:10FEF000A06812F099FE20460C21BDE8104001F0E8
:10FF000047BF00BF2DE9F04F8A4685B00021064665
:10FF10000093174608461D46134603AADDF838B07D
:10FF2000F3F76AFC304612F0B3FE8146504612F0F9
:10FF3000AFFE039C631C03EB941399440F9B48444E
:10FF400098425CD8002C4AD1A146214600953B46F8
:10FF500003AA4846F3F750FC0446002848D130462F
:10FF600012F096FE31460246584612F071FE3046B7
:10FF700012F08EFE039D0BEB0006ADB14F464FF025
:10FF80000A08402D2C463946304628BF40242246D8
:10FF90002D1B12F05DFE3219631C2744039582F875
:10FFA00000801E44002DECD15046002412F070FE5B
:10FFB00051460246304612F04BFE504612F068FEA3
:10FFC00002464846531CB4541E44109BCBEB060615
:10FFD0001E6012F029FE204605B0BDE8F08F2146D4
:10FFE000012012F04DFE81460028AED10648F3E70D
:10FFF000484612F019FE204605B0BDE8F08F109B70
:02000004600199
:1000000018606FF02900E7E780EEFFFF0138C0B20B
:10001000032803D8024B53F8200070470020704794
:10002000AC05002010B1002303604360704700BF9F
:1000300060B1036853B19B6A10B5044640689847A5
:1000400008212046BDE8104001F0A2BE704700BF65
:1000500070B169B170B5056845B904464B6A0E4682
:100060009847606030B12660284670BD024870BD78
:1000700001487047014870BD80C1FFFF80C0FFFF8D
:10008000F0B12DE9F0470568BDB9DFF848900446A6
:100090001F469046D9F824308A4698470646606045
:1000A00080B1089B2846C4F80090C6F800A0C6F8A6
:1000B0000480B760F360BDE8F0870448BDE8F087CE
:1000C000024870470248BDE8F08700BF80C1FFFFCB
:1000D00080C0FFFFF0D8026020B1036813B19B68B5
:1000E000406818470020704720B1036813B1DB68EF
:1000F00008461847002070472DE9F047DDF82080BA
:10010000DDF82490D8B104460068C0B10E46174609
:1001100063B10569B5B160683A46CDF824903146BF
:10012000CDF82080AC46BDE8F04760470846FEF7B2
:10013000D7F920B1FEF740FA03462068E9E7034803
:10014000BDE8F0870248BDE8F08700BF80C1FFFF2F
:1001500000C1FFFF2DE9F04F89B00DF14809DDF82E
:10016000548099E8000ED2B11568C5B11F46EB68FE
:10017000144607900E469847002845D0079A062A4D
:1001800011D066B953464A4639462046CDF84C80D0
:10019000CDF848B009B0BDE8F04FFFF7ADBF1B4840
:1001A00009B0BDE8F08F002EF9D0236833B19B6809
:1001B000606898470730B8EBD00F23D360680023FE
:1001C000CDF814B0D6F804E01A4635781946CDF8C3
:1001D0000890CDF804A00097CDF810E0039503F047
:1001E000DFF90028DCD1206820B183686068984777
:1001F0000730C008064B80458CBF1846002009B068
:10020000BDE8F08F0348CBE70348C9E780C1FFFF93
:1002100000C7FFFF80BCFFFF00C1FFFF2DE9F04FCB
:1002200081B00DF1280898E8000F00B3044600687B
:10023000E8B10E4617468BB14569E5B160683A46AC
:100240003146AC46CDF834B0CDF830A0CDF82C9086
:10025000CDF8288001B0BDE8F04F60470846FEF7B2
:100260003FF920B1FEF7A8F903462068E4E7034808
:1002700001B0BDE8F08F0248FAE700BF80C1FFFF80
:1002800000C1FFFFF0B5DDF820E050B1046844B1D3
:10029000A46924B1A4464068BDE8F0406047024824
:1002A000F0BD0248F0BD00BF00C1FFFF80C1FFFFED
:1002B000F0B5DDF820E050B1046844B1E46924B140
:1002C000A4464068BDE8F04060470248F0BD0248DF
:1002D000F0BD00BF00C1FFFF80C1FFFFB8B10268E1
:1002E000AAB1A1B10B6893B130B41C6A8CB11D786E
:1002F000052D06D09A4207D123464968406830BC94
:1003000018471378012BF7D0034830BC70470348D7
:1003100070470248F9E700BF00C1FFFF80C1FFFF3F
:1003200050B108B503684BB1DB6A1BB14068984710
:10033000002008BD024808BD02487047014808BDBA
:1003400000C1FFFF80C1FFFF18B103680BB15868FF
:1003500070470148704700BF702B002010B1006843
:1003600000B10078704700BF0048704700E1FFFF10
:100370002DE9F04FADF51B7DDDF894B20390BBF194
:10038000400F98BF402B029104929DF8980200F212
:10039000F6808029994694BF00240124002C40F067
:1003A000EE80FEF79DF88046002800F0EA8007A85E
:1003B000FEF7A2F82246414607A8FEF7BDF818B19D
:1003C0000DF51B7DBDE8F08F40463AADFEF7F4F821
:1003D00007469DF89C121AA8212FAA4634BF402335
:1003E00080231A461E46019312F042FCB3455C4638
:1003F0005046A49928BF34462246A24412F028FC55
:10040000361BF3D15AAC0597CA46DDF804B027462F
:10041000DDF81090DA4556463846494628BF5E4614
:100420003246374412F014FCBBEB060BF2D1029BB0
:100430000AAE059F002B00F0A6807AABDDF8A0B2D3
:10044000049307A8FEF7C4F850BBDDF804901AA97E
:1004500007A84A46FEF7C6F810BB4A46294607A831
:10046000FEF7C0F8E0B94A46214607A8FEF7BAF8F9
:10047000B0B9314607A8FEF7BFF888B9BBF1010F44
:1004800027D94FF0010901E0D94522D033463A4639
:100490003146404609F10109FEF7B8F80028F3D0CB
:1004A00082462846802101F073FC2046802101F01D
:1004B0006FFC0498802101F06BFC3046402101F074
:1004C00067FC07A8FEF71EF850460DF51B7DBDE83A
:1004D000F08F029B3146DDF80CE0BB429946734633
:1004E000704628BFB9464B444A46039312F0B0FB0E
:1004F000029BB3EB0903029347D0049BCDF8148011
:10050000DDF804A098465745B9464046314628BF15
:10051000D1464A46C84412F09BFBBAEB090AF2D115
:10052000049A019BDDF81480D0181946024600E0B9
:1005300039B112F8013D01390133DBB21370002BE0
:10054000F6D0019B8646E918002311F801CD1EF86C
:10055000012D8D42624413440B70C3F30723F4D181
:10056000019BE118002311F801ED10F8012D8C42D8
:10057000724413440B70C3F30723F4D161E70448BA
:100580001EE704481CE77AAB04934FF0000A88E7A3
:1005900080E0FFFF00E1FFFF2DE9F04F0027DBB017
:1005A0000546104607919A460897659CF7F7E2FAC8
:1005B000002800F0C080802C0646D0F80480D0F8D7
:1005C0000CB0099700F2B58039464FF4817219A832
:1005D0000A970B9705F108090C9712F049FB2B6855
:1005E000AF686A68302B17445BD104230BAA3946E5
:1005F0004846F2F789FB002842D0A0F5F4500028C5
:100600003BD15CB1649B5A1E19AB03EB440012F85A
:10061000011F023303F8011C9842F8D10134099AF2
:100620004FEAD808012765000B9C049241460194CB
:100630002B460C9C11A8CDF808A019AA039700948A
:10064000FFF796FEC8B9BBF1000F2ED10DAF19A868
:10065000F7F7B6FA314619A8F7F7C6FA04460028A4
:1006600037D011A8202101F093FB3846102101F06A
:100670008FFB19A8F7F7A8FA20465BB0BDE8F08F0A
:10068000A96848460B9B09AA0C910B443946AB60FC
:10069000F2F778FB0028B0D1AB689F42B1D0274871
:1006A000EBE727485BB0BDE8F08F099802220DAF59
:1006B0000B9C2B460C9D0490594603923846CDF86E
:1006C00008A019AA01940095FFF752FE0028D4D182
:1006D000BDE79DF91C3011A94FEAC80219A8F7F728
:1006E000AFFA04460028BCD1F268394619A8F7F7DA
:1006F00011FB04460028B4D119A8F7F72DFB0446D6
:100700000028AED108AB66A919A800930EC9F7F767
:100710004BFB04460028A4D10899A4F5F054689B2B
:1007200008AA19A81944F7F739FC002808BF0024C3
:1007300097E70448A1E704489FE700BF1AE1FFFFDD
:100740001EE1FFFF80E0FFFF00E1FFFF2DE9F04F1A
:10075000A5B004460068904601930F46DDF8BC90B2
:10076000DDF8C0A0FDF728FF0022012303928DF8D9
:100770000F30BAF1000F67D0431E14AA064602EBF1
:10078000030B424639462046FDF74EFF00285CD158
:100790002E9A20460199FDF7BDFF002855D104226D
:1007A00003A92046FDF7B6FF00284ED114A9204624
:1007B000FDF7C4FF002848D1324614A904A812F05E
:1007C00047FAB9F1010F23D901254246394620469F
:1007D000FDF72AFF002838D1324604A92046FDF74C
:1007E00099FF90BB04A92046FDF7A8FF68BB66B13E
:1007F0000DF14F010DF10F0011F8012F10F8013F1D
:10080000594583EA02030B70F6D10135A945DCD1C5
:100810005645354614A9319828BF55462A46C5EB9A
:100820000A0A12F015FA319B04A804212B443193D3
:1008300010F8013D01390133DBB203700BB9002917
:10084000F6D1BAF1000F9CD1002025B0BDE8F08FA1
:100850002DE9F0438568BDB000244FF004090895E8
:100860000694079409948DF8169081C830282F4477
:1008700015D11D4614460E4610AB0AAA394608A8E3
:10088000F2F78CFB30B90B9A092A0CD068483DB0BE
:10089000BDE8F083A0F53C503DB0BDE8F08365486D
:1008A0003DB0BDE8F0830C99634812F001FA0028CE
:1008B000ECD1109A129B1199302A249303EB010872
:1008C000EDD14B4617AA414624A8F2F71DFA00289D
:1008D00045D0A0F53C500028D9D19DF81600FDF771
:1008E000FFFD80460028D1D0394608A813AB0DAAD9
:1008F000F2F754FB0028CDD10DA80DF11701FEF73A
:10090000C5FF0028C2D19DF81700F7F733F98146DB
:100910000028BBD04368139ADB08042A07934ED102
:10092000149AC3689A424AD119A8FDF7E5FD2CA88C
:10093000F7F746F9149A159924A812F089F9414657
:1009400019A80122FDF7F8FD0746002839D019A89B
:10095000FDF7D8FD2CA8F7F737F9384697E7249824
:1009600006AA179B41461890034424A82493F2F743
:1009700009FA0028ADD1249B9845AED007AA41467C
:1009800024A8F2F7FFF910F1620F01D00028A0D1DE
:10099000249B9845A1D0414624A82CAAF2F76CFBD1
:1009A000002896D12CA80DF11601FEF709FF0028AA
:1009B0007FF46CAF249B98458FD0204867E7204890
:1009C00065E707982A462146069D179C0DF1700899
:1009D000029019A8189BCDF80C8001950094FFF7A0
:1009E000B5FE07460028B2D149462CA8F7F7FCF817
:1009F00007460028ABD1079A73B241462CA8D20013
:100A0000F7F71EF907460028A1D1469A09ABA7F5CA
:100A1000385724A901922CA8459A02930092449B2E
:100A2000149AF7F78DFB002808BF00278FE700BF57
:100A300080D1FFFF9ED0FFFF7C2B00209AD0FFFFCC
:100A400000D1FFFF2DE9F04F9FB083460BA8FDF7C3
:100A500053FD0420FDF744FD00285BD00146012230
:100A60000BA8FDF769FD002854D1DFF8EC8004469F
:100A70004FF01409012308F1180208F1600708F586
:100A8000907608F5F075059208F130024FF0040AEF
:100A9000069208F1480207920822BBF1000F2DD1FF
:100AA0000EA90193CDF800A02B4603910BA8314667
:100AB000CDF80890FFF74AFE0134283520368246EB
:100AC0004A460EA918BB3846203712F0F1F8F0B9A3
:100AD000BBF1000F27D1062C2AD0059B069953F8AD
:100AE00004AF58F8042F059351F8043F0691079975
:100AF00051F8049F0791BBF1000FD1D02146134854
:100B00000993089212F0C8F8099B089AC8E7BBF14C
:100B1000000F14D14FF0010A0BA8FDF7F3FC50466B
:100B20001FB0BDE8F08F0A4812F0BAF8062CD4D1F5
:100B3000BBF1000FF0D00A2012F086F8ECE7054870
:100B40004FF0010A12F0ACF8E6E700BF882B002056
:100B5000101500206015002020D602602DE9F0411C
:100B60008AB090463023054609AA0E46F2F7CCF823
:100B700000284ED12A68099B13449E4245D1022386
:100B800009AA31462846F2F7BFF8044620B1A0F57D
:100B90006C500AB0BDE8F08129680346099A4046C6
:100BA000069405940494039402940194009401F033
:100BB00099FA002832D12C6809AA099802233146F3
:100BC000044428462C60F2F79FF810BB2C680346BB
:100BD000099F024604900146039002900190009004
:100BE00040460697059401F07DFAB8B92A68404658
:100BF000099B13442B6001F0AFFA78B9404601F02D
:100C000081FC58B92B689E42C3D005480AB0BDE8A4
:100C1000F081A0F56C500AB0BDE8F0810148B8E75A
:100C20009AC4FFFF00C5FFFFF0B58FB00C46154614
:100C300006460BA8F3F7D6F8611909AA0AA83023CB
:100C40000A94F2F761F820B1A0F5745420460FB071
:100C5000F0BD0A9F08AA099B0AA81F443946F2F76B
:100C600091F80028F0D1089C002C40F0D480022399
:100C700009AA39460AA8F2F747F8054680B10BA839
:100C8000F3F7B8F84FF680732B4033B1654C30461C
:100C900002F0C6FD20460FB0F0BDA5F57454F6E78E
:100CA00003460695059530460495039502950195F2
:100CB0000095099A0A9901F015FA05460028DED137
:100CC0000A9D0223099809AA394605440AA80A95EB
:100CD000F2F71AF805460028D1D12B4609980A9D4B
:100CE00006901A46059519460493304603930293DD
:100CF0000193009301F0F6F905460028BFD10A9D43
:100D00000223099809AA394605440AA80A95F1F769
:100D1000FBFF05460028B2D12B4609980A9D049096
:100D20001A4603951946069330460593029301939C
:100D3000009301F0D7F905460028A0D10A9D0223AF
:100D4000099809AA394605440AA80A95F1F7DCFF73
:100D50000546002893D10022099D0A9B3046009544
:100D6000114606920592049203920292019201F0BA
:100D7000B9F90546002882D10A9D09AA09980223DB
:100D8000394605440AA80A95F1F7BEFF0546002832
:100D90007FF475AF2B4609980A9D02901A4601957B
:100DA000194606933046059304930393009301F08C
:100DB00099F9054600287FF462AF0A9A3046099BEC
:100DC00013440A9301F0C8F9054600287FF457AF91
:100DD0000BAA39460AA8F2F7BBF8054600287FF4AB
:100DE0004EAF0BAA39460AA8F2F7B2F8054600281A
:100DF0007FF445AF0AA80BAA3946F2F7A9F80546D1
:100E000000287FF43CAF0A9B9F4206D00BA8054CFC
:100E1000F2F7F0FF3BE7044C18E70BA8F2F7EAFF04
:100E200014E700BF00C3FFFF80C2FFFF0368062B6B
:100E3000F0B50D46C1B000F0A480044602A8FAF750
:100E4000F9F86846A36821AA666800931E443146F3
:100E5000F1F798FF002833D1219B013B022B00F2D0
:100E60003D8130233146684601AAF1F74DFF044623
:100E700028B102A8FAF706F9204641B0F0BD019961
:100E80000623009F01AA68460F443946F1F73CFF4C
:100E900004460028EDD1019A072A40F02181009CE8
:100EA0009349204611F004FF002840F019810734CF
:100EB0003946684603AA0094F2F74AF8002879D028
:100EC000A0F57454002CD4D121A8FAF7B3F8FAF79E
:100ED00047F80378064623B945E016F8013F002B92
:100EE00041D021A8FAF7CEF8317821A8FCF792F981
:100EF0000446002857D1189A379B9A42EDD1199A87
:100F0000389B9A42E9D122A903A8F3F743FB0028B2
:100F1000E3D125A906A8F3F73DFB0028DDD128A9D8
:100F200009A8F3F737FB0028D7D134A915A8F3F7A0
:100F300031FB0028D1D12BA90CA8F3F72BFB0028FB
:100F4000CBD131A912A8F3F725FB04460028C4D160
:100F500001460FA8F3F7CCF8074621462EA8F3F771
:100F6000C7F88742B9D121A8FAF78CF833788DF801
:100F700004303378002B00F0B98002A8FAF782F829
:100F800005E001A9FEF77EFB002840F0AB802B783E
:100F90009DF8041013B18B4240F09E802846FCF768
:100FA00039F941B0F0BD21A8FAF76CF833788DF823
:100FB00004305EE703A8F3F7F3F8009B18909F4214
:100FC00040F09280302301AA31466846F1F79CFE3A
:100FD000044600287FF44DAF01990423009C684625
:100FE0000DEB03020C442146F1F78EFE00287FF43E
:100FF00067AF019A06A80099F3F700F900287FF47B
:101000005FAF009F0423019821460DEB03020744C4
:1010100068460097F1F778FE00287FF451AF019AF7
:1010200009A80099F3F7EAF800287FF449AF009F78
:101030000323019801AA2146074468460097F1F767
:1010400063FE18B99DE80C0013440093009B9C427A
:101050004AD101AA042331466846F1F755FE00281B
:101060007FF42EAF02A80CA99DE80C00FAF74EFB06
:1010700008B310F59D4F31D1009B1B78023B012B2B
:101080002CD803A8F3F7B4F8019B411C02469942FF
:1010900024D100990CA80131F3F7B0F8F0B9009B06
:1010A0000FA819780239F3F707F8B8B9012112A887
:1010B000F3F702F890B9009A3146019B6846134451
:1010C00015AA0093F1F744FF00287FF4F9AE15A8A4
:1010D000F3F766F81990F7E60648CEE6054CC8E641
:1010E000054CC6E60548C8E6054CC2E6054CC0E618
:1010F000A02B002000C3FFFF80C6FFFF00C6FFFF3C
:101100009AC2FFFF80B1FFFF70B5002584B016467C
:101110001C461D6001AA5D609D60F1F73FFF18B19C
:10112000A0F56A5004B070BD01A83146FEF766FA1A
:1011300068B93378012BF5D12368052B00D043B96A
:1011400063680548002B08BF002004B070BD034849
:10115000E8E70148E6E700BF80C5FFFF80C3FFFF67
:10116000F0B589B00C4605461144302303AA04A803
:101170000494F1F7C9FD18B1A0F5745009B0F0BDA1
:10118000049E02AA039B04A81E443146F1F7FAFD0F
:101190000028F1D1029B012B4BD1042303AA314635
:1011A00004A8F1F7B1FD0028E6D105F17C07039A08
:1011B00004993846F3F722F8044600283BD1049AF4
:1011C000039B13449E42049319D0A02303AA3146E3
:1011D00004A8F1F799FD044698B310F1620F2AD1E3
:1011E000049B9E420BD03146A12303AA04A8F1F729
:1011F0008BFD0446002845D010F1620F1BD105F18C
:1012000088060024314605F128033A460194284611
:101210000094FAF737FE044668B939462846FAF7CB
:1012200013FE04460028A9D02846F9F75DFF2046A2
:10123000A4E72D48A2E72846F9F756FFA4F5745015
:101240009CE7039A049B002A03EB02044ADD1B7807
:10125000062B059301D0302B42D106AA214604A8C3
:10126000F1F752FD60BB049A069B079213449C421F
:1012700004932BD1294605A8FFF7D8FD0446002882
:10128000AED0D1E7049C03AA039B04A81C442146CA
:10129000F1F7E0FD00287FF46FAF049A039B13443D
:1012A0009C4211D105F18806A31A28463146FAF767
:1012B0002DFA68B1049410F59D4FA2D00B485DE75C
:1012C000B0F57454B0D1D5E7094857E7084CABE7FF
:1012D00031462846FAF7D8FA049400289DD0EAE768
:1012E000044CA1E7044C9FE780C2FFFF00C3FFFF4F
:1012F0009AC2FFFF9EC2FFFFA0C2FFFF70B50B4660
:1013000088B0002411440646049303AA04A830239D
:101310008DF80740F1F7F8FC20B1A0F57454204691
:1013200008B070BD049D02AA039B04A81D44294671
:10133000F1F728FD0028F0D1029C1CB1264C204674
:1013400008B070BD0DF10702294604A805ABFFF7F0
:10135000DBFE0028E1D103AA294604A80423F1F703
:10136000D3FC0028D9D1039B3BB39DF80700FEF7BF
:101370004DFE00B301463046FEF76AFEC8B99DF83F
:101380000730012B1BD0023B012B14D805A8716834
:10139000FFF74CFD034638B9039A04997068FFF7CC
:1013A000DFFE03460028BAD030461C46FEF740FE5A
:1013B000B5E70446B3E7094CB1E7094CAFE7039A38
:1013C00004997068FFF730FC044608B90024A6E7CA
:1013D0003046FEF72DFEA2E780C2FFFF80C3FFFF6D
:1013E000A0C2FFFFF0B591B0169C09911144002CEA
:1013F0002ED01E460546302308AA09A8F1F784FC22
:1014000018B1A0F5745011B0F0BD089A0DAB099F4A
:1014100009A817440AAA3946F1F7C0FD0028F0D1FF
:1014200008AA394609A80423F1F76EFC0028E8D180
:101430000AA80DF11E020DF11F01099FFEF748FADF
:1014400040B10B9A0A2A1AD0092A34D02548DAE783
:101450002548D8E701940146089C0DA80096099EEE
:101460009DF81F309DF81E20049703940296FFF705
:1014700093F8D0B110F5F05FC5D11C48C3E70C99C3
:101480001B4811F015FC01460028DFD123463246E7
:10149000099C0DA8089E02978DE85000FEF764FF96
:1014A0000028B0D13B78302BE7D139462846089A3E
:1014B000FFF724FFA7E70C990E4811F0F9FB01464E
:1014C0000028C3D123463246099C0DA8089E0297E6
:1014D0008DE85000FFF7BCF90028E6D010F5385F22
:1014E00091D1CAE780C6FFFF00C4FFFF80C4FFFFA1
:1014F000A82B0020B42B00202DE9F04188B0144621
:1015000005460E4605A81F46FEF712FB14B304F16C
:10151000FF3816F808300BB32146012011F0B0FB5C
:101520008046002879D02246314611F091FB0E9B6F
:1015300022464146009328463B46FFF753FF21468B
:101540000746404600F024FC404611F06DFB67BBA7
:10155000002000E06E4808B0BDE8F0810E9B04AAB0
:10156000009705A80193334602926A496A4AFEF73A
:10157000E5FA002853D10120FEF748FD0146284630
:10158000FEF766FD044630B9069A05996868FFF7CC
:101590004BFB044610B12846FEF74AFD05A8FEF7AE
:1015A0009DFC204608B0BDE8F0812846FEF740FDCE
:1015B00017F56E5F2FD0224631462846FFF79EFE74
:1015C0000028C5D02846FEF733FD0120FEF71EFD9A
:1015D00001462846FEF73CFD30B922463146686890
:1015E000FFF722FB0028B3D02846FEF721FD02209A
:1015F000FEF70CFD01462846FEF72AFD30B92246CB
:1016000031466868FFF7ACFD0028A1D02846FEF7F8
:101610000FFD3F489FE741489DE741489BE710F594
:101620009C5FF8D010F5985F26D010F5845F92D1BA
:1016300016F80830002B7FF46FAF04AB0E9A05A8A4
:1016400000970293334601923649374AFEF776FAFD
:10165000A0B90220FEF7DAFC01462846FEF7F8FCA6
:101660000446002897D1069A05996868FFF778FD27
:10167000044600288FD191E72C486CE710F59C5F59
:10168000C9D010F5985FF7D010F5845F7FF463AF91
:1016900016F80820002A7FF43FAF04AB01920092B5
:1016A00005A802933346224A2249FEF747FA48B971
:1016B000069A28460599FFF721FE044600283FF4C4
:1016C0006DAF68E710F5845F7FF445AF16F808202A
:1016D000002A7FF421AF04AB0192009205A8029387
:1016E0003346154A1549FEF729FA60B90E9C3B4668
:1016F000069A284600940599FFF774FE04460028D0
:101700003FF44CAF47E710F5845F7FF424AF03E765
:1017100000C3FFFFE02B0020C02B002080C4FFFF90
:1017200080C0FFFF202C0020002C002000C4FFFF01
:10173000402C00205C2C0020782C00209C2C0020C9
:101740002DE9F04387B000241646302302AA8DF815
:1017500007400546F1F7D8FA20B1A0F5745007B05C
:10176000BDE8F08302990DF107022F6803AB28460C
:101770000F443946FFF7C8FC0028F0D102AA3946C9
:101780002846F1F767FBE8B92A68029B13449F4299
:101790001BD19DF80700FEF739FC002843D0014615
:1017A0003046FEF755FC0028D9D19DF80730012BB3
:1017B0000DD0023B012B17D91C4C3046FEF738FCEC
:1017C0002046CCE7A0F56C50C9E71948C7E7726816
:1017D00039462846FFF7C2F904460028EDD12B68A8
:1017E0009F421ED0124CE8E703A87168FFF71EFB6A
:1017F00004460028E1D1D6F804802A6808F1880957
:101800004046BB1A4946F9F781FF044608B12F60EC
:10181000D3E749464046FAF737F82F6004460028D8
:10182000CBD100209BE7014899E700BF80C3FFFFB1
:101830009AC4FFFF2DE9F0418AB0154606460F46CF
:1018400007A8FEF775F985B907A8FEF747FB012041
:10185000FEF7DCFB00283AD001463046FEF7F8FBE5
:10186000002836D00AB0BDE8F08105F1FF3817F83E
:101870000830002BE8D106AA0193009307A8029232
:101880003B46314A3149FEF759F9044600283AD11E
:10189000079B01200593FEF7B9FBC0B10146304616
:1018A000FEF7D6FB0028DDD1059905A8089B7268D4
:1018B0001944FFF753F9044610B13046FEF7B8FB60
:1018C00007A8FEF70BFB20460AB0BDE8F0812048D0
:1018D000C8E70DF128083D44726848F8147D294690
:1018E0004046FFF73BF904460028ECD03046FEF7AF
:1018F0009FFB184B9C42E6D132462946404605974D
:10190000FFF71EFFAEE710F5845FD9D117F8082066
:10191000002A99D106AB0192009207A802933B4698
:101920000D4A0E49FEF70AF9044648B9079B3246AC
:10193000089905A805931944FFF702FF0446BFE77D
:1019400010F5845FBCD17FE7C42C0020E42C00207C
:1019500080C3FFFF9EC4FFFF042D0020202D002028
:10196000062818BF01280CBF01200020704700BFC7
:1019700008B500F0C5FDC00008BD00BF2DE9F0436B
:1019800085B00E4691461F460D9C804600F0B8FD7E
:10199000A04215D800230C9A0546CDF80890039272
:1019A000404601971A460096194601F0F7FE20B905
:1019B000A0F56450A54228BF002005B0BDE8F08323
:1019C0000048FAE780BCFFFF2DE9F04F81B0934655
:1019D00006460C460AAFDDF834801D4697E88006BF
:1019E00000F08EFDCDF830B05146C9F800004246F7
:1019F000304601230D970B950A9401B0BDE8F04FD6
:101A000001F038BD2DE9F04F144681B00F469946DC
:101A100006460A9DDDF82CB0DDF83080DDF834A0F4
:101A200000F06EFDA0420ED15246414630460123E1
:101A3000CDF834B0CDF830900B970A9501B0BDE8E1
:101A4000F04F01F0A3BB024801B0BDE8F08F00BF2A
:101A500080BFFFFF2DE9F04F81B0894617469B46B6
:101A60000BAC0A9D064694E8100500F049FDA04223
:101A700028600DD85246414630460023CDF830B09C
:101A8000CDF82C900A9701B0BDE8F04F01F0D8B91D
:101A9000014801B0BDE8F08F00BCFFFF00F08CBD35
:101AA00030B4012300F10804054D1430054A4D609F
:101AB0008C6048610A610B700B7330BC704700BFCB
:101AC0003C2D0020442D0020023802288CBF00202D
:101AD00001207047806D704710B582B011461A46DC
:101AE000059C049B0094F8F7D5FC034B10F5984F28
:101AF00008BF184602B010BD00C7FFFF70B470BC2D
:101B0000F8F760BC70B5AEB0044615461E4603A893
:101B1000F8F744FD214603A8F8F722FD044668B90A
:101B2000339BA4F5645432462946009303A8329BA4
:101B3000F8F7B0FC10F5984F18BF044603A8F8F763
:101B40002FFD20462EB070BDF0B5B1B004460D4655
:101B5000164605A81F46F8F721FD214605A8F8F707
:101B6000FFFC30B1044605A8F8F71AFD204631B055
:101B7000F0BD399B389A3799369803933B460292C9
:101B8000324601912946009005A8F8F71BFC04464F
:101B9000E9E700BFFAF784BA88300222024B886076
:101BA0000A704B60704700BF4C2D0020023801289E
:101BB0008CBF002001207047A0F10400B0FA80F033
:101BC00040097047A0F10100B0FA80F04009704769
:101BD00008B5C36800689847C00008BD2DE9F04FFC
:101BE00083B0934604460D461E460E99DDF83080BC
:101BF000DDF83490C36800680191DDF83CA0984797
:101C000027680123CDF838B05246C9F8000038469D
:101C1000CDF83C800D960C95A4680199A44603B0BC
:101C2000BDE8F04F604700BF2DE9F0471546044678
:101C30001E46C36800688946089FDDF824809847DF
:101C4000A8420BD120684B46CDF824803A4608962E
:101C500001216468A446BDE8F04760470148BDE83B
:101C6000F08700BF80BFFFFF10B5044601F0D8FD2C
:101C70002046BDE8104010F0D7BF00BF10B50446A5
:101C8000F9F732FA2046BDE8104010F0CDBF00BF92
:101C900010B50446F8F784FC2046BDE8104010F06B
:101CA000C3BF00BF10B50446102100F071F82046F4
:101CB000BDE8104010F0B8BF10B5AC21012010F005
:101CC000DFFF044618B10022114600F0C5F9204696
:101CD00010BD00BF10B5AC21012010F0D1FF0446AB
:101CE00008B1F9F7ADF9204610BD00BF10B5AC2121
:101CF000012010F0C5FF044608B1F8F74FFC20465C
:101D000010BD00BF1021012010F0BABF2DE9F04333
:101D1000CB68ADF50D7D074608680C46984705462B
:101D2000384600F0EDFBED00B5EBC00F28D104AD57
:101D300020222A2100262846904610F099FFE368C9
:101D4000206898470CAA81460123206831460295F5
:101D5000A46803923246CDF804800096A04718B1DB
:101D60000DF50D7DBDE8F0830CAA0146CDF8049079
:101D70004346009238462A46FFF700FE0028EFD07F
:101D800002480DF50D7DBDE8F08300BF00BEFFFFEA
:101D9000024B0A4600211B68184700BF5C62002006
:101DA0002DE9F04F93B00F46044690461C9E02A8C2
:101DB00040220021994610F05BFF00233068019318
:101DC000FCF7FAFBA7B38246BA453046554628BF12
:101DD0003D46FCF7FDFB834660BB4A464146304624
:101DE000FCF700FC834628BB042230460DEB0201C1
:101DF000FCF7F8FB8346E8B902A93046FCF7FCFB88
:101E00008346B8B965B10DF10702601914F8011BDA
:101E100012F8013FA04283EA010304F8013CF5D126
:101E20009DF807307F1B03F101038DF80730CBD1FC
:101E30004FF0000B02A84021FFF7AAFF584613B04D
:101E4000BDE8F08F2DE9F04F002683B091461C4687
:101E5000009605460196DDF8308018BB8B420F4690
:101E600002D35C1A0A2C04D8444D284603B0BDE8BE
:101E7000F08F43464FF0010EE61EFF2103F8020BE0
:101E80001846324688F801E010F0F2FE0346A01E24
:101E90003A469D554946184410F0DAFE284603B0EC
:101EA000BDE8F08FFCF71CFB06460028DCD0284676
:101EB0006A4601A9FDF7C8FC05460028D4D1304682
:101EC000FCF77AFB009B0646034403F108027F2AD5
:101ED000CAD810F10A01C7D203F10A029142C3D84D
:101EE0009442C1D3A4F10A07FF1A0A2FBCD9C346F2
:101EF000033F0123FF210BF8025B3A46584688F85E
:101F0000013010F0B5FEDDF800A00BEB07034FF039
:101F1000300E0AF108015FFA8AF20BF8075006202A
:101F20003144DF1D9A71043283F801E083F803E045
:101F30009970587138461A715246019910F088FE0E
:101F400007EB0A034FF0040E0522494603EB0E0B84
:101F500007F80A20DE7032465D70584683F802E0CA
:101F60005E4410F075FE08EB04039E423FF47DAF23
:101F700021464046FFF70CFF76E700BF80BFFFFF1A
:101F800052B138B50C468D1810F052FE04F8010B12
:101F9000AC42F9D1002038BD00207047F8B500F1FF
:101FA0000805476804460E462846F2F721F987429D
:101FB00045D16368B3F5007F41D800212846F2F788
:101FC0005BFB00283BDD28460021F2F791F8B0B317
:101FD000BEB304F12C0500212846F2F74DFB002882
:101FE0002DDD28460021F2F783F840B304F13805CF
:101FF00000212846F2F740FB002820DD284600217A
:10200000F2F776F8D8B1002104F11400F2F734FBAE
:10201000002814DD002104F14400F2F72DFB002814
:102020000DDD002104F15000F2F726FB002806DD4B
:1020300004F15C000021F2F71FFB002808DC0548D2
:10204000F8BD314604F11400F2F716FB0028F6DD66
:102050000020F8BD80BFFFFF70B504460E46154650
:102060000021AC2210F004FEC4F8A460C4F8A8500B
:1020700070BD00BFF8B5044615461E460F4619B19F
:102080000830F1F739FF30BB2DB1294604F12C009F
:10209000F1F732FFF8B92EB1314604F13800F1F70B
:1020A0002BFFC0B9069B2BB1069904F12000F1F774
:1020B00023FF80B9079B2BB1079904F11400F1F7B6
:1020C0001BFF40B95FB104F10800F2F791F800215D
:1020D00060600846F8BDA0F581410846F8BD394664
:1020E000FBE700BF70B504461D4661B100F108066C
:1020F0003046F2F783F810B1A0F5814070BD30464C
:10210000F2F776F860603DB12946049A04F12C009C
:10211000F2F774F80028EFD1059B3BB1069A04F161
:1021200038000599F2F76AF80028E5D1079B3BB122
:10213000089A04F120000799F2F760F80028DBD133
:10214000099B3BB104F114000A9A0999F2F756F879
:102150000028D1D1002070BD2DE9F04F044600F1D8
:10216000080A87B0002104F1140300F12C0700F1E4
:10217000380800F1200950460293F2F77DFA021C5C
:1021800004904FF0000118BF012238460592F2F783
:1021900073FA002103904046F2F76EFA00210546DB
:1021A0004846F2F769FA061C4FF000018346029890
:1021B00018BF0126F2F760FA039A0030049B18BF9B
:1021C0000120002A18BF002D14BF012100211BD0BF
:1021D00006EA00020025BBF1000F14BF002600F044
:1021E000010655EA060000D17AB14FF0010B33BB6E
:1021F00029B3424639465046F2F78AFBD8B1A0F5DA
:10220000814007B0BDE8F08F1AB1254807B0BDE89E
:10221000F08F059A002AF8D0B5FA85F506406D09C9
:1022200028403540BBF1000F14BF002200F001022E
:1022300052BB1646D5E75046F1F7DAFF6060C5B9E4
:102240002EBBBBF1000F0ED004F1500304F15C056E
:102250004A46414638468DE8280004F1440301F01F
:1022600075FF0028CBD15946204607B0BDE8F04F96
:1022700094E6CDF80080504602993B464A4601F06C
:10228000FFFD0028DDD0BAE7AB460E46AFE7029A65
:102290004B464146384601F0F1FE0028D1D0AEE76A
:1022A00080BFFFFF2DE9F04700F1080904468A4688
:1022B0000021484615461E46DDF82080099FF2F7AA
:1022C000DBF978BBB8F1000F08BF002E4BD1002D11
:1022D00049D1BAF1000F04D049465046F1F70CFE3F
:1022E000F0B92DB1284604F12C01F1F705FEB0BB81
:1022F0002EB1304604F13801F1F7FEFD88BBB8F18C
:10230000000F05D0404604F12001F1F7F5FD68BB50
:1023100077B304F114013846BDE8F047F1F7ECBD9E
:10232000BDE8F087002104F12C00F2F7A5F90028A0
:10233000C8D0002104F13800F2F79EF90028C1D07E
:10234000002104F12000F2F797F90028BAD000210B
:1023500004F11400F2F790F90028B3D0B9E7BDE812
:10236000F087BDE8F0870448BDE8F087BDE8F08756
:102370003846BDE8F08700BF80BFFFFF2DE9F04F72
:1023800085B01D4600F108070446109B8946384673
:10239000002101939246129BDDF838B00293139B03
:1023A0000F9E0093149BDDF844800393F2F764F9C9
:1023B000002838D1B8F1000F08BF002E50D1002DF1
:1023C0004ED1B9F1000F05D0524649463846F1F7D3
:1023D0004BFF28BB35B15A46294604F12C00F1F7D2
:1023E00043FFE8B936B1019A314604F13800F1F7FC
:1023F0003BFFA8B9B8F1000F06D0029A414604F19C
:102400002000F1F731FF58B9009B43B1039A04F162
:102410001400009905B0BDE8F04FF1F725BF18464C
:1024200005B0BDE8F08F002104F12C00F2F724F98B
:102430000028BFD0002104F13800F2F71DF9002870
:10244000B8D0002104F12000F2F716F90028B1D02D
:10245000002104F11400F2F70FF90028AAD0B0E728
:10246000014805B0BDE8F08F80BFFFFFF8B5044616
:102470000D460830002116461F46F2F7FDF808B950
:102480001B48F8BD002104F12C00F2F7F5F80028F4
:10249000F6D0002104F13800F2F7EEF80028EFD072
:1024A000002104F12000F2F7E7F80028E8D000212D
:1024B00004F11400F2F7E0F80028E1D02DB128462D
:1024C00004F14401F1F718FD78B92EB1304604F15A
:1024D0005001F1F711FD40B92FB104F15C0138460C
:1024E000F1F70AFD08B90020F8BDA0F58140F8BD5C
:1024F00080BFFFFFC0F8A410C0F8A820704700BF3D
:102500004068704770B500210446FFF747FDD0B919
:1025100004F1080605463046F1F742FE7F2812D93D
:10252000143429462046F1F7E3FD60B12046F1F767
:1025300037FE012807D931462046F2F72BF800284C
:1025400001DA284670BD014D284670BD00BEFFFF70
:10255000F0B585B00446FFF7D5FF40BB012120460A
:10256000FFF71CFD18BB04F12C0504F1380604F13B
:10257000200704F1140E02902946019032463B4692
:10258000CDF800E004F1080001F01EFE78B904F176
:10259000500304F15C0E3A46314628468DE8084067
:1025A00004F1440301F010FF08B905B0F0BD014883
:1025B00005B0F0BD00BEFFFF38B50C460546FFF77D
:1025C000A1FF90B92046FFF7C3FF70B904F10801DD
:1025D00005F10800F1F7DEFF38B904F1140105F147
:1025E0001400F1F7D7FF00B938BD014838BD00BF6E
:1025F00000BEFFFFF0B50E4687B000211746054626
:10260000FFF7CCFCD8B9044603A8F1F7EBFB314641
:1026100003A86A68F1F7F2FD38B1A0F5854403A874
:10262000F1F7E8FB204607B0F0BD05F1080603A866
:102630003146F1F7AFFF002803DB0F4CEFE70F4CFB
:10264000F0E705F1680003A905F114023346009094
:1026500008466D68F2F77EFE0028DED12A4639462C
:1026600003A8F1F701FE054603A8F1F7C3FB002D0F
:10267000D8D0A5F58544D5E77CBDFFFF80BFFFFF1F
:102680002DE9F04FADB00E461D4683460491012161
:102690000592FFF783FC002840F09D8004460EA8B9
:1026A000F1F7A0FB11A8F1F79DFB14A8F1F79AFB35
:1026B00017A8F1F797FB002E49D020AB0DF18C0A3B
:1026C0001AAF0DF1740818460393F1F78BFB5046CF
:1026D000F1F788FB26AE38460DF1A409F1F782FB2D
:1026E0004046F1F77FFB3046F1F77CFB4846F1F7B7
:1026F00079FB2946DBF804200EA8F1F77FFD05469B
:10270000002800F0BB8011A8F1F774FB14A8F1F7C2
:1027100071FB17A8F1F76EFB0398F1F76BFB5046BE
:10272000F1F768FB0EA8F1F765FB3846F1F762FB9D
:102730004046F1F75FFB4846F1F75CFB3046F1F7A6
:1027400059FB002D41D120462DB0BDE8F08F1AAFC6
:102750000DF1740826AE0DF1A4093846F1F742FBDD
:102760004046F1F73FFB3046F1F73CFB4846F1F7B6
:1027700039FB2946DBF804200EA8F1F73FFD05469A
:10278000002868D10BF108030EA819460693F1F74B
:1027900001FF002821DB11A86FF00305F1F72AFBE8
:1027A00014A8F1F727FB17A8F1F724FB0EA8F1F7FF
:1027B00021FB3846F1F71EFB4046F1F71BFB48466C
:1027C000F1F718FB3046F1F715FBA5F586442046D6
:1027D0002DB0BDE8F08F4D4CB5E70EA93046F1F7AE
:1027E0008BFB0546002838D10BF1440307930BF10E
:1027F00050030893049B93B1DBF8A030002B4AD020
:102800000BF18C0A524651465046F2F781F80546C4
:1028100000287FD020AB03930DF18C0A73E70BF1F6
:1028200074000BF12C03079A0EA900903846099307
:10283000F2F790FD054670B90BF180000BF13803FB
:10284000089A0EA9009040460593F2F783FD0546CD
:10285000002800F0008111A8A0E711A8F1F7CAFA3A
:1028600014A8F1F7C7FA17A8F1F7C4FA049B002BD4
:102870009CD020AB0DF18C0A03934DE70BF10803BC
:102880000EA819460693F1F785FE0028A5DB11A8CE
:102890006FF0030538E70BF198030B220BF18C0165
:1028A0000394CDF8248014460A960D46CDF82C905A
:1028B0001E460C97DDF81080DDF81490069F0D93EE
:1028C000DBF8041042464B4630460139AA46F2F77F
:1028D0000FFF3A463146002840F01C812846F3F7A6
:1028E00095F80121002840F015812846F1F7C4FE33
:1028F000002800F01C81013CE2D1039CDDF824801B
:102900000A9EDDF82C900C9F014D83E780BFFFFFEE
:1029100080BBFFFF069A51465046F2F7A7FB0546DB
:1029200000287FF477AF0BF198031A461946184632
:102930000393F1F7EDFF039B054600287FF46AAF90
:10294000069A19461846F2F791FB0546002D7FF4CA
:1029500061AF0EA952460846F1F7DAFF0546002896
:102960007FF458AF0EA9069A0846F2F77FFB05469A
:1029700000287FF44FAF0BF12C03012211A8194658
:102980000993F1F7ADFF054600287FF443AF0BF143
:102990003803012214A819460A93F1F7A1FF05464E
:1029A00000287FF437AF059B1C21049A17A8F2F783
:1029B0009FFE20AB0546039300287FF42DAF17AA96
:1029C00011A91846F1F7A4FF054600287FF424AFAB
:1029D0000398079A0146F1F71BFF054600287FF48C
:1029E0001BAF059B1C21049A17A8F2F781FE0DF17D
:1029F0008C0A054600287FF486AE17AA14A9504613
:102A0000F1F786FF054600287FF47DAE089A51460F
:102A10005046F1F7FDFE054600287FF474AE0BF139
:102A20007400099B039A0EA900903846F2F792FCB5
:102A3000054600287FF467AE0A9D0BF180005246E0
:102A40000EA92B46009040460595F2F783FC0546FB
:102A500000287FF458AE424639460EA8F1F700FF31
:102A6000054600287FF4F9AE0BF15C020EA938464A
:102A7000F1F74EFF054600287FF4EFAE099A39467C
:102A80000EA8F2F7F3FA054600287FF4E6AE059AA1
:102A90000EA93846F1F73CFF054600287FF4DDAE6D
:102AA0003A4641460EA8F1F7B3FE054600287FF4EA
:102AB000D4AE049B002B66D00EA90BF198020846F9
:102AC000F1F726FF054600287FF4A4AE0EA9069A6A
:102AD0000846F2F7CBFA054600287FF49BAE0BF1CF
:102AE0006800069B0BF114020EA900904846F2F70D
:102AF00031FC0546002836D020AB11A80393F1F72E
:102B000079F914A8F1F776F917A8F1F773F90DF12F
:102B10008C0A01E620AB039C0546DDF824800A9E62
:102B20000DF18C0ADDF82C900C9F0393EBE5284601
:102B30000D99069A039CDDF824800A9EDDF82C90FE
:102B40000C9FF3F76DF8054600287FF463AE0BF198
:102B50006800069B0BF11402514600905046F2F7B4
:102B6000F9FB0546F2E631464846F1F713FD00B39E
:102B700011A81E4DF1F73EF914A8F1F73BF917A87B
:102B8000F1F738F975E60BF16800069B0BF11402BA
:102B90000EA900904846F2F7DDFB054600287FF4B9
:102BA0005AAE31464846F1F7F5FC68B111A80F4D11
:102BB000F4E520ABDBF8042036990EA80393F1F777
:102BC00053FB054611A89AE7DBF804200EA83699B6
:102BD000F1F74AFB054611A8F1F70CF914A8F1F733
:102BE00009F917A8F1F706F99CE500BF80BCFFFFC3
:102BF0002DE9F04F012B83B0DDF830A0DDF834B0C3
:102C0000DDF838806AD0BBF1000F18BF002969D009
:102C1000B8F1000F66D044680AF10B07BC4261D3DB
:102C2000BA4594BF4FF0000E4FF0010EBEF1000FF9
:102C300058D1E71E16460D46019088F800E0CAEB11
:102C4000070743BB022208EB020988F8012097B16D
:102C5000642403E0013C3CD000283AD101224946DB
:102C60003046A84799F80020002AF3D088BB013FDE
:102C700009F10109ECD1484600235246594600F8B3
:102C8000013B0FF0E5FF42464146019803B0BDE825
:102C9000F04FFFF7AFBC012208F1020388F80120D2
:102CA00017B3D819FF2203F8012B8342FBD100236D
:102CB0005246594600F8013B0FF0CAFF43463246E0
:102CC00029460198CDF8308003B0BDE8F04FFFF7FA
:102CD000D7BCA0F5894003B0BDE8F08FD0F8A44080
:102CE000002C90D00148F6E71846E0E780BFFFFFD0
:102CF000012B2DE9F04F8BB066D0002968D0044637
:102D000090F8A80017460D460393FBF7E9FB0290E5
:102D100000285DD0D4F804A0FBF74EFC169B06B249
:102D200080460233760033449A4551D3169A9A422C
:102D300094BF4FF000094FF00109B9F1000F47D1DE
:102D4000189B52464946184603F1010B0FF090FFBD
:102D5000189B5946424683F800903846A84720B150
:102D6000A0F589400BB0BDE8F08F0BEB0803159A76
:102D7000149902980493FBF749FC0028F2D1169BA2
:102D80004FF0010E0590AAF102001A461799C01AD9
:102D9000049B4044861B06EB0E0003F806E0184433
:102DA0000FF056FF07A8FBF7A7FB059B029907A8A2
:102DB0001A46FBF7C1FB814670B107A8FBF7A2FBDF
:102DC00048460BB0BDE8F08FD0F8A440012C94D059
:102DD0001A480BB0BDE8F08F189A0AF1FF3A08F1D3
:102DE000010607ABC8EB0A0A164400935A4643464D
:102DF00051463046FEF7D4FF81460028DDD107ABAF
:102E000032464146584600935346FEF7C9FF0646F0
:102E100007A8FBF777FB7EB9039B3BB1189B3A46AB
:102E2000294620460093FFF72BFC9BE7189A204683
:102E30001146FFF7DFFB95E7304693E780BFFFFFC2
:102E4000F0B587B0D0F8A4400CADE0CD74B1012C42
:102E500002D00A4807B0F0BD0024049703960295FB
:102E600001940094FFF744FF07B0F0BD0E970D9654
:102E70000C9507B0BDE8F040FFF7BABE00BFFFFFFA
:102E8000012BF0B5ADF5037D50D04668A6F11004D6
:102E9000B4F5F87F00F2998002AD002B3ED18999FC
:102EA0002A46FFF7A7FB044678BB6B78A6F1020E13
:102EB00095F800C0002283F001030DF10901AE4432
:102EC000174643EA0C0C11F8010FFF2818BF42F017
:102ED0000102714582F0010057FA80F7F3D10DF13C
:102EE0000A01072F07F10102CB5D8CBF00240124EA
:102EF00011444CEA03031C4364B2002C5DD14A1B0D
:102F00008B9BB21A9A425AD9314C28464FF4007121
:102F1000FEF73EFF20460DF5037DF0BD899B009531
:102F2000FFF7AEFB04460028EFD1BEE7D0F8A4308F
:102F3000002B4AD14668A6F11003B3F5F87F44D8B8
:102F400002AD899B0095FFF79BFB04460028DCD16E
:102F50006B78A6F1020C95F800E0204683F002039E
:102F60002746AC440DF1090143EA0E0E11F8013F6A
:102F70005A428C4542EA0302C2F3C01282F00102B7
:102F800040EA0200C0B2C0F1000242EA0002C2F30D
:102F9000C01282F001021744E8D10DF10A01072F97
:102FA00007F10102CB5D8CBF0024012411444EEADD
:102FB00003031C4364B2002CA1D0064CA5E7889BF8
:102FC0008A981A600FF044FE9FE70348A3E700BF0A
:102FD00000BCFFFF00BFFFFF80BFFFFF012B2DE9FB
:102FE000F04FADF5197D65D04768A7F11004B4F531
:102FF000F87F63D8044690F8A80016468B461D4615
:10300000FBF76EFA0390002858D0FBF7D5FA00F1D1
:10301000010881464FEA480A57454FD3B5B918AD64
:103020002046A5992A46FFF7E5FA0446CCB108AE3A
:1030300028464FF40071FEF7ABFE30464021FEF704
:10304000A7FE20460DF5197DBDE8F08F18AD20468E
:10305000324659460095A59BFFF712FB0446002C0B
:10306000E5D105A8FBF748FA2246039905A8FBF726
:1030700063FA0446C8B97E1E05ABA8440DF1610091
:10308000C9EB06060093424649463346FEF788FEE2
:10309000044650B905AB314640460DF1610200933C
:1030A0004B46FEF77DFE044668B105A808AEFBF767
:1030B00029FABDE7D0F8A440012C95D030480DF591
:1030C000197DBDE8F08F08AE05A8FBF71BFA039841
:1030D0003346A39AA299FBF799FA04460028A7D190
:1030E0000DF161032A7803EB0901B9F1000F11D04A
:1030F00009F1FF380DF11F0001F1FF3EB04410F857
:1031000001CF1EF8013F40458CEA030342EA030267
:10311000F5D14944AAF10203FB1A022B2DD0033B3F
:103120004FF0000E01F1FF3C0B44F0461CF8010F7C
:103130004EEA000E6345CEF100004EEA0000C0F3F7
:10314000C01080F001008044F0D111F8083083F005
:103150000103134309D108F10108A79B41444A1B0D
:10316000BA1A9A4203D9074C62E7074C60E7A49B5E
:10317000A6981A600FF06CFD5AE74FF00008E4E7DC
:1031800080BFFFFF00BCFFFF00BFFFFFF0B587B0AF
:10319000D0F8A4400CAD95E8E04084B1012C02D0F9
:1031A0000C4807B0F0BD0024CDF814E00497039656
:1031B000029501940094FFF711FF07B0F0BDCDF820
:1031C0003CE00E970D960C9507B0BDE8F040FFF778
:1031D00057BE00BF00BFFFFF2DE9F04782B0884611
:1031E000012B05460BA991469DF8280046C90ED033
:1031F0001C466B680096FEF725FE80BB84B9284606
:103200003246314602B0BDE8F047FFF7F3B9D5F8D2
:10321000A430002B48D16B680096FEF713FEF0B97E
:103220006C68012021460FF02BFD074600283DD099
:10323000214601200FF024FD8246002839D0009756
:103240004A46414633462846FFF71AFA044648B133
:1032500038460FF0E9FC50460FF0E6FC204602B07D
:10326000BDE8F087524639462846FFF7C3F90446C1
:103270000028EDD16A6892B15046751E0AEB020C27
:10328000234610F801EB15F8011F60458EEA010195
:1032900043EA0103DBB2F4D10BB1094CD8E7304665
:1032A00039460FF0D5FCD3E70648D8E76FF00F009A
:1032B000D5E738460FF0B8FC6FF00F00CFE700BF3E
:1032C00000BDFFFF80BFFFFF2DE9F04F012B9BB03A
:1032D0009DF890E02CD079B317460D4604469946E8
:1032E0004668BEF1000F1BD194F8A800FBF7F8F870
:1032F000834608B3FBF760F98046430002339E42E1
:103300001AD33246002127980FF0B2FC0AA9424690
:103310003846A847A0B1A0F589401BB0BDE8F08FA2
:103320007046FBF7DDF838B1FBF746F92590DBE78F
:10333000D0F8A440012CCED04D481BB0BDE8F08F92
:1033400004F10803039018460493F0F729FF059051
:103350000FFA88F0279B4FF0010E4246A6EB400083
:103360000AA900F1FF3A18449A4400F802EC5046CA
:103370000FF06EFC07A8FBF7BFF8039B594607A8A0
:103380001A46FBF7D9F8834630B107A8FBF7BAF81D
:1033900058461BB0BDE8F08F07A8FBF719F9834624
:1033A0000028F2D10AEB0803082207A81946039364
:1033B000FBF718F983460028E7D1259A07A8269934
:1033C000FBF710F983460028DFD142460AA907A877
:1033D000FBF708F983460028D7D1039907A8FBF724
:1033E0000BF983460028D0D1059B07A8711E039ACC
:1033F000013B0090C8EB0101279813F0070F4346EB
:103400000CBF4FF0010E4FF0000ECEEB01017044E7
:10341000FEF7C6FC83460028B7D10498F0F7C0FE3B
:10342000FF21C0EBC606279BBC220AA801361B78E9
:1034300041FA06F640211E40279B1E700AF818200C
:10344000FEF7A6FC07A8FBF75DF8B9F1000F09D05D
:10345000279B3A46294620460093FFF711F91BB0F7
:10346000BDE8F08F279A20461146FFF7C3F854E7CE
:1034700080BFFFFFF0B5D0F8A44006AE9DF8145011
:1034800096E8C04064B1012C08D1CDF820E0079740
:1034900006960595BDE8F040FFF716BF0548F0BD5C
:1034A000CDF820E0079706960595BDE8F040FFF7B8
:1034B00093BE00BF00BFFFFF2DE9F04F012B83B08B
:1034C00045689DF8304058D08A46804629460120FC
:1034D000934699460FF0D4FB0646002848D029466B
:1034E00001200FF0CDFB074600283AD000902B4674
:1034F00020460E9A0D99FEF7A5FC0446F8B9B9F1DD
:10350000000F40D1404632460F99FFF773F804464A
:10351000ACB9A5B120463246791E06EB050E12F86D
:10352000014B11F8013F724583EA040340EA0300AE
:10353000C0B2F4D1002818480CBF00240446294624
:103540003046FEF725FC30460FF06EFB2946384624
:10355000FEF71EFC38460FF067FB204603B0BDE8BF
:10356000F08F30462946FEF713FC30460FF05CFB27
:103570006FF00F0003B0BDE8F08FD0F8A460002E0C
:10358000A2D00648F6E700965A46514640460F9BA1
:10359000FFF776F80446BBE780BCFFFF80BFFFFF64
:1035A0002DE9F047012BADF5187D07469DF8808287
:1035B0009DF88C9251D04468A4F11005B5F5F87FC0
:1035C0005FD8002B53D118ADA5992A46FFF712F802
:1035D00000283ED1661EAB5DBC2B40F08480B8F164
:1035E000000F07D04046FAF77BFF002849D0FAF7D2
:1035F000E3FFA1904846FAF773FF8146002840D0C8
:10360000FAF7DAFF0023804607F1080003930493DA
:10361000F0F7C6FDE300471E2A78C3F108033B44D8
:1036200052FA03F32DD1790728D02646AA4608F18D
:1036300002039E4225D305A8FAF75EFF494605A876
:103640000022FAF779FF044600B305A8FAF75AFFFB
:1036500020460DF5187DBDE8F087D0F8A430012B89
:103660000FD14468A4F11003B3F5F87F09D818AD61
:10367000A59B38460095FFF703F8A9E70DF1610A0D
:10368000D5E736480DF5187DBDE8F0876FEA0801EB
:1036900005AB50463144009343460AEB01094A46C4
:1036A000FEF77EFB04460028CFD1C7EBC606FF27F6
:1036B0002B7809F1FF3147FA06F68A4506EA030638
:1036C0002E709AF8002047D212B145E09A4632B9DE
:1036D0000AF101039AF801208B42F7D10B46012A27
:1036E00003D01F4CB1E71E48B3E75D1CA49B5A1CD6
:1036F000C5EB090601D0B342F3D105A8FAF768FF7C
:1037000004460028A1D103A9082205A8FAF76AFFF8
:103710000446002899D1A19A05A8A299FAF762FF58
:103720000446002891D13246294605A8FAF75AFFE7
:103730000446002889D105A808A9FAF75DFF0446C8
:10374000002882D1424608A948460FF0B1FA054B3D
:10375000002818BF1C4678E75346C0E780BFFFFF2C
:1037600000BFFFFF80BCFFFFF0B5D0F8A84087B0D6
:103770009DF830500D9F7CB1E4B24FF0FF3E0F9E9C
:1037800003940E9C05960294CDF810E08DE8A000FD
:10379000FFF706FF07B0F0BD2C46EEE72DE9F04736
:1037A000D0F8A45086B09DF838E0DDF83CC0DDF8D4
:1037B0004080DDF8449015B3012D03D0174806B0C2
:1037C000BDE8F0879A46D0F8A83004460E46174662
:1037D00013BB754620464FF0FF3453463A463146F8
:1037E000CDF814900395CDF80880CDF804C0CDF83D
:1037F00000E00494FFF7D4FE06B0BDE8F087CDF8F2
:103800004490CDF84080CDF83CC0CDF838E006B00B
:10381000BDE8F047FFF750BEDDB2DBE700BFFFFFBA
:1038200010B504468C30F0F7E5FA04F19800F0F793
:10383000E1FA04F16800F0F7DDFA04F12000F0F796
:10384000D9FA04F13800F0F7D5FA04F12C00F0F7BA
:10385000D1FA04F11400F0F7CDFA04F10800F0F702
:10386000C9FA04F18000F0F7C5FA04F17400F0F72A
:10387000C1FA04F15C00F0F7BDFA04F15000F0F772
:10388000B9FA04F14400BDE81040F0F7B3BA00BF44
:103890002DE9F04F002918BF7F2B91B01A9D40F2FF
:1038A000B680022D40F3B380DC0700F1B0801746EC
:1038B00007AA039000F1140B10460E461C46F0F7C1
:1038C00091FA0AAA1046F0F78DFA0DAA1046F0F701
:1038D00089FA29465846F0F7EFFB024600287BD1CB
:1038E0004FEA5408C72C04F101030399A8F16302BD
:1038F00098BF4FF000094FEA530301F12C0401F186
:10390000380588BF9146049300973346002241460C
:103910002046F2F745FB002872D102460097334655
:1039200041462846F2F73CFB002869D12A46214649
:1039300007A8F0F795FF002862D107A8F0F730FC40
:103940008145E1D2079B002B5CDB0122214620460A
:10395000F0F7C6FF002853D1012229462846F0F788
:10396000BFFF00284CD12A46214607A8F0F7D0FF18
:10397000002845D107AA59460AA8F2F747F80028B7
:103980003ED101210AA8F0F777FE82460028BBD17C
:103990002A4621460AA8F2F739F8002830D1014614
:1039A0000AAB07AA0DA8F1F733F948BB039B0DAA90
:1039B0005946203318460593F2F732F900BB0598B3
:1039C000F0F7EEFB049B98429ED901222146204647
:1039D000F0F76EFF024600B307A80492F0F70AFA68
:1039E0000AA8F0F707FA0DA8F0F704FA049A03986A
:1039F000A2F5834AFFF714FF504611B0BDE8F08FDF
:103A00000246E9E729462046F0F7BCFA9DE7DFF8D1
:103A10007CA0504611B0BDE8F08F0122294628460F
:103A2000F0F746FF02460028D6D1039B2A462146DE
:103A300003F108063046F0F76BFF02460028CBD1B1
:103A40003046F0F7D5FB039F059A29463B46786040
:103A500007F1500620465C33009601933B46443301
:103A600000F074FB02460028B6D10398FEF770FD03
:103A7000049007A8F0F7BEF90AA8F0F7BBF90DA863
:103A8000F0F7B8F9049A002AB6D0B0E780BFFFFF7C
:103A900070B50D460A68044608316B68083084E842
:103AA0000C00F0F729FA064620B12046FFF7B8FED1
:103AB000304670BD05F1140104F11400F0F71CFA52
:103AC00006460028F1D105F1200104F12000F0F7AD
:103AD00013FA06460028E8D105F12C0104F12C0068
:103AE000F0F70AFA06460028DFD105F1380104F1A3
:103AF0003800F0F701FA06460028D6D105F1440156
:103B000004F14400F0F7F8F906460028CDD105F19C
:103B1000500104F15000F0F7EFF906460028C4D137
:103B200005F15C0104F15C00F0F7E6F906460028B7
:103B3000BBD105F1740104F17400F0F7DDF906461C
:103B40000028B2D105F1800104F18000F0F7D4F92A
:103B500006460028A9D105F1680104F16800F0F7D4
:103B6000CBF906460028A0D105F18C0104F18C00A8
:103B7000F0F7C2F90646002897D105F1980104F143
:103B80009800F0F7B9F9064600288ED1D5F8A420A0
:103B9000D5F8A830C4F8A420C4F8A83088E700BF3E
:103BA0002DE9F047E4B0054605A8F0F71BF9AC2273
:103BB000002139A80FF05CF805A8A34A1021F0F7FE
:103BC0002BFF044648B9019003460090024605A920
:103BD00039A8FEF74FFA044648B105A8F0F70AF9EC
:103BE00039A8FFF71DFE204664B0BDE8F087974A6C
:103BF000102105A8F0F710FF04460028EDD105A913
:103C000044A8F0F779F900283BD1914A102105A882
:103C1000F0F702FF04460028DFD105A947A8F0F716
:103C20006BF9002831D18B4A102105A8F0F7F4FE7A
:103C300004460028D1D105A941A8F0F75DF910B1DB
:103C4000B0F58144C9D1844A102105A8F0F7E4FEFB
:103C500004460028C1D105A93EA8F0F74DF910B1DE
:103C6000B0F58144B9D139A8FEF776FA04460028A8
:103C7000B3D1002D4ED139A8FEF744FC48B1012440
:103C8000ABE7B0F58144A8D1BFE7B0F58144A4D13A
:103C9000C9E739A8FEF75CFC0028F0D10DF1340922
:103CA0006E4F0DF164084FF0180A4E46CDF804909F
:103CB000CDF808800FCF0FC697E80300CDF800A01D
:103CC0002B462A4686E80300654939A8FFF7B8F86D
:103CD0000028D4D113AE04AFCDF80CA00123CDF849
:103CE00004802246029639A800975D49FFF74EFAF4
:103CF0000028C4D13A68304649460EF0D9FF002862
:103D0000BDD108AE51464846324601F04BFE68B17F
:103D1000012069E753480EF0BFFF39A8FEF7F2FB18
:103D200000B3514801240EF0BBFF56E70427CDF83D
:103D30000C8002962A4601950123009739A848492C
:103D4000FFF798FB00289AD1CDF80C802346029605
:103D5000224601942146009739A8FFF71FFD00284D
:103D60008DD13AE739A8FEF7F3FB0028D9D10DF140
:103D700034083A4E3D4819AF0EF08EFF4546CDF857
:103D800004804FF018090FCE0FC596E80300029784
:103D90002346CDF80090224685E80300304939A833
:103DA000FFF74EF80028BCD113AD04AE30480EF03A
:103DB00073FFCDF80C9001970123029522460096DF
:103DC00039A82749FFF7E2F90028AAD13268284626
:103DD00041460EF06DFF0028A3D1264808AD0EF035
:103DE0005FFF25480EF058FF494640462A4601F03D
:103DF000D9FD20B11C480EF053FF0120F4E6042643
:103E000003970295012301942246009639A814498C
:103E1000FFF730FB002884D118480EF03DFF0397D0
:103E200002952346019422460096214639A8FFF7C1
:103E3000B5FC00287FF475AF0E480EF031FF0A2064
:103E40000EF002FFC9E600BF702D0020742E002086
:103E5000F82E00207C2F002080300020E00300207E
:103E6000811F01608830002060150020C0300020D4
:103E7000A030002010150020E0300020F830002095
:103E80002DE9F0477C4C96B0864689469446984684
:103E900004F1300A1E9F08AE2068103454F80C1C40
:103EA000354654F8082C103654F8043C54450FC5D8
:103EB000F2D12068A3883060B380B8F1000F3CD005
:103EC000002F3AD0D8F80830BBBBB968A9BB704600
:103ED00064467646F0F7D0FB00282EDD012120460F
:103EE000F0F7CAFB002828DD31462046F0F752FBE8
:103EF000002822DA01214846F0F7BEFB00281CDD2D
:103F000031464846F0F746FB002816DA05A8EFF7D9
:103F100069FF02A8EFF766FF21464A4602A8F0F7BC
:103F2000F7FC044670B105A8EFF764FF02A8EFF7AD
:103F300061FF204616B0BDE8F0876FF0030016B0B1
:103F4000BDE8F08702A901220846F0F7C9FC044643
:103F50000028E8D102A8F0F705F91FFA80FABAF1B3
:103F6000000F02D16FF00304DDE7514602A8F0F71D
:103F7000F3F904460028D6D1B3681B6803F007099B
:103F8000A9F10109B9FA89F94FEA591916AB05A83F
:103F90004B4413F8381CF0F78FF8324605A9404619
:103FA000F1F734FD04460028BDD101214046F0F769
:103FB00063FB38B109F101091FFA89F9B9F1360F2C
:103FC000E4D1CFE705A90097334602AA0846F1F7E6
:103FD000C1F904460028A6D101251BE005A901224C
:103FE0000846F0F77DFC05AA0446114600289AD140
:103FF0001046F0F78DFC3246044605A9002892D100
:1040000008460135F1F732F8044600288BD1ADB2ED
:10401000AA452AD3012105A8F0F72EFB012205A904
:1040200018B305A8F0F744FC3246044605A9002859
:104030007FF479AF4046F1F7E9FC012104460028FE
:104040007FF471AF4046F0F717FB0128C6D1314627
:104050004046F0F79FFA0130C0D121464346324630
:104060003846F0F7D5FD04465DE7012105A8F0F7D5
:1040700003FB00289ED075E7FC030020002B61D0D5
:104080002DE9F0410D4686B00446002118461F4632
:104090001646F0F7F1FA804638BB01212046F0F7CA
:1040A000EBFA002821DD01212846F0F7E5FA002887
:1040B0001BDD41463046F0F7DFFAB0B16846EFF756
:1040C00091FE03A8EFF78EFE214668460122F0F725
:1040D00007FC044670B16846EFF78CFE03A8EFF7C3
:1040E00089FE204606B0BDE8F0816FF0030006B0FF
:1040F000BDE8F0812946012203A8F0F7F1FB044650
:104100000028E8D103AA69463846F1F77FFC044647
:104110000028E0D103AA69466846F0F7F9FB044697
:104120000028D8D101463B466A466846F0F770FD44
:1041300004460028CFD1314638466A46F1F770FD73
:104140000446C8E76FF00300704700BF2DE9F04157
:1041500084B01D4606460F4601A89046EFF742FE82
:10416000ADB10122314601A8F0F7BAFB044630B1E7
:1041700001A8EFF73FFE204604B0BDE8F0812846D5
:1041800001AA4146F0F772FF04460028F0D10A9BCD
:104190007BB10122394601A8F0F7A2FB04460028B2
:1041A000E6D1414601AA0A98F0F760FF04460028CC
:1041B000DED10B9B33B1324639460B98F1F730FD17
:1041C0000446D5E71C46D3E72DE9F04F87B00E46ED
:1041D00080461746DDF844A0684699461AF1000566
:1041E00018BF0125EFF7FEFD16F1000B03A818BF5D
:1041F0004FF0010BEFF7F6FD15B1BBF1000F28D121
:104200003C1C18BF01240DB1002C34D118F1000A58
:104210000BEA040418BF4FF0010ABAF1000F3BD0BB
:10422000002C39D03A4631466846F0F771FB054616
:10423000002859D06846EFF7DDFD03A8EFF7DAFD57
:1042400015F5844F13D0A5F58445284607B0BDE881
:10425000F08F129A51463046F1F760FE0028CFD019
:10426000584D6846EFF7C6FD03A8EFF7C3FD284693
:1042700007B0BDE8F08F5146129A3846F1F74EFE6E
:104280000028EDD118F1000A0BEA040418BF4FF022
:10429000010ABAF1000FC3D1109B002B18BFB9F16E
:1042A000000F14BF01250025BAF1000F18D0BDB1D1
:1042B00001214846F0F7E0F90028D1DD01211098EE
:1042C000F0F7DAF90028CBDD41464846F0F762F90D
:1042D0000028C5DA41461098F0F75CF90028BFDAEB
:1042E00004B175B90025BCE701214046F0F7C4F9D7
:1042F0000028B5DD41466846F0F74CF90028AFD1FB
:10430000CAE701213046F0F7B7F90028A8DD0121FE
:104310003846F0F7B1F90028A2DD109A4946684600
:10432000F0F7F6FA0546002884D10122694668466E
:10433000F0F7D6FA054600287FF47CAF314601221B
:1043400003A8F0F7CDFA054600287FF473AF03AA5F
:1043500069466846F0F78AFE054600287FF46AAF92
:1043600001466846F0F788F900287FF479AF49469E
:10437000109A6846F0F7CCFA054600287FF45AAF49
:10438000012269466846F0F7ABFA054600287FF43B
:1043900051AF3946012203A8F0F7A2FA05460028DA
:1043A0007FF448AF03AA69466846F0F75FFE05460A
:1043B00000287FF43FAF01466846F0F75DF900281A
:1043C00090D04DE700BEFFFF2DE9F04186B01E46BC
:1043D00005460F4668469046EFF704FD03A8EFF741
:1043E00001FD9EB3CDB1012229466846F0F778FA67
:1043F0000446A0B114F5844F09D16846EFF7FAFCE2
:1044000003A8EFF7F7FC204606B0BDE8F08114F5ED
:10441000814F02D0A4F58444EFE7304CEDE73146FC
:10442000424603A8F0F71CFA04460028E2D103A98B
:104430006A460846F0F71AFE04460028DAD101461B
:1044400003A8F0F719F908B1254CD6E70C9BFBB18E
:10445000002FE2D0012239466846F0F741FA0446BF
:104460000028C7D142460C9903A8F0F7F9F9044691
:104470000028BFD103A96A460846F0F7F7FD0446B5
:104480000028B7D1014603A8F0F7F6F80028DBD1E1
:104490000D9B0BB3002DC0D0002FBED03A460D9916
:1044A0006846F0F735FA04460028A3D10122694690
:1044B0006846F0F715FA044600289BD12A4669465B
:1044C0006846F0F7D3FD0446002893D101466846BC
:1044D000F0F7D2F80028B7D100248EE780BFFFFFA5
:1044E00000BEFFFF5C2200210EF0C2BB10B15C21B8
:1044F000FDF74EBC704700BF08B55C220EF0A8FB6C
:1045000008BD00BFF0B403460022074F074E104617
:10451000074D084C08499F60DE601D615C61996130
:104520001A605A60F0BC70470123456789ABCDEF34
:10453000FEDCBA9876543210F0E1D2C32DE9F04F88
:104540004B789BB00D781B0491F803E04C7943EA5B
:1045500005658E7891F80480240445EA0E0591F8EB
:1045600007C04B7A44EA086445EA06224E7B8F79FD
:1045700044EA0C0C91F808A0360491F80CE01B04F6
:1045800091F80FB04CEA072491F80B9043EA0A63C4
:1045900046EA0E6591F80A800B9443EA090945EA58
:1045A0000B064C7C4D7D49EA082391F810A02404A9
:1045B00091F814802D048F7B44EA0A64069345EA3F
:1045C0000865CB7C91F817A091F812E01C43049287
:1045D00045EA0A0A46EA07228F7D4B7E44EA0E240A
:1045E0004AEA072E0E7E0D921B047246019043EAA2
:1045F000066391F81B800F9202F1B54291F81AC040
:1046000043EA08034D7F02F51E320E9443EA0C2361
:104610000C7F2D0402F29912CF7F45EA04648E7F4D
:1046200014921A4644EA070591F821E002F1B547D1
:1046300091F820B091F8253045EA062607F51E3797
:104640004FEA0E4E91F823901B0407F2991791F848
:1046500024A01092324615974EEA0B6791F8295024
:1046600043EA0A6391F822C047EA090E91F827400D
:104670002D0491F828604EEA0C2E119202F1B542F9
:1046800091F82680234391F82DC045EA066502F58E
:104690001E3291F8316091F82C9043EA082891F885
:1046A000304002F299124FEA0C4C91F82BB03604CC
:1046B00091F82A7091F82FA04CEA096C199246EAF9
:1046C00004667246CDF81C8091F82EE045EA0B088E
:1046D00091F833304CEA0A0C91F832B048EA0728D6
:1046E0001E4391F835704CEA0E2E91F8345046EA8C
:1046F0000B2691F8369091F838A03F0491F8394094
:10470000002091F83BC047EA056791F83C3091F8EA
:104710003FB0CDF82080CDF824E091F8378091F8B3
:104720003AE00A9647EA080591F83D6091F83E1094
:1047300045EA0928129336041391019902948F686F
:10474000029C3B460F46C96824043D69169144EA21
:104750000A6405957D6944EA0C04CDF808804FEAA7
:10476000B3080C954FEAB105B96944EA0E2E1791CA
:1047700005990C9F01F1B5498A464F40069909F504
:104780001E39CDF80CE00C9C8AEA050E09F2991945
:104790001893A2460EEA030E8944169907EA010C03
:1047A0001799DC4F8CEA0404CF19049907EBF367DF
:1047B000129B129246EA03662744059B5446DFF893
:1047C00054A346EA0B0C8EEA030E0E46A2440C4696
:1047D000069985EA08033C44D64486EA01070B9E05
:1047E00013994FEAB40A2340DFF828B34CEA012CAE
:1047F0000EEB0601DFF81CE36B4001EBF46188EA85
:104800000A04AE44149DCDF810C099444FEAB10C8F
:1048100005EB0A060C400D9D09EBF163159984EA3E
:104820000804AE448AEA0C05C344A64488461D40E9
:104830000E994FEAB30457400EEBF36E8B44199B6D
:1048400085EA0A0902998CEA04059A46D9444FEA96
:10485000BE0305EA0E0509EBFE694F4002F1B54EB5
:1048600084EA03010B9AE04401EA090185EA0C0598
:1048700094460D9AA2444C408CEA020C079A3544A7
:1048800004EB080102F1B5444FEAB90605EBF969FA
:104890000EF51E3E04F51E3483EA06054FEAB908FC
:1048A0000EF2991E04F2991401EBF96105EA09056B
:1048B0008CEA020C04EB060986EA0804089A5D40BB
:1048C0000C400EEB030B55444FEAB10384EA060E8D
:1048D00002F1B54605EBF16588EA030A06F51E36D6
:1048E00009994FEAF777DE4406F299160AEA050BB2
:1048F000884C4FEAB50A0EEBF56E0B970C198BEA54
:10490000080706EB080183EA0A064F444FEABE098E
:1049100006EA0E0604EB030B07EBFE678AEA0904BE
:1049200073400A9D3C404FEAB70E5E18029984EA34
:104930000A0805F1B54501F1B54106EBF76789EACB
:104940000E03039E08EB0B0405F51E3501F51E3121
:10495000DFF8C0B13B4005F2991501F29911B3445B
:10496000069E4FEAB708554483EA090301EB090A9A
:10497000B1460E9E04EBF7648EEA0801F34489EA1F
:1049800006095E19039B4FEAB40706EBF466214063
:104990008CEA030C049C5F4B81EA0E0188EA070550
:1049A0004FEAFC7CE3180B9C5144354004F1B54EB2
:1049B0004FEAB60401EBF66103EB080A87EA040349
:1049C00085EA08050EF51E3E049E0B405D444FEA45
:1049D000B10B0EF2991E7B4005EBF16584EA0B08E2
:1049E000774453444FEAB50108EA050889EA020909
:1049F00003EBF5630D9D6246DFF818A1AE460F9DEF
:104A000089EA060992448BEA01068EEA050C88EAD7
:104A10000408099D1E404FEAF97EB8448CEA050C53
:104A20004FEAB3070AEB04050B9C08EBF3680D9201
:104A300081EA070372468CEA040C86EA0B0E109C8E
:104A40000E9E4FEAFC7CAE4403EA080574400A9BC4
:104A5000304E4FEAB8095C400F9B0E9296196246A1
:104A60009C46119B0EEBF86E0F9206EB0B088CEA3E
:104A7000030A85EA01030D9D87EA090C9346254A3E
:104A80006C400CEA0E0C029D5A444FEAF474109EDE
:104A900011448AEA050A06948CEA070C0E9D4344E9
:104AA000129C8C448AEA050A069986EA04081A4D83
:104AB000039C03EBFE664D194FEABE0E0F9988EA80
:104AC000040889EA0E034FEAFA7A88EA0108119984
:104AD0004FEAB60B52460CEBF66C8A4673400799C8
:104AE0000D4E4FEAF878049C8AEA0101109296195B
:104AF000129A6140CDF844803D449046089A069C45
:104B00008EEA0B0788EA02081D44614006EB0903A0
:104B100004E000BF9979825AA1EBD96E0B9E4FEA4F
:104B2000BC094FEAF171119C87EA0C07DFF8E0A499
:104B30000A46079988EA0608109E05EBFC65A24420
:104B40001F448C468BEA0903099988EA060807EB9B
:104B5000F5670D9ED6448CEA010C6B404FEAB50513
:104B6000DFF8ACA44FEAF8788CEA060C734489EAC3
:104B70000506CDF81C80924403EBF76311924FEACF
:104B8000B708089A7E40079FDA448CEA040C9646E0
:104B900007F1DD4B0A9A4FEAFC7C12940BF5B30B3C
:104BA0000E9C8EEA020E099A61468EEA040E0BF5FF
:104BB000D74B029C944685EA0807119A8CEA040CAC
:104BC0000BF1210B0F9C8EEA020ECB4487EA0309FE
:104BD0008CEA040C079C4FEAB3075644D9444FEAC9
:104BE000FE7E8CEA040CDFF828B40A9C724606EBC1
:104BF000F3668B4488EA0703A646039C5D4483EA78
:104C0000060B069B8EEA040E09EBF6694FEAFC7C64
:104C1000029C4FEAB6068EEA030302F1DD4ECDF8A0
:104C200020C04B400BEB050C0EF5B30E87EA060BCC
:104C3000049D0CEBF96C4FEAB90A0EF5D74E8BEADE
:104C4000090965404FEAF373089CDFF8C4B30EF11D
:104C5000210E0293A344109B039CF04414915D40E9
:104C600086EA0A01A6460B9C554015925F44029ABB
:104C70008EEA040381EA0C0E1299C8444FEABC097B
:104C80004B40774402F1DD4E4FEAF572089D08EB88
:104C9000FC680EF5B30E8AEA090B6B40049D0EF515
:104CA000D74E07EBF8674FEAF373AC460D9D8BEADE
:104CB000080B13934FEAB808D54B8CEA050C119DED
:104CC0000EF1210ED31812928CEA050C029A9A4426
:104CD000139B89EA0805764403F1DD438CEA020C54
:104CE0004FEAB70E7D405E4403F5B303A3464FEA97
:104CF000FC7C0E9C06EBF766AA4488EA0E0703F5D7
:104D0000D743CDF80CC08BEA040B079C4FEAB605DD
:104D100077400AEBF66A2133039E8BEA040B0D9C65
:104D20004B4406F1DD49129AA4460F9C09F5B309DC
:104D30003B448CEA040C149C09F5D749139F8CEA78
:104D4000040C8EEA050609F1210903EBFA638CEAEB
:104D5000070C8BEA020B86EA0A07C8444FEABA0A34
:104D60000E9C4FEAFC7C069A85EA0A064FEAFB7B1A
:104D7000B844CDF824C0CDF810B04FEAB30C08EB1E
:104D8000F36884EA020B7340159A099E039C8BEA30
:104D9000020B049F06F1DD468BEA040B0F9C07F122
:104DA000DD4706F5B306A146109C07F5B30706F5E7
:104DB000D746089A89EA040921364FEAFB7B07F5B2
:104DC000D747069CCDF834B089EA0209213735442B
:104DD000049E4C40BE448AEA0C0789EA0609029EFA
:104DE00073440D9A7440099E4FEAB80B87EA08078E
:104DF00003EBF86374404FEAF979109EDFF81082F4
:104E00008CEA0B0E3D444F469044B146119E8EEA0B
:104E1000030EC24405EBF36589EA0609129E4FEAC8
:104E2000B303F24489EA06098E46794E4FEAF474D8
:104E300007990AEBF56A0E97BE198EEA01088BEA0C
:104E40000307139989EA02090F944FEAB50488EA27
:104E500001087D401499B444119F4FEAF9790F9AE3
:104E600083EA040E4F406A4ECDF818908EEA0A0E7F
:104E700039460E9F96194FEABA0988EA0708039F38
:104E80006544B3447940069EDFF884C105EBFA65BA
:104E900084EA0907F344B44451400BEBF56B6F40CF
:104EA00063444FEAB5054FEAF171079E159A3B44FA
:104EB0000B9189EA05014FEAF87EDFF854A14FEA29
:104EC000BB0786EA020803EBFB630B9A81EA0B0B34
:104ED0000499CDF828E0F24488EA0108964614992E
:104EE00054444B4A85EA0706A3440A9C72448E4602
:104EF00008995E404A440BEBF36B8EEA010C06996D
:104F000032444FEAB30388EA01080999DFF80491B3
:104F100002EBFB628CEA010C4FEAF87E4BEA0301DC
:104F20004FEABB088CEA040C7646159C39404FEAE0
:104F3000FC7E1096DFF8DCA00BEA030BCDF844E012
:104F4000A646029CB24442EA080641EA0B0B8EEAEE
:104F5000040E119C0B995544A1440D9C06EA030ACA
:104F600002EA08068EEA040E089C4AEA06064F4446
:104F7000A446129C8EEA010E0E998CEA040C37446A
:104F80004FEAFE7E139C109E8CEA010C029905EB01
:104F9000F265CDF81CE08CEA060C81EA040E079E4F
:104FA0001C495D444FEAB20271184FEAFC7C0F9E27
:104FB0004FEAB50907EBF567CDF808C005EA020B23
:104FC0008EEA060E45EA02066546DFF848C00B4445
:104FD00006EA08061299AC44039D03EBF76347EA1F
:104FE000090A4D4046EA0B01119E07EA090B1944D4
:104FF000079B8EEA060E069E0AEA020AE044754006
:10500000049E4FEAFE7EDFF80CC05D4004E000BF66
:10501000A1EBD96EDCBC1B8F84EA06030A9C4FEA25
:10502000B7074AEA0B0AF4446340039C41EA0706C7
:10503000D0446244A446099C08EBF168CDF848E0EE
:1050400006EA09064FEAB10E8CEA040C3940029CCC
:1050500002EBF86248EA0E0B634031430B9C0BEA0B
:10506000070B11444FEAF37208EA0E0A4FEAF5758E
:1050700003928CEA040C049A4BEA0A0A0D9C4FEA4C
:10508000B808139505F10F4582EA040B039A05F55C
:10509000DD15129B02F10F4241EA080605F5E655BF
:1050A0008CEA030C02F5DD12109B1C354FEAFC7CE8
:1050B00002F5E65206EA0E064D44CDF810C01C3249
:1050C0004FEAB1095544DFF8C4A31744099A05EB28
:1050D000F165E24401EA080194460E9A8BEA030B5B
:1050E000D64445EA09038CEA020C46EA0102139908
:1050F00007EBF56705EA090603EA08038BEA010AEC
:1051000011993A44039F4FEAFA7A8CEA010C33432F
:105110004FEAB506CDF824A05146DFF870A38CEA1B
:10512000070B734442EA06078A4421460F9C4FEA64
:10513000FB7E03EBF26307EA090781EA0405D34922
:105140004FEAB20C32407144CDF834E03A43D044D7
:10515000089143EA0C0A079903EA0C0B089F0AEA34
:10516000060A4D400E994F4408EBF3688E460699A7
:105170004AEA0B0B02EB080A8EEA0101BE46049FC5
:105180000BEB0E097D40029F09EBFA694FEAF572BD
:105190007940099D08920A9A81EA05074FEAB3010E
:1051A000BA4D129B84EA0208089A88EA03084FEA7B
:1051B000F77355194FEABA024AEA0107069C3544CB
:1051C00003F10F4649EA020B0AEA010A06F5DD1669
:1051D0000E930BEA010B09EA020306F5E65607EA0D
:1051E0000C0705EBF9654BEA03031C36A64647EAB4
:1051F0000A070B9CB4440D9E2F448EEA040E88EAE5
:105200000606139C9C44A14B4FEAF6758EEA040EE9
:10521000089E4FEAB9090F95EB180A9D8EEA060E13
:105220000B449A49A846109D4FEAFE7E88EA05067F
:1052300047EA09050CEBF76C71444FEAB70B1540D0
:1052400007EA0907CDF828E006914CEA0B08039914
:105250003D43069F08EA090A4E400B9C3A440E9FC4
:105260000CEA0B08A6467E40119C03EBFC63049FEE
:105270004FEAF6768EEA04014AEA080805EB030ACB
:105280003346109D0F9E79400B9303F10F4381EA43
:10529000060E42440799A84603F5DD1302EBFA62B5
:1052A0004FEABC06099D4FEABA0788EA010803F5F0
:1052B000E6534FEAFE7E88EA050C42EA07014AEA15
:1052C00006051C33DFF8C4810AEA060ACDF818E0A7
:1052D000994405EA0B0502EA0703F0443140A6466B
:1052E000029C09EBF26945EA0A0519438EEA040EAD
:1052F0000D9BD8440A9C8EEA030E05EB09030B9D17
:1053000001EB080A8CEA040C4FEAB2088EEA050B9E
:10531000129A07994FEAFC7C4FEAFB7B43EA0809A3
:1053200081EA0205089A59464FEAB30E0AEBF36A7E
:1053300064465540DFF854C101F10F4210944AEA27
:105340000E0BA44402F5DD12029C1191B44406999F
:105350000BEA080602F5E652A346139C4D401C32A8
:1053600009EA07098BEA04010AEA0E0B3A4403EA48
:1053700008034FEAF57546EA0B0B0CEBFA6C49EAA9
:1053800003032F4693440E9D03EB0C09129A4FEA38
:10539000BA0A109E69409446039D714012978CEAA8
:1053A00005060F9D49EA0A0307F10F426E402546A4
:1053B000049C09EA0A0702F5DD120BEBF96B654064
:1053C0004FEAF17403EA0E0102F5E65202944FEA45
:1053D000B90C119C1C32029B4BEA0C0966400A9CDA
:1053E000424409EA0A096540284C02EBFB621C1999
:1053F00041EA07034FEAF671099E03EB02080BEA44
:105400000C0707917444129949EA070E204B4FEAA2
:10541000BB074D400399A6444FEAB8044E400B9990
:105420004FEAF5728CEA07054E40029903920EEBA3
:10543000F86E4E400499079A89464FEAF6760D9920
:105440001A44049689EA0109069E02EB0A0185EADC
:10545000080289EA0609099E0A440799B246089E8D
:1054600089EA010910998AEA060A039D87EA040875
:105470004FEABE068AEA010A02EBFE61049A1D4465
:1054800088EA0E089646039A654403E0DCBC1B8F4D
:10549000D6C162CA4FEAF97C8AEA020A0D9ACDF8AF
:1054A00024C0A8449E4484EA060594460E9A0EEB56
:1054B000070B4FEAB10785EA010E8CEA0202099D4B
:1054C00008EBF16C1199DE4405EB030B049D4A4097
:1054D0004FEAFA78A3444FEABC016A40089DCDF830
:1054E000348086EA0708A94613920F9D0EEBFC6EE6
:1054F0000D9A88EA0C0889EA050587EA010C02EB97
:105500000309139A8CEA0E0CC3444FEAF274129A00
:10551000B1444FEABE08089455400A9CCC440E9A08
:105520000BEBFE6B089E81EA080E5440099AB146C7
:105530000D9E5540029A99448EEA0B0E54404FEA54
:10554000F57A0B9A4F440F9D74400AEB030985EAE4
:1055500002064FEAF4750CEBFB620EEB070C0E959E
:105560004FEABB0B079D49444FEAB20788EA0B0498
:105570006E40089D0CEBF26C54406E400A9D8BEA25
:105580000702AE464FEAF676069D82EA0C020A96BC
:105590008EEA050E039E0E9D8EEA060E0B9E1D449E
:1055A000B146109EA844049D89EA06068EEA0A0EBA
:1055B00004EB01090A996E400E9D4FEAFE7E1944E4
:1055C0006E40069D09EBFC69CDF82CE04244AE46E6
:1055D000119D8B444FEAF6718EEA050E02EBF965D8
:1055E0004FEABC040F914FEAB50609990B9A87EA76
:1055F00004088EEA010E06960A9E88EA09084FEA18
:10560000B909D1188EEA060E109E84EA0902D84420
:10561000B446129E08EBF5686A408CEA060C0D9DB4
:1056200039444FEAFE7E0F9F8CEA050C119D114410
:10563000CDF840E01F44AE46029D069E4FEAB80BEF
:105640008EEA050E3D190B9C89EA0606109A01EBBD
:10565000F8618CEA040C089C86EA080790468EEAFA
:10566000040E069C98442F4484EA0B020F9C129D62
:10567000C1448EEA040E4A40079C4FEAFC7C4A442F
:1056800007EBF1676540029E11924FEAB101109A53
:1056900085EA0A050CEB030AB1465540069A039EBB
:1056A0008BEA01049244119A89EA06064FEAB70888
:1056B00002EBF7627C404FEAFE7E81EA0807069221
:1056C000A2440E9A0EEB0309069C56404FEAF5726F
:1056D000079D67400292D9442A46049D4FEAB40BC5
:1056E00086EA0C0655400A9AB94455400AEBF46222
:1056F000029C4FEAF67A85EA0E0E099EA44688EAD5
:105700000B04039D09EBF2699C44544075404FEA39
:10571000B20261440AEB03078BEA02064FEAFE7EFF
:1057200021444FEAB904B8440EEB030C039182EA1A
:1057300004070B99E3444D40039901EBF96186EAB4
:105740000909029EC8444FEAB10C7540049E4F40BF
:1057500008EBF161029584EA0C080D9DBB44109F93
:105760006E400F9D0BEBF16B6E40099DA946089DA5
:1057700086EA0A064FEABB0A89EA0509029D03EB9D
:10578000F67603EBF57589EA07092644154488EA9D
:10579000010289EA0E094FEAB1011544189A8CEA10
:1057A000010781EA0A08134405EBFB6587EA0B0B46
:1057B000019F03EBF979059B88EA05085E4403EB3A
:1057C000B5040C9BE14406EBF5651A46179B09EB03
:1057D000080C3C611944169B52442B440CEBF565B4
:1057E0007A61FB60BD60B9611BB0BDE8F08F00BF9E
:1057F0002DE9F8430368064614460D4603F03F07BB
:1058000013449A42C7F14008036002D94368013348
:105810004360DFB1A04519D806F11C09294642466C
:1058200009EB07000DF014FA49463046FEF786FEF4
:1058300080B9C8EB0404454407463F2C08D92946E3
:105840003046403C4035FEF779FE18B93F2CF6D87B
:1058500014B92046BDE8F88306F11C00224629460B
:1058600038440DF0F5F90020BDE8F88302B1BFE738
:1058700010467047F8B50446006880220D4600F0D7
:105880003F0004F11C062318013038281A7755D838
:10589000C0F13802002130440DF0EAF923683146A6
:1058A000666820465A0FDB0042EAC6021F0E84F8E3
:1058B0005B30160E84F8572084F85870170C84F863
:1058C0005460120A1E0C84F855701B0A84F8562086
:1058D00084F8596084F85A30FEF730FE00282CD145
:1058E000E37A2B7063896B70A3681B0AAB70A368A3
:1058F000EB70E37B2B71E3896B71E3681B0AAB717F
:10590000E368EB71E37C2B72638A6B7223691B0A79
:10591000AB722369EB72E37D2B73E38A6B7363696C
:105920001B0AAB736369EB73E37E2B74638B6B743D
:10593000A3691B0AAB74A369EB74F8BDC0F1400204
:10594000002130440DF094F931462046FEF7F6FD73
:105950000028F2D10146382230460DF089F99DE742
:1059600070B40023064E074D074C0849084A86606C
:10597000C5600461416182610360436070BC70472F
:105980000123456789ABCDEFFEDCBA98765432101F
:10599000F0E1D2C302B970472AE700BFFFF76ABF40
:1059A000FEF7CCBD70B598B006460C4615460021F2
:1059B0005C2201A80DF05CF9124B1348039303F12C
:1059C000B943124903F55B23114A049003F6EF63D0
:1059D0000591069207935CB9294601A8FFF74AFF93
:1059E000044601A85C21FCF7D3F9204618B070BD2D
:1059F0002246314601A8FFF7FBFE04460028F0D1FD
:105A0000EAE700BF0123456789ABCDEFFEDCBA981A
:105A100076543210FFF7C6BF2DE9F04F0024ADF2E7
:105A2000744D394D07465C2205A82146DFF8F4B0D5
:105A300005F13C08DFF8F0A0DFF8F0900DF018F960
:105A4000002F3CD1314A0023022CCDF81CB00A9221
:105A50002F4ACDF820A0CDF824900B920593069301
:105A60003CD02C4B53F82420E2B905A86946FFF737
:105A700001FF0646E8B96846142229460DF018F9D8
:105A800050BB0FBB0134143508F13908032CD7D1B2
:105A9000F7B905A85C21FCF77BF930460DF2744D8F
:105AA000BDE8F08F414605A8FFF7A2FE0646002894
:105AB000DBD0002FEDD018480DF0F2F8E9E7611CBB
:105AC00016480DF0E9F8BDE715480DF0E9F8D9E7FB
:105AD0000A200DF0B9F8DCE70126EAE74FF47A7303
:105AE00061211CA81A461E460DF0C2F802E0731E82
:105AF0001E46BAD04FF47A721CA905A8FFF778FEAB
:105B00000028F4D00646D4E7E0D90260765432107B
:105B1000F0E1D2C3C8DA026060150020183100201D
:105B2000101500200123456789ABCDEFFEDCBA9844
:105B30006C2200210DF09CB810B16C21FCF728B943
:105B4000704700BF08B56C220DF082F808BD00BF99
:105B50000023F0B40360436099B1124A124B826093
:105B6000C360124F124E134D134C144A144B07616D
:105B700046618561C4610262436281660020F0BCB7
:105B80007047104B104AC360A3F1BF438260A3F576
:105B9000DC230E4F0E4E0F4DA3F5B6730E4C0F4A7D
:105BA000E5E700BFD89E05C107D57C3617DD70300C
:105BB00039590EF7310BC0FF11155868A78FF964DA
:105BC000A44FFABE85AE67BB67E6096A72F36E3C06
:105BD0003AF54FA57F520E518C68059BABD9831FB8
:105BE0002DE9F04FD7B0031D24300DAA0D9353F8C3
:105BF000044F834242F8044FF9D1013115AD25AE6F
:105C00000878043111F8053C000411F8022C11F851
:105C1000034C40EA0363134343EA042345F8043F7B
:105C2000AE42EDD10022CB4B16A8DFF85CA3009268
:105C3000159A864606931446139A0A931746C64A3F
:105C4000149B0992C54A1D460F9B0892C44A1946E7
:105C5000CDF80CA0A2460792C24ADDF84880059212
:105C6000C14ADDF838900492C04ADDF840B0029293
:105C7000119BBF4A0B90019287EA05004FEAF82674
:105C8000009A0DF1580C86EAB81600EA08005CF894
:105C90002240083286EA78666840009288EA070C5B
:105CA0003044019A4FEA79360EF1200E20445EF816
:105CB0001C4C86EAB906504449EA010A86EAB956FC
:105CC0002C4410440AEA0B0209EA010A034442EA9E
:105CD0000A0A0CEA030C4FEAF325B24483EA0806E9
:105CE0008CEA070C85EAB31550440CEB040285EAF4
:105CF00073655EF8184C40EA090A4FEA703C2A4482
:105D00002744039C0AEA010A00EA090522448CEAB6
:105D1000B00C5EF8144C4AEA050593448CEAB05C7A
:105D200008EB040AAC4406EA0B044FEAFB265EF8D3
:105D3000105C944484EA080486EABB165D1940EAC4
:105D40000C02274486EA7B6600EA0C084FEA7C34A2
:105D500002EA09023744019584EABC06029C83EA00
:105D60000B053C4486EABC5642EA08075EF8082C5C
:105D7000214437445EF80C6C5E4427448C1802962C
:105D800005EA01064FEAF125039473404CEA070641
:105D900085EAB11503EB0A044FEA773285EA716AA6
:105DA00006EA0003049E82EAB70554440CEA070A97
:105DB0008BEA010285EAB755344443EA0A085EF8E3
:105DC000046CA144A844019D02EA090A4FEAF923A0
:105DD000A04409EB06048AEA0B0B83EAB913049486
:105DE00047EA080AAB4483EA7963059C4FEA7836B0
:105DF0005B440AEA0C0AA34607EA080586EAB806E5
:105E000081EA09029B444AEA050586EAB85300EB99
:105E10000B0A2B4402EA0A024FEAFA205B4489EAA1
:105E20000A04514080EABA10029A48EA030680EA5E
:105E30007A6011444FEA733508EA03023E40014498
:105E400085EAB3050798164385EAB35B01445E44CF
:105E50000CEB010506EB010B03992C404FEAF520F2
:105E600043EA0B0C8AEA050684EA090980EAB510C0
:105E70000CEA080C4FEA7B3409EB010280EA7560FA
:105E800003EA0B0184EABB0402444CEA010C0899C2
:105E900084EABB540A4404EB0C01049C17441144EB
:105EA0003E404FEAF7224FEA71394BEA010086EA99
:105EB0000A0682EAB7120BEA010C1840264482EA6D
:105EC000776289EAB10440EA0C001644099A84EA30
:105ED000B1541644009A2044102AB04400EB06093D
:105EE00040F0B9822A461495224D00260B980C9555
:105EF000A5F1D255DFF894E0A5F50D25CDF808A061
:105F0000CDF854A0BA46A5F6FE65CDF840B0CDF860
:105F100048800B95184DCDF838900A95A5F1E455B9
:105F2000CDF80080D846A5F53525CDF80490CDF8FC
:105F300014E09B46A5F63B050496119391460995FE
:105F40008E460E4D139708950D4D0F9107950D4DEB
:105F5000039531E0D4DA0260D55E1CABA4823F9297
:105F6000F111F1595BC25639A5DBB5E9CFFBC0B5DC
:105F7000982F8A42DA88F976AA84744ACCA10C2434
:105F8000C69DC10F8647BEEF91443771C1699BE43E
:105F9000069A136C05931346526C194603921A46DF
:105FA0009B6C0793D36C126D08934B6D09920A9307
:105FB0008B6D0B93CB6D0C9306990DF1580C009BD8
:105FC0002030203150F81C4C42684FEAF3260691ED
:105FD0004FEAB447816987EAF4174FEAF14504991B
:105FE00087EAD4075CF8213081691344826985EA25
:105FF00071458AEA090150F818CC85EA9225009A81
:106000002B44114086EAB2163B44049F86EA72662E
:1060100081EA090203620837C3693244C6694FEA5C
:10602000F3458368049785EA76412344066AC46988
:1060300032444FEABC4681EA9421029C86EAFC166F
:10604000019F2244059C86EADC060B441444026A44
:106050000099334402944FEAF244029A81EA0A0515
:10606000436202EB0B01026AC36884EA72440D408A
:10607000426A4FEAF1269C4485EA0A054A4486EAC8
:10608000B116019B47EA0E0986EA716615444FEA8C
:10609000733307EA0E02354450F8146C83EAB703F1
:1060A000076A4FEAB64609EA080984EA9724039F7B
:1060B00049EA02020591BB46A444AB4450F8145C83
:1060C0005F4686EAF516AB46019D83EAB5593B4625
:1060D00086EADB0643444A4466441D46009B8662CA
:1060E0001C462E464FEAF5254C40029903960A4479
:1060F0002640816A5E40019B01EB0A04039942EA53
:1061000003094FEA72383444466A8C4685EAB11175
:106110004FEAF64B466A81EA7C6109EA0E098BEA8E
:10612000764B50F8146C02EA030588EAB20833464D
:1061300006690C4488EAB25850F8101C49EA050573
:1061400003EB0609466A079B45448BEA96262344DF
:106150004FEAB14A06EB090BEC1903EB0E069C461D
:10616000059F8AEAF11A039B4FEAF62E8AEAD10AC2
:1061700087EA03092346019F1443029309EA0609AB
:106180004FEA73380BEB0A0304EA070B059C029DE8
:106190008EEAB61E89EA0409009C02EA050AC36277
:1061A0001C19836A8EEA766EA1444BEA0A044FEA10
:1061B000F34ACE4488EAB5088AEA734A089B88EA1B
:1061C000B5589E4450F80C3C44444FEAB3494369E7
:1061D0000EEB070564441944836A029F8AEA9328F8
:1061E00050F80C3C89EAF31CB94608EB010A274633
:1061F00049EA040B8CEAD30C4FEA743903990AEB91
:106200000C03009789EAB409029C036381EA06083B
:10621000036B04EA0701059F08EA05082C464FEACC
:10622000F52C1F44039B0BEA020B009D88EA030830
:10623000C36A8CEAB41A4BEA01014FEAF34CC36A11
:1062400089EAB55905948CEA734C50F8083C8AEAFF
:10625000746A494450F80C4C47444FEAB349836987
:106260005744714403EB040B009C099B4FEA713EB9
:10627000059D44EA01081F4423468EEAB10E0191B0
:1062800003EA010AC36A3A448EEAB15E8CEA932CAF
:1062900050F8083C1446029A89EAF319DC4408EAEB
:1062A000020886EA050289EAD30948EA0A088A460A
:1062B0000CEB090302EA0409039AF04443634FEA32
:1062C000F42C1A4408EB070B8CEAB41C50F8047C3D
:1062D000134689EA0602016B8CEA746C1A44036B5C
:1062E0004FEA7B384FEAF34E3B4662444AEA0B07DB
:1062F0008EEA714E0393C1694FEAB34C50F8083CE3
:106300000AEA0B0A88EABB0819440A9B88EABB58C8
:106310001A44009B1F40036B8EEA932E029B47EAB0
:106320000A0702949946039B8E4429468CEAF31C83
:1063300091446540B8448CEAD30C039C05EA0905F6
:106340004FEAF927F44490444D40416B664487EA94
:10635000B912019B4BEA080E2E444FEAF14582EA3E
:1063600079620BEA080A85EA7145016A16440EEA69
:10637000030E0C4401684FEA78374EEA0A0E4FEAE2
:10638000B1420B99234687EAB8070E44416B87EA6E
:10639000B857C0F838C085EA91250099BE44314409
:1063A0002B44029DB6448A46016885EA090748EAFB
:1063B0000E0682EAF1124FEAFA2407EA0A0782EA95
:1063C000D10206EA0B066F4084EABA151344059A17
:1063D00008EA0E0185EA7A65D4184FEA7E320E4348
:1063E0000C993C4482EABE02049F82EABE522C44CD
:1063F000302FC3630C441644019A2244009206EBEA
:10640000040201927FF4C4AD5A464D46C346029B36
:106410000D9C0EA915930023119222461495CDF8D8
:1064200040B0CDF84CA0CDF83CE09DE80003CDF89D
:1064300048804846CDF8389001E051F8040F52F8F2
:10644000045F01332844082B44F8040FF5D10020E1
:1064500057B0BDE8F08F0A9C226A0192626A0392EB
:10646000A26A0292E26A0492226B0592626B079220
:10647000A26B0892E26B099204F120020A92FFF7E4
:10648000FBBB00BF2DE9F8430368064614460D46E2
:1064900003F03F0713449A42C7F14008036002D952
:1064A000436801334360DFB1A04519D806F12809DC
:1064B0002946424609EB07000CF0CAFB4946304624
:1064C000FFF78EFB80B9C8EB0404454407463F2C18
:1064D00008D929463046403C4035FFF781FB18B9C2
:1064E0003F2CF6D814B92046BDE8F88306F1280001
:1064F0002246294638440CF0ABFB0020BDE8F88367
:1065000002B1BFE710467047F8B504460068802224
:106510000D4600F03F0004F128062318013038280A
:1065200083F8282075D8C0F13802002130440CF0DF
:106530009FFB23683146666820465A0FDB0042EA1B
:10654000C6021F0E84F86730160E84F8632084F8A4
:106550006470170C84F86060120A1E0C84F8617075
:106560001B0A84F8622084F8656084F86630FFF7BF
:1065700037FB0346002858D1E27A2A7062896A7094
:10658000A268120AAA70A268EA70E27B2A71E28904
:106590006A71E268120AAA71E268EA71E27C2A7200
:1065A000628A6A722269120AAA722269EA72E27D1A
:1065B0002A73E28A6A736269120AAA736269EA73C9
:1065C000E27E2A74628B6A74A269120AAA74A269B2
:1065D000EA74E27F2A75E28B6A75E269120AAA758B
:1065E000E269EA7594F823202A76628C6A76226A38
:1065F000120AAA76226AEA76A06EB0B994F8273019
:106600002B77E38C6B77636A1B0AAB77636AEB7754
:10661000F8BDC0F14002002130440CF029FB3146A6
:106620002046FFF7DDFA10B1F8BD1846F8BD014667
:10663000382230460CF01CFB7BE700BF0023F0B48F
:106640000360436091B1114A114B8260C360114FE6
:10665000114E124D124C134A134B0761466185616E
:10666000C461026243628166F0BC70470F4B104AFE
:10667000C360A3F1BF438260A3F5DC230D4F0E4E30
:106680000E4DA3F5B6730E4C0E4AE6E7D89E05C133
:1066900007D57C3617DD703039590EF7310BC0FF46
:1066A00011155868A78FF964A44FFABE85AE67BB71
:1066B00067E6096A72F36E3C3AF54FA57F520E51B8
:1066C0008C68059BABD9831F02B97047DAE600BF1F
:1066D000FFF71ABFFFF784BAF0B59DB01C46074616
:1066E0000D46164601A86C2200210CF0C1FA14BB1D
:1066F000214B224A0493224B2249079303F12D6335
:10670000039203F51E33204A0591069203F29A2361
:106710001E491F4A089109920A931B9415BB3146E2
:1067200001A8FFF7F1FE044601A86C21FBF730FB3E
:1067300020461DB0F0BD1749174A184B059101F1CD
:1067400037210392049301F56701154A154BFA317D
:1067500006920793144A154B089109920A931B94C9
:10676000002DDCD02A46394601A8FFF78BFE0446EF
:106770000028D9D1D3E700BF85AE67BB67E6096AB9
:106780007F520E5172F36E3C3AF54FA58C68059B13
:10679000ABD9831F17DD7030D89E05C107D57C3675
:1067A00039590EF7310BC0FFA78FF964A44FFABE19
:1067B000FFF792BF2DE9F04F0121A5B081464FF4BC
:1067C00080600CF05DFA002800F0B88000240746D5
:1067D0006C2209A82146DFF8D881DFF8D8A10CF097
:1067E00047FA8AFB0435022CA5EBE475CCBF0026E2
:1067F000012605EB4505651BB9F1000F40F08180CE
:106800000023022C09930A9344DD5749022D574A6D
:10681000574B0C91A1F1BF410B92A1F5DC21554AD8
:106820000D93554BA1F5B6710E920F93534A544BED
:10683000129110921193239649D0524B03EB85028B
:10684000D2F8C021002A64D109A801A9FFF75CFE93
:10685000834600284ED1C6F1080201A841469200A5
:106860000CF026FA002879D1B9F1000F62D1013479
:1068700008F12008062CB4D1B9F1000F65D109A8A0
:106880006C21FBF785FA38460CF0CEF9584625B056
:10689000BDE8F08F3C49022D3C4B0C9101F1794150
:1068A0003B4A01F574010B933A4B01F501610E92DD
:1068B0000F930D9101F13721374A01F56701374BED
:1068C000119201F1FA01129323961091B5D14FF470
:1068D0007A75612138462A460CF0CAF901E0013D7B
:1068E000B2D04FF47A72394609A8FFF7CBFD0028E1
:1068F000F5D08346B9F1000FC1D029480CF0D0F98A
:10690000BDE7C6F108016A1C264849010CF0C4F92C
:1069100076E7C5EBC50103F5E67309A805EBC101F0
:106920001944FFF7AFFD834600288DD0B9F1000F61
:10693000A5D0E2E71C480CF0B3F998E7B9F1000FD5
:1069400007D1012025B0BDE8F08F0A200CF07CF9BA
:1069500095E716480CF0A4F9012098E74FF0010BD9
:10696000B9F1000F8BD0C8E785AE67BB67E6096A4F
:1069700072F36E3C3AF54FA57F520E518C68059B21
:10698000ABD9831FD4DA026007D57C36D89E05C107
:1069900039590EF7310BC0FFA78FF964A44FFABE27
:1069A0006015002048310020101500202C310020F7
:1069B000D4DB026056555555D82200210CF058B949
:1069C00010B1D821FBF7E4B9704700BF08B5D82251
:1069D0000CF03EF908BD00BF00220023F0B4C0E96E
:1069E0000023C0E9022300292CD0C0F8D0102CA528
:1069F000D5E900452CA3D3E900232DA7D7E90067EB
:106A0000C0E90445C0E906232BA5D5E900452CA320
:106A1000D3E90023C0E90867C0E90A452AA7D7E9F6
:106A200000672BA5D5E90045C0E90C232AA3D3E9CB
:106A30000023C0E90E67C0E91045C0E91223F0BC8D
:106A40000020704726A5D5E9004527A3D3E90023F8
:106A500027A7D7E90067C0E90445C0E9062326A5B2
:106A6000D5E9004526A3D3E90023C0E90867C0E9BA
:106A70000A4525A7D7E9006725A5D5E90045C0E95E
:106A80000C2325A3D3E90023C0E90E67C0E9104514
:106A9000C0E91223C0F8D0100020F0BC704700BF3E
:106AA000D89E05C15D9DBBCB07D57C362A299A624D
:106AB00017DD70305A01599139590EF7D8EC2F155E
:106AC000310BC0FF6726336711155868874AB48EAB
:106AD000A78FF9640D2E0CDBA44FFABE1D48B547F5
:106AE00008C9BCF367E6096A3BA7CA8485AE67BBE1
:106AF0002BF894FE72F36E3CF1361D5F3AF54FA50C
:106B0000D182E6AD7F520E511F6C3E2B8C68059BE7
:106B10006BBD41FBABD9831F79217E1319CDE05B9F
:106B20002DE9F04FADF2E44D4FF0000A0DF5167B64
:106B300093907491DE46CDF8D8B174994FF0000867
:106B4000002301EBCA0711F83A20CDF838800AF18A
:106B5000010A78784FEA0269FC78BAF1100F4FEA1F
:106B60000041B878FA7943EA09030F914FEA00210E
:106B7000139442EA080211913C79CDF84080CDF897
:106B80004880DDE90E0141EA030140EA02000B46BC
:106B90004FEA142102464FEA04640B910A94DDE99E
:106BA0001001DDE9124540EA020041EA0301024614
:106BB000787945EA010544EA02044FEA0041224699
:106BC0004FEA10440C910D94BC79DDE90A67DDE9C8
:106BD0000C0146EA020647EA05074FEA146C40EA50
:106BE000060041EA07014FEA042B41EA0C0340EAA0
:106BF0000B02EEE90223A0D10DF5187E0DF52879E0
:106C00000DF53678DDF8D8B10DF5327CCDF848E0D9
:106C1000CDF82880CDF830905CF8081F0AF1010A01
:106C20005EF8084FDCF804208B09CD0C0093D300EC
:106C300045EA42351E46C8000295D50C46EA517613
:106C4000DEF8043040EA5270059645EA4131009E74
:106C500065084FEAD418049046EA826603919209C7
:106C6000009648EA4368019245EAC3724FEAD31995
:106C70000692220A42EA0362DDE90467DDE90201C5
:106C800008925A081B0A7040794042EAC47243EAEB
:106C90000463079209930C9BDDE9005645404E4082
:106CA000FBE9020137462E46F3E90245CDE90E0124
:106CB0000C93DDE90801DDE9062342404B40DDE9A4
:106CC0000E0182EA080283EA090300196941354688
:106CD0002D1847EB0106A81846EB03010A9BBAF1F1
:106CE000500FE3E902010A9396D1939AD2E9043452
:106CF0009946A24694ABC3E9009A1346D2E906121C
:106D00008B46944696AAD3E90801C2E900BC86AA3C
:106D1000C2E90001194688A8D3E90A23D1E90C4544
:106D2000C0E900238AAB6246C3E90045D1E90E56AB
:106D30008CAB5446C3E90056D1E910678EABC3E96A
:106D40000067D1E9127890AB5946C3E900784B4609
:106D5000CDE9003486ABCDE90412D3E9000188AB5C
:106D60000022D3E900AB8AAB1092D3E900458CAB8B
:106D7000CDE90A45D3E900568EABCDE90801CDE94E
:106D800006562CA2D2E90012D3E9006784A890AB82
:106D9000C0E90012CDE90C6728A2D2E90012D3E9BC
:106DA000007882A8224BCDE90E78C0E9001214A227
:106DB000D2E9001280A8C0E9001213A2D2E90012A1
:106DC0007EA8C0E9001212A2D2E900127CA8C0E994
:106DD000001211A2D2E900127AA80FF24409D9E9EF
:106DE0000089C0E9001210A2D2E9001278A8CDE90A
:106DF00002ABC0E900121A46129BCDE9128949E0A4
:106E000019D005B6F111F15938B548F35BC25639BE
:106E1000BCDB8981A5DBB5E92F3B4DECCFFBC0B5D1
:106E200022AE28D7982F8A42CD65EF23914437713F
:106E300050DD026018816DDAD55E1CAB9B4F19AF37
:106E4000A4823F92D2E9100178AC4032CDE9120120
:106E5000D2E90201C4E90001D2E904017AACC4E933
:106E60000001D2E906017CACC4E90001D2E90801C5
:106E70007EACC4E90001D2E90A0180ACC4E900019A
:106E8000D2E90C0182ACC4E90001D2E90E0184AC64
:106E9000C4E90001DDE90AABDDE90C8951460DF5D5
:106EA000EC7E46464F46880B4033890C40EA8B40C7
:106EB000DDE90645149074407D40109E5F460BEA64
:106EC000050B083641EA87315D46BB4610965646AB
:106ED0000AEA040A16915946B80B5446B246464689
:106EE0004F4640EA8A4066408C0CC9056F405546C3
:106EF000159041EA5A2144EA8A301991E905179020
:106F000041EA5B21DDE91689DDE91445189159460E
:106F100084EA080485EA0905DDE906BCDDE90089A3
:106F20008AEA0B0081EA0C01DDE918ABCEE9000129
:106F30008AEA040A8BEA050B1AEB060453E91001EE
:106F40004BEB07050019444669414D46240FAF0736
:106F500044EA091EDDE90E56DDE904AB2D18CDF833
:106F600068E048EA0A044E4128464D4631462E0F55
:106F700049EA0B05DDE912AB1AEB000A4BEB010BFA
:106F800047EA98014746C8461D91DC46B907D346F3
:106F9000BA4646EA071712911B97DDE90801CDE9C9
:106FA0000EBC2040294074ACC4E90001DDE90201B7
:106FB000DDE9046710EB0B00C34641EB0C0104460E
:106FC0000BEA070940460D4676A90AEA06084FEA89
:106FD000943E4006CDE90245D1E90045DDE902676E
:106FE00034403D402646129C2F4644EA9B011C91AA
:106FF00074A9D1E90045DDE906BC44EA080445EA84
:1070000009058CEA070C8BEA060BDDE90289CDE95C
:10701000124541464F464EEA89454E46890CDA46AE
:10702000BF0B209541EA89314D46B60C229147EAC3
:1070300088412191E90546EA883541EA582123959E
:1070400025910299DDE91C78DDE91A56C9057D40D4
:10705000009F86EA0806A84640EAD7150398B1467D
:107060001F957E0641EA5021019F2491DDE92045CC
:10707000DDE922014D404440294646EAD7151E95D8
:10708000DDE9245665404E4028463146DDE91E457F
:1070900053E90E6784EA080485EA0905A046A94673
:1070A000DDE90C45A4197D4126462F46DDE9124550
:1070B00014EB080445EB090516EB0A06A04647EB5E
:1070C0000C07A946DDE902BCDDE90A4584EA0B04A8
:1070D00085EA0C05DDE90EAB1AEB080A4BEB090B50
:1070E00080194FEA1A7EDC467941D3464EEA0C1EDF
:1070F000DDE900784BEA07094CEA080A0DF5F0785B
:107100004E46D8E90089CDF898E018EB000849EB25
:1071100001096146CDE90E89D846E14689074FEA63
:10712000887E41EA98014EEA990E2991CDF8A0E0B7
:10713000DDE904BCDDE900010BEA060B0CEA0A0CF0
:10714000DDE90E67CDE912BCDDE908AB4FEA197C39
:1071500016EB0A064CEA081C47EB0B07B2464646FC
:10716000CDF89CC0BB464F4606400F4049463046CE
:1071700049060C913946DDE91267CDE908AB0643B3
:107180000F430AEA040A0BEA050B30463946544617
:107190005D46CDE91201DDE90A01DDE908AB604099
:1071A000694074AC5746C4E90001DDE9020176ACE0
:1071B000BE0B80EA0A0081EA0B01BD0CC4E90001A4
:1071C0000C9C414645EA8B3544EAD8142E952B9405
:1071D0004C0646EA8B4144EAD9142C912A945C4629
:1071E000DDE92801DDE92656CDE90C894E40454010
:1071F000D84637462E46A50BA40C45EA8A45DDE95C
:107200002A012D95794070400F4644EA8A3106469E
:107210005C462F91E405DDE912018019794157465A
:10722000DDE90E9AFE0519EB00094AEB010A44EA72
:107230005721DDE92C453191D346CA46DDE92E01BF
:107240004D4049464440080F46EA5821309159467E
:10725000DDE93089890788EA040840EA0B145846BA
:1072600089EA0509329441EA9A01040F50463591A2
:1072700044EA0A148507504633945C4645EA9B0568
:1072800064063495554644EADA14CDE90E89DDE901
:107290000C78379448EA0B08074341463846DDE945
:1072A000006706400F40304639466E06DDE9067835
:1072B00053E90C4546EADB1E3F1974ACCDF8D8E023
:1072C0000DF5F47E48EB0508DDE93456CDE9067886
:1072D000DDE932786F4088EA06083E464746D4E941
:1072E0000089DDE90645CDE906AB14EB080445EB62
:1072F0000905DDE9368988EA060889EA070946466C
:107300004F46DDE90E8918EB040849EB05094446B0
:10731000D0464D46D946DDE90CAB0BEA090B0AEA2B
:10732000080AD946CC46DEE9008918EB040849EB87
:10733000050944464AEA00084D464CEA0109404620
:107340004946DDE9048918EB040849EB05093618BC
:107350004FEA983E4F4176A94FEA984CD1E9000197
:1073600000EA080001EA0901824630198B4647EB22
:10737000050105460E464EEA89414FEA993E38918D
:10738000DDE902018AEA000A8BEA010B5046594600
:10739000CDE90E01CDE904890599DDE906AB4CEA9A
:1073A000813150464AEA05083A91594628404BEA4D
:1073B00006093140CDE906560F460646DDE90C01C7
:1073C000DDE9044500EA080001EA0901A046A946F2
:1073D00040EA06044EEA884ECDE912AB4FEA954BDF
:1073E000CDF8E4E04FEAC55A41EA070576A9C1E9BC
:1073F000004545464BEA8831DDE908783B914AEA89
:1074000055216F4088EA09083D91E905BB464F4682
:10741000C44641EA5721DDE93A9ADDE938453C9115
:1074200084EA090485EA0A05DDE9069A57464E46CC
:107430004846B907000FDDE93C9A40EA071E89EA91
:1074400004098AEA050A74AC3D46CDF8F8E0C4E9BF
:10745000009A34463E0F41EA940146EA041E4191E7
:107460007906A007CDF8FCE041EAD41140EA950E78
:10747000439140A9CDF800E14FEA446E42AC4EEA98
:10748000D515D1E90078DDE93E9A53E90A0189EA88
:1074900007098AEA080A42954E465746DDE90A9AE4
:1074A00019EB00094AEB010A48465146D4E9009A13
:1074B00076AC89EA06098AEA070A4E46DDE90E89B2
:1074C000D4E9004518EB000849EB0109A41945EB84
:1074D0000A05264674AC2F46D4E9004514EB08048F
:1074E00020467CAC45EB0905D4E9009A19EB00096C
:1074F0004AEB050A4846DDE9004514EB090445EB73
:107500000A05A0463418A9460BEA080B47EB0A0502
:1075100041460CEA090C880B890C40EA894E41EA85
:107520008931CDF810E14FEA994E4691CDE90045F9
:10753000DDE906675C466546DDE900BCDDE9120170
:107540004BEA060B4CEA070C5E466746DDE908BCD1
:10755000CDE90A678BEA040B8CEA050C4F4676AE40
:10756000DDE90645CDE90EBCDDE900ABCC46BF0B3D
:107570000AEA040A0BEA050B54465D46DDE90AAB4C
:1075800000EA0A0001EA0B01DDE904AB8AEA080A15
:107590008BEA090BC6E900AB41EA050A4E4674A91D
:1075A00040EA0409F60544A848ACC1E9009A47EA54
:1075B0008841E14645914EEA8831479146EA582193
:1075C000D0E90056499146A84146D0E900ABC9052B
:1075D00085EA0A0586EA0B0641EA5C2137464891AE
:1075E000DDE900ABCDE90A89594650468907000F0D
:1075F00041EA9A0140EA0B1E50464D915946CDF89A
:1076000028E180074906D4E900895C4641EADA119D
:1076100088EA050889EA0709240F4F914AA94646D6
:1076200044EA0A1E4F465D464EACCDF82CE140EAD6
:107630009B0ED1E900894CA9CDF830E14FEA4A6EA2
:10764000D1E900AB53E9080188EA0A0889EA0B0985
:107650004EEAD51EC246CB46CDF838E1DDE90289B7
:1076600018EB000849EB010940464946D4E9008976
:1076700089EA0B0988EA0A084D464446DDE90E9A74
:1076800019EB00094AEB010A19EB06007EAE4AEB42
:107690000701D6E90089DDE90C6718EB000849EB22
:1076A000010916EB0806404647EB09074946B14673
:1076B00074AEBA46D6E900784FEA9A3E3F193C4686
:1076C0004F4648EB0508BE0B271848EB0108494612
:1076D00046EA8A458C0C76A95095D1E900BCDDE9D3
:1076E00000560BEA090B0CEA0A0C3D4346EA080671
:1076F00058466146CDE902782F46B046DDE904568A
:1077000045404E4044EA8A31AB46B4465291DDE9E9
:107710000256DDE9000128403140DDE90656CDE999
:107720000C013D40514606EA08068C0C28463146BD
:1077300076AE5546DDE90A78ED0587EA090788EA5D
:107740000A08C6E90078DDE90C67C846D146064359
:107750000F4374A94EEA884E50A8CDF844E1C1E920
:10776000006744EA88314F464646539145EA58211E
:10777000D0E9004552A85591F105D0E9009A41EAB7
:10778000572184EA090485EA0A055491DDE9028952
:10779000CDE90E6740464946000F890740EA091EB9
:1077A00054A8CDF858E1D0E90067484666406F40DC
:1077B000000FCDE90C674746C84641EA970140EA09
:1077C000071E59914946BE07CDF85CE1490646EAD5
:1077D000990E58AE41EAD711CDF860E14FEA476EF5
:1077E0005B9156A94EEAD81ED6E9009AD1E900016C
:1077F000DDE9084580EA090081EA0A01CDF868E17F
:1078000006460F4653E90601DDE90C8924184D416F
:1078100020465AAC29461BEB000BD4E900455846DC
:107820004CEB010C74407D40264674ACD4E900ABAF
:1078300080AC1AEB060A4BEB050B564618EB00081A
:107840005F4649EB0C09D4E900ABDDE912451AEBC0
:10785000080A4BEB090B504614EB0A045946A246A2
:1078600045EB0B053418AB4647EB0105514627465F
:107870005E468C0B76A9A846554644EA8B4ED1E964
:107880000001CDE90878284055463140CDF870E137
:10789000AD0C7495DDE90256CDE90CAB3D4346EAEB
:1078A00008062F46B04676ADC5E90078DDE90A89BD
:1078B0005F4688EA000889EA0109BC0BCDE9128914
:1078C000D146DA46DDE908BCDDE902675846614683
:1078D0004FEA9A4E06400F4030463946CDE908013E
:1078E000749840EA8A315E91D5E90001DDE90056DD
:1078F00005400E40DDE90E012F4676AD80EA090015
:1079000081EA0A01C5E90001384631465546DDE9FC
:107910000867ED0506430F433046394674AEC6E9A5
:10792000000144EA894160465D914EEA8931800751
:107930005F9145EA592161914946CE055CA9D1E99B
:1079400000455EA946EA5A2E60AECDF880E140EAD5
:107950009B0E6046CDF894E14FEA4B6E40064EEA2E
:10796000DC1ED1E900785946CDF898E17C406746A5
:10797000090F85EA080541EA0C116291390FD6E931
:10798000006741EA0B1166406F40639166ACCDE938
:1079900008675F46BE0746EA9C01649140EADB1136
:1079A000679162A9D1E9006764A9D1E9009A53E916
:1079B000040186EA090687EA0A07DDE9049A19EB59
:1079C00000094AEB010A48465146D4E9009ADDE92C
:1079D000124589EA06098AEA070A24184E465746DC
:1079E000204674AC4D41D4E9009A82AC19EB0609EB
:1079F0004E464AEB070ADDE90889574618EB0008AE
:107A000049EB05094946D4E9009ADDE9064519EB39
:107A100008094AEB010A484614EB09045146A146FD
:107A200045EB0A053418AA4647EB01054946564678
:107A30004FEA9A4E880B76A9CDE90445D1E9007842
:107A40004D46494608EA0A0840EA8A402F40890C18
:107A500045463C4641EA8A31CDE908BCCDE9069A63
:107A6000DDE9047868904BEA070B4CEA080C6A9150
:107A700058466146DDE90E78DDE902BC674088EAD8
:107A80000508B40B0BEA000B0CEA010C76A9CDE952
:107A90001278DDE90856DDE904783D4006EA08067B
:107AA00037462E4655464BEA060B4CEA070CED05C9
:107AB000C1E900BCDDE904BC59460F0F61468E07E1
:107AC00044EA894169914EEA89314FEAC95E6B9176
:107AD00045EA59214EEA5A2E6D9168A9CDF8B0E1D8
:107AE000D1E900456AA9D1E90001DDE90A894440EC
:107AF0004D40204647EA0C1429466E946446270FF1
:107B000046EA9B0447EA0B1E71945C46CDF8BCE143
:107B10004FEA4B6EA507644645EA9C0564067095DE
:107B20006CAD44EADB14D5E90056739445404E40F1
:107B300074A9C1E900566EA9D1E9004570A9D1E93F
:107B4000000144404D404EEADC1126462F4672911A
:107B500072A953E9024518EB040849EB05094446AC
:107B60004D46D1E90089DDE9120188EA060889EA73
:107B700007090019694104460D4676A9D1E900BC00
:107B800074A91BEB080BD1E900014CEB090C00199F
:107B900084AC6941D4E90045109E24184D4120462B
:107BA0002946DDE9004524184D41CDE90A451BEB86
:107BB00000044CEB0105502ECDE900457FF442A9AD
:107BC00094ABDDE90012D3E90034DDE902AB5B18C8
:107BD0005441CDE9003496ABDDE90401D3E900233B
:107BE000DDE9084512184B41CDE9022386ABD3E904
:107BF000001288AB09196A41CDE90412D3E90001EA
:107C00008AAB10EB0A0041EB0B018246D3E90089F5
:107C10008B468CABDDE90A01D3E9006718EB00085D
:107C20008EAB49EB0109DDE90601D3E900453618C1
:107C300090AB4F41DDE90C0124184D41D3E900011F
:107C4000CDE90645DDE90E450019DDE9003469415D
:107C5000939DC5E90434DDE90223CDE90801C5E9B6
:107C60000623DDE904340020C5E90834DDE90623F4
:107C7000C5E90AABC5E90C89C5E90E67C5E910235A
:107C8000DDE90834C5E912340DF2E44DBDE8F08FAA
:107C90002DE9F84314460D4600210646D0E900239D
:107CA00002F07F0712194B41C7F180088B4208BFD1
:107CB000A242C0E9002306D2D0E90223013243F1F7
:107CC0000003C0E90223DFB1A04519D806F150092D
:107CD0002946424609EB07000AF0BAFF49463046FA
:107CE000FEF71EFF80B9C8EB0404454407467F2C0D
:107CF00008D929463046803C8035FEF711FF18B977
:107D00007F2CF6D814B92046BDE8F88306F1500060
:107D10002246294638440AF09BFF0020BDE8F8833C
:107D200002B1B5E7104670472DE9F84304460068F4
:107D300080220D4600F07F0004F150062318013028
:107D4000702883F8502000F21A81C0F170020021DF
:107D500030440AF08DFFE1680023A0684FEAC109B2
:107D600067684FEAC008314649EA507926687A0FB9
:107D7000204643EA0903FF0042EA08024FEA136E75
:107D800084F8C33047EA567784F8C7204FEA134C8B
:107D900084F8C0E04FEA132E84F8CB70130E84F8F9
:107DA000C1C0F60084F8C2E084F8C4304FEA124E35
:107DB0003B0E84F8CF60120A84F8C5E04FEA174CF6
:107DC00084F8C83084F8C620330C320E84F8C9C059
:107DD0004FEA172E84F8CD30360A84F8CC2084F888
:107DE000CAE084F8CE60FEF79BFE0346002840F010
:107DF000D380E27D2A70E28A6A706269120AAA70F0
:107E00006269EA70E27C2A71628A6A712269120AE6
:107E1000AA712269EA71E27F2A72E28B6A72E269D0
:107E2000120AAA72E269EA72E27E2A73628B6A73AC
:107E3000A269120AAA73A269EA7394F827202A7425
:107E4000E28C6A74626A120AAA74626AEA7494F82A
:107E500023202A75628C6A75226A120AAA75226A20
:107E6000EA7594F82F202A76E28D6A76E26A120A81
:107E7000AA76E26AEA7694F82B202A77628D6A77EE
:107E8000A26A120AAA77A26AEA7794F8372085F8DC
:107E90002020E28E85F82120626B120A85F82220CC
:107EA000626B85F8232094F8332085F82420628EB5
:107EB00085F82520226B120A85F82620226B85F88A
:107EC000272094F83F2085F82820E28F85F8292084
:107ED000E26B120A85F82A20E26B85F82B2094F8D1
:107EE0003B2085F82C20628F85F82D20A26B120A8A
:107EF00085F82E20A26B85F82F20D4F8D00000281A
:107F00004AD194F8473085F83030B4F8463085F8D7
:107F10003130636C1B0A85F83230636C85F833307E
:107F200094F8433085F83430B4F8423085F8353071
:107F3000236C1B0A85F83630236C85F8373094F8AB
:107F40004F3085F83830B4F84E3085F83930E36C6E
:107F50001B0A85F83A30E36C85F83B3094F84B30D7
:107F600085F83C30B4F84A3085F83D30A36C1B0AE4
:107F700085F83E30A36C85F83F30BDE8F883C0F14A
:107F80008002002130440AF073FE31462046FEF79D
:107F9000C7FD20B1BDE8F8831846BDE8F883014667
:107FA000702230460AF064FED5E600BFFEF714BD2D
:107FB00002B970476CE600BFFFF7B6BEFEF7B0BD72
:107FC000F0B5B7B01C4607460D4616460021D8222C
:107FD00068460AF04DFE21466846FEF7FDFC044661
:107FE00028B95DB931466846FFF79EFE04466846EB
:107FF000D821F9F7CDFE204637B0F0BD2A463946E4
:108000006846FFF745FE04460028F0D1EAE700BFC6
:10801000FFF7D6BF2DE9F04F0121C7B081464FF4DD
:1080200080600AF02DFE00286BD00025DFF8448127
:10803000DFF844A10746D82210A829460AF018FE06
:108040008AFB0534022DA4EBE574CCBF0026012683
:1080500004EB44042C1BB9F1000F33D1314610A8B6
:10806000FEF7BAFC8346002840D1022C50D03B4B8F
:1080700003EB8403D3F8002462BB10A86946FFF722
:1080800053FE834690BBC6F1040268464146120186
:108090000AF00EFE00285BD1B9F1000F2DD1013599
:1080A00008F14008062DCBD1B9F1000F47D110A837
:1080B000D821F9F76DFE38460AF0B6FD584647B0AC
:1080C000BDE8F08FC6F10401621C2548C9010AF021
:1080D000E3FDC3E7C4EBC403224910A804EB031477
:1080E0002144FFF7D5FD83460028C6D0B9F1000F23
:1080F000DDD01D480AF0D4FDD9E71C480AF0D0FDB8
:10810000CDE7B9F1000F1ED1012047B0BDE8F08FD7
:108110004FF47A746121384622460AF0A9FD01E045
:10812000013CAAD04FF47A72394610A8FFF7B0FD8F
:1081300083460028F4D0B9F1000FB8D0D9E70A205F
:108140000AF082FDB3E70A480AF0AAFD0120B6E76B
:108150004FF0010BB9F1000FA9D0CAE750DD026062
:10816000483100205CE102606015002010150020FD
:108170002C310020D0DF026056555555DFF874C011
:10818000DCF8003073BB4CF6A840F0B5164C4CF64A
:10819000A945164E4CF2090704F5027EB84216D0E6
:1081A0004CF20A03124903E083420CD0136A1146D1
:1081B00001F12002002BF7D16DB174450BD2284696
:1081C00056F8045FEAE791F828302A2BF4D02060B3
:1081D0000434002DF1D10022012303482260CCF8A1
:1081E0000030F0BD00487047C8ED002014F3026075
:1081F000B0E20260D8EF002078B138B50546074CF0
:10820000074803E054F8200F30B1606829460AF0AF
:108210003BFD0028F6D1204638BD7047B0E2026031
:108220005C3100204CF2090398420DD04CF20A0355
:10823000064A02E0834205D0136A2032002BF9D1AE
:10824000184670471046704700487047B0E2026019
:10825000837A0A2B0AD8012000FA03F313F08E0F59
:1082600003D113F4C06F03D0022070470020704781
:1082700013F0100F0CBF002004207047807A20B14B
:10828000032804D9042800D170470020704701203A
:10829000704700BF837A0A2B08D8012202FA03F341
:1082A00013F4E36F14BF104600207047002070479E
:1082B000807A053803288CBF00200120704700BF5A
:1082C0004CF2090398420FD04CF20A03074903E02D
:1082D000984207D0136A114601F12002002BF7D112
:1082E00003487047486A704702487047B0E202602E
:1082F000843100205C31002008B5FFF77DFF00B11C
:10830000006808BDC36B10B5044693F88000F2F70F
:1083100045FE50B1E36B204693F8801006F006F856
:10832000003018BF0120404210BD014810BD00BF01
:108330000094FFFF2DE9F047446984B0C56B002C21
:1083400005F254450CBF4FF000084FF002081D44E1
:1083500008EB0109B9F5205F56D8044600681746B6
:108360002B4690F8CC200E4690F8C910C2F340027C
:1083700090F8C80006F04AF823682E22A91CD3F80A
:1083800018A0D869D04750BBA16B3022E36BC86DF1
:10839000C3F81024002839D0BC300121F7F7A4FE1F
:1083A00080B32368C6F52050E26B2946C8EB000570
:1083B000A06BD2F810E4DA69C06D03927246D3F86C
:1083C00018E0BC30D4F8C030CDF808E000974B443A
:1083D0000195F7F76DFF10B9B8F1000F02D104B0A5
:1083E000BDE8F0873B68D4F8C0201B0A9355D4F849
:1083F000C0103B680E4473703B6802333B6004B0AE
:10840000BDE8F0870248EAE70248E8E70248E6E705
:108410000093FFFF0096FFFF0089FFFF4368102BCA
:108420002DE9F04F9DB000F0A684C36B0446002BED
:1084300000F0A18405F05EF9002840F0A6802368D2
:1084400093F8CC309D0705D5E36B93F8EC31012B05
:1084500000F00C8165680C2D00F09C80112D00F25D
:108460008A84DFE815F00A010D0134035C0361031F
:108470008A03DF0352030F04120057030604880423
:108480000B047F0483048804A200E26C00232046CE
:1084900015680B9304F0E2FE002876D1AB7A5A1FE0
:1084A000032A40F265830B2B00F06283D4F8D430AA
:1084B000002B00F05D83E26B2168002A01F0FB8154
:1084C000D2F8C031002B01F0F6811968002900F0C4
:1084D0004F835B68002B01F032840DF13008D2F835
:1084E00004342046414698476369032B01F06782B4
:1084F000E36B002B01F08782D3F8C031002B01F031
:10850000828258680421F7F7EFFD002841F0C0810E
:108510000646C446062124238146E06B27680028CE
:1085200001F0EB81D0F8C001002801F0E68140683D
:10853000FA690DF12C0ED4F8C05003926246BF695F
:108540000D44314602978DE82040F7F767FEE0B909
:10855000D4F8C03016250B9A0F214B442046120A3E
:108560001A71D4F8C0300B9A4B445A710B9BD4F853
:10857000C0200633C4F8C4504B44C4F8C83011704E
:1085800063680133636005F009F9054628461DB0AC
:10859000BDE8F08FE36BD3F8883623B9204607F0A7
:1085A00023FC0546F2E711236360204607F016F925
:1085B0000028EAD1A36F162B40F05887236F1A7852
:1085C000042A40F0B5872068D4F8A01090F8CC00B9
:1085D000800740F14984112940F2AA87587C03F1B1
:1085E0000C051E7C0C2293F80CB040EA062693F88A
:1085F0000EA0587B93F80F900490B31D134499423A
:1086000040F09687E26B4FF000080C23C2F8888692
:108610006360002E00F02B83A36B996E586EF9F700
:10862000B7FBA36B586E0AF0FFFAA76B3146012027
:10863000C7F86480C7F868800AF022FB059000281C
:1086400001F07583A91D32460AF002FB049B4546E2
:10865000BE661A04059BC7F8088042EA0B627B6677
:1086600042EA090242EA0A22FA668FE7204605F04A
:10867000CFFF00283FF4EEAE87E70123636085E774
:1086800021688B69002B01F06B82A3682BB991F8EC
:10869000CA30236191F8CB30636191F8C80000289B
:1086A00000F0698391F8CC20D4F8C09091F8C910FB
:1086B000C2F3400209F1040305F0A8FE2368E66B4B
:1086C00093F8CC2006F21441900740F19B83D6F832
:1086D000DC21002A00F096830E684D688868CA681D
:1086E000C9F80660C9F80A50C9F80E00C9F8122086
:1086F00088690E694D69CA69C9F81660C9F81A50C7
:10870000C9F81E00C9F82220A16B8868A0F11003E7
:10871000102BA36800F28B83002B00F04D86002302
:1087200009F1270589F82630236893F8CC209207B1
:1087300016D5E36BD3F8DC21002A00F0148793F8F8
:10874000E0316E1C2B703046E36B93F8E021D3F8D8
:10875000DC110AF07DFAE26B236892F8E0513544AF
:108760006269AE1C53F822703868002801F0A080BE
:108770004FF00008FFF756FD236893F8C910C0B109
:108780000269914215DB93F8CBE031468269964548
:108790000FDC93F8CC309B0702D5037F5A0708D42F
:1087A0003B6808F101081B1201F8023B3B6873703B
:1087B0000E4657F8040F0028DCD1A3683BB93246B7
:1087C000FF2108F1010802F8023B71701646236888
:1087D00093F8CE30DB0708D533465621002208F146
:1087E000010803F8021B72701E4601224FEAD811DD
:1087F0004FF0000B08FA02F3B04629706B70331D7E
:1088000008F8022B86F801B01D46D4F8C070D4F8E1
:10881000D800069307F52057002801F045800AF09C
:1088200037FABD4282462B4605D800F10905FB1AEE
:10883000AB4280F0F7855D460222A3684244012BDB
:1088400040F02385BA4294BF00230123002B40F05F
:108850001C85D4F8EC10B81A0531884219D30127C9
:10886000FF219370501D117004F1F0015770D4F87E
:10887000EC303B44D370D4F8EC301371D4F8EC20D6
:108880000AF0E6F9D4F8EC30D4F8C070053307F5F7
:108890002057D4F800E01D449EF8C930032B00F0A7
:1088A000FA840022DEF878B015449BF80000002816
:1088B00000F003844FF0000A04E01BF8010F0028C9
:1088C00000F0FC830AF1020AF2F768FB0028F4D1F9
:1088D00000232B44D4F8C0709A1C07F5205742445B
:1088E000BA4240F22E842568002095F8CD2002F08F
:1088F000020103EB000E01F0FF03002900F0F182FA
:108900000EF1020095F8C9304044002B00F06C8550
:10891000B84294BF00230123002B40F06585391A2B
:10892000032940F2DE821622037083700421C37093
:1089300042702568D4F8C07095F8CD2007F520570F
:1089400002F004020EEB010302F0FF0AEAB19A1CE6
:1089500095F8C9104244002900F04285BA4294BFFC
:1089600000210121002940F03B85B81A032841F27B
:1089700047801720117091704FF0040AD170507029
:10898000D4F8C070256807F520575344D5F8A4A043
:1089900003F1020B049308EB0B030593BAF1000FEC
:1089A00000F07F87DAF80010002900F0C5874FF04B
:1089B000000B08460AF06CF95AF8041FC0B20130E7
:1089C00083440029F5D10599B94200F261840BF185
:1089D00006027B1A9342C0F02285102300228D1DCF
:1089E0000A704B702368D3F8A470386890B10AF00D
:1089F0004FF92B465FFA80FA03F8010B18465246EE
:108A000039680AF025F90AF1010A57F8040F5544AC
:108A10000028ECD1059FEB1BDAB2981F191F951F98
:108A2000000A043A090A38717D71FA70B970D4F8F5
:108A3000C070256807F52057049A1A4495F8CD3080
:108A4000901CDB090492404400F02284B84294BF99
:108A500000230123002B40F01B84A26B3F1A926E6F
:108A6000151DAF42C0F07C8503702321130AC2702C
:108A700041708370A36B596E002A00F0EF860029C5
:108A800000F0EC8604300AF0E3F8049B5D1905D091
:108A9000069BF5702B4498462B0AB370C9EB08006F
:108AA000D4F8C03001221621C4F8C800C4F8C4109C
:108AB0001A7094E80C000133636092F8CC30980788
:108AC00000F17584204604F069FE05465EE5204607
:108AD000266F06F083FE054600287FF457ADA36F8E
:108AE000162B00F00582A368012B40F0BF8422689A
:108AF000E368D2F8B4200133002AE360C0F2E681D3
:108B0000934240F3E381BC4D40E5204605F05EFA18
:108B100005463BE5204605F0E5FA054636E52046E4
:108B200006F088FF054631E5E36C00201E680A90D8
:108B3000B37A012B00F0D081093B012B40F2A681D2
:108B4000204606F04BFE00287FF41FADA36F162BC6
:108B500040F08C84226F13780C2B00F0EE83B37AF4
:108B600003F0FD03052B40F081840123C4F8A830F5
:108B7000636800250133636008E5E36C1B689B7A3A
:108B8000013BDBB2092B00F20B81012540F20F32D1
:108B900005FA03F31A40002A00F00281204606F08D
:108BA0001DFE00287FF4F1ACA36F162B40F05E840D
:108BB0006368216F013363600B780D2B0CBF0123B9
:108BC0000023C4F8D43040F006842368D4F8A00011
:108BD00093F8CC3003F0020303F0FF05002B00F004
:108BE000A0840C2817D90A7B0C2313440333984222
:108BF00011D96369032B00F0C080002D00F0A08420
:108C000011440C254B7B897B41EA032153182B44EB
:108C1000033398422BD0204632220221774D05F0B3
:108C2000C7F8B3E4204606F0D9FD054600287FF4D6
:108C3000ADACA36F162B7FF466AF2268D4F8A010FA
:108C400092F8CC3013F0020F0CBF04230C2399428E
:108C500040F0D183236F1B780E2B40F0CC836368E8
:108C60000133636092F8CC309E0700F13C8100250F
:108C70008CE4204605F00CFC054687E4204607F00E
:108C80000BF982E4E36C1E68B37A022B00F0CA820F
:108C9000DA1E012A40F28980093B012B8CBF002596
:108CA0000125002D40F081803046FFF701FB0028B0
:108CB00000F0A5822368D3F89420002A01F03F80B9
:108CC000D3F89C20002A01F03A80D3F8A0309A1DF6
:108CD0000C93B2F5205F00F2AA86D4F8C020190ADE
:108CE0001171D4F8C02053712368D4F8C000D3F8B0
:108CF000A020D3F89C10063009F0AAFF2068B37AB0
:108D0000D0F8A020052B02F1060700F0BD85072B47
:108D100000F0E586062B00F02886082B40F0AE8395
:108D2000C569C7F52053D4F8C0200CA90195856901
:108D30003A44E06B00958030F1F7C6F800287FF4E4
:108D400024ACB17A204605F0F7F900287FF41DAC79
:108D500016200C9BD4F8C0201021C4F8C4003B445A
:108D600020460AE40F23002563600FE42046002517
:108D700004F01CFA0AE4224D08E4002D00F04E86AF
:108D80008F184FF00C0E7E7BBB7B43EA0626D31C6C
:108D90007344334498427FF63EAF931C9A192CE7F4
:108DA000062300256360FFF7F1BB25684FF47A7353
:108DB000D4F8C0200CA9EE69E06B04320196AD69CD
:108DC00080300095F1F780F800287FF4DEAB25684D
:108DD0004FF40073E06BEE6900F2544200F58261DB
:108DE00001968030AD690095F1F7B0F800287FF466
:108DF000CCAB0427ACE700BF0089FFFF8085FFFFF5
:108E0000008FFFFF9D690422D869A84700287FF4DE
:108E1000BCAB236806F583611C229D69D869A8470D
:108E200000287FF4B2ABE16B01F2144154E4002B53
:108E30007FF475AC4B6E002B00F0408700208B6EEA
:108E4000002B40F00E8589F8260009F1270500283F
:108E50003FF46AAC0023A26B1A440133127B8342B5
:108E600005F8012BF7D35FE4092940F26183587AB2
:108E70001D1D1E7A93F804B040EA0626587993F82F
:108E800006A0049093F80790FFF7B7BBA36BD86DCB
:108E9000002800F00587BC300221F7F725F90028EB
:108EA00000F0B985A36B0122E06BDB6D8030D3F855
:108EB000C010F0F7E3FF002800F0A5820546204629
:108EC0002822022104F074FFFFF760BB0123D34D79
:108ED000C4F8A830FFF75ABB052305466360FFF7C7
:108EE00055BB19462CE5204605F06CFBFFF74EBB41
:108EF000236893F8CC2002F0020101F0FF00002962
:108F000000F075823378032B00F09C85E36BD3F877
:108F1000DC0109F089FEE36B83F8E051C3F8DC5112
:108F20002368D4F8A01093F8CC2002F0020202F0DB
:108F3000FF00002A0CBF2A2232228A4200F2CA8392
:108F40003278022A40F0C683002893F8CC2004F13E
:108F5000140104F110000CBF4FF004084FF00C088E
:108F6000C2F34002B044434605F05AFA236822692E
:108F700093F8CA108A42C0F2E284616993F8CB0088
:108F80008142C0F2DC8493F8C800824200F3D784A7
:108F900093F8C930994200F3D2844346E76B53F803
:108FA000026F5D689868D968C7F83464C7F83854A8
:108FB000C7F83C04C7F840141E695D699869D9690F
:108FC000C7F84464C7F84854C7F84C04C7F85014AD
:108FD00098F82260202E00F27D832368D4F8A02028
:108FE00093F8CC30990740F1B48206F133039A42EA
:108FF00000F2AD840C2306F126010B449A4240F0A6
:109000006983002708EB060393F8235093F8242084
:1090100093F8253042EA0525002B40F02F8628469C
:10902000D4F84C90FFF7FEF8E36CC9F80000204636
:109030001968002900F0488605F066F8D4F83C90DD
:10904000D9F87836002B00F02A82002E00F0278213
:10905000A368002B40F02382A36B04931B689D42FE
:1090600000F0818508F1230A63684FF0000E049A2E
:109070005146013302F10C0032466360049BC9F88B
:1090800078E69E6083E8204009F0E2FD236862698B
:1090900053F82230043B04E0A26B1268904200F0C7
:1090A000708253F8040F0028F6D120462F220221A7
:1090B0005B4D04F07DFEFFF769BA824605F1020BB5
:1090C00008EB0B03BB4204933FF602AC049A0AF18F
:1090D000060ABF1A5745FFF4FBAB2368D3F878B0F4
:1090E0009BF8000000283FF4F3AB9246002700E015
:1090F0000F46F1F753FF4388B91C0AF1020A1B0A15
:109100008AF8043043888AF805301BF8010F0028DC
:10911000EED100293FF4DCABCAB207F1040E4FEAEE
:10912000112C049907F108034FEA1E2708700A2042
:109130004A7102328F70CA7081F804C04870FFF71C
:10914000C8BBB91A05294FF000010DD90B2702251C
:10915000012011709170517106215770D5701071F6
:10916000D4F8C07007F5205725680B44B5F8CC201B
:10917000991C02F4E0724144002A00F0D585B942FE
:1091800094BF00220122002A40F0CE85781A0428DC
:1091900010D901200A708A7005224870C8702068B2
:1091A000B0F8CC00C0F382100871D4F8C070256804
:1091B00007F52057134495F8CD20991C12F0400F65
:1091C000414400F0BF85B94294BF0020012000282F
:1091D00040F0B885C1EB070EBEF1030F7FF687ABF9
:1091E000042208708870C87010464A702568D4F848
:1091F000C07095F8CD2007F52057FFF778BBB37AFC
:10920000012B40F03B8103460CAA04212046FFF7C6
:1092100091F800283FF4EDADFFF7B7B90095FFFFD7
:109220008086FFFFE36BD4F8C0205B68190A0C93BB
:109230001171D4F8C0205371E66B06F10800EAF70B
:10924000D7FF2568D4F8C0200146EF69301D0C9B7C
:1092500006320197AD690095F0F718FB00287FF4FE
:1092600094A925684FF40972E06BEE6900F58263FA
:1092700000F2544101960430AD690095F0F76CFBA3
:1092800000287FF482A9062762E50023FFF701BBCF
:109290000025FFF7FABBDEF874A0DAF8000000281A
:1092A00000F05B845246002352F8041F0433002967
:1092B000FAD105F1020B08EB0B02BA4204921146F7
:1092C00000F256810633BA1A9A42C0F00C83002885
:1092D00000F0DC840F464FF0000B04F0F7FF4FF076
:1092E0000303B8710BF1040BFB710437DAF80000CB
:1092F00004F0ECFF4FF0010338717B715AF8040F52
:109300000028EAD1049F5FFA8BF30BF102010020E1
:109310007B710233090A3870FB704FEA1B23B97066
:109320000D213B710BF106027970D4F8C070D4F8AE
:1093300000E007F52057FFF7B5BA2368D4F8A0502E
:1093400093F8CC10B37A154411F0020FA3F1080E74
:1093500003F0FD000CBF04210C21BEFA8EFE082B89
:1093600018BF062B0A444FEA5E1E0A9200F089805D
:10937000052800F0868003F0FB02022A00F0DB8360
:10938000033B012B02D9BEF1000F77D0E06B2A46D8
:109390000AA98030F0F75EFD002800F0AB8320467C
:1093A0002F220221CF4D04F003FDFFF7EFB8204636
:1093B00005F050F8FFF786BBE36BD3F87836002B47
:1093C0003FF438AD4B6E002B7FF439AD89F82600A1
:1093D00009F127053EE5C4F8A8500546FFF7D6B8C1
:1093E0004FF0000AFFF7D1BA0021FFF7A9BAD4F86D
:1093F000A0102A22A1E5204632220221BA4D04F013
:10940000D7FCFFF7C3B82046FEF77CFF05460028CF
:1094100040F0E283636801336360FFF7B7B800236D
:10942000FFF70ABB411DC2B2C31C86F804B0090A8B
:10943000571DD01C1B0AB1714FEA1A2132735246D4
:10944000F771707206F10D0086F805B086F80AB063
:109450003372F172D4F8D81009F0FAFBD4F8C07066
:109460000AF10B0207F52057FFF7E7B920460A2259
:1094700002219E4D04F09CFCFFF788B89C4DFFF73D
:1094800085B8A91E8A428AD85178971C92F800C0E4
:1094900041EA0C22A91A8F4206D90A977FE7A36BEB
:1094A00008F1230A0493DFE53A4405280A927FF481
:1094B00062AF023B022B3FF65BAB2268636992F816
:1094C000CC20D4F870A012F0020FDDF828800CBF79
:1094D0004FF004094FF00C09032B00F0A883022B76
:1094E000CCDC3046FEF7B4FE0428064600F09D832F
:1094F00000270A9BAA1E93420BD893F800B09A1C2F
:109500005B780A9243EA0B2BCBEB0505AA4200F0ED
:109510006683204632220221724D04F049FCFFF797
:1095200035B804287FF677AB0A790423FFF75DBBD3
:109530002046322202216F4D04F03AFCFFF726B894
:10954000114404254E798B7943EA06231344FFF72F
:109550005EBB06F12B039A4200F2D98104234AE54F
:109560001D46FFF792BA2A7001352368FFF7F8B855
:10957000DEF878B09BF8000000287FF49BA9FFF785
:10958000A7B9FEF74FFE63691946069300283FF41A
:109590008CAD03699942FFF688AD836999423FF724
:1095A00084AD236893F8CC309B0703D5037F5D0718
:1095B0003FF57BADA26B06F1280311460492002211
:1095C00008EB03064A60002F00F09C82B578F17822
:1095D00018F8030041EA0521737801F1040943EA10
:1095E00000230D464F4575D3059204F1F002079212
:1095F00004F1FC020892102B00F0C6807EDD172BD0
:1096000000F0B38040F3A080232B00F0F5804FF6EC
:109610000172934248D1A368002B00F05A81D4F81C
:10962000ECC04FEA4C035A1CAA4240F085803279C4
:10963000934240F081804FF000038DF83030BCF150
:10964000000F00F03083079B06F1050E184603EB70
:109650000C081EF8013B10F8012B9DF83010534008
:10966000804543EA01038DF83030F2D19DF8303067
:10967000002B61D10CF1050E08988DF82C30844434
:10968000B6441EF8013B10F8012B9DF82C105340F6
:10969000604543EA01038DF82C30F2D19DF82C305F
:1096A000002B49D1012305937F1B4E447B1F043FB0
:1096B000022B46D9002F00F02682F378B578327855
:1096C00043EA0525737805F10409294643EA022394
:1096D000B94590D9204632220221074D04F068FB9B
:1096E000FEF754BF0085FFFF8084FFFF0089FFFF66
:1096F0000094FFFF0092FFFF8086FFFF042B00F025
:109700009F800B2B00F08480012BCDD12368B3F810
:10971000CC3003F4E07232B1012904D1C3F38213D7
:1097200032799A42C0D0204628220221C14D04F04D
:109730003FFBFEF72BBF5C4620462822022104F0A7
:1097400037FBBC4DFEF722BF162BADD1236893F833
:10975000CD309A07E7D5069B002BE4D00029E2D153
:10976000049B1A46012393679EE7236893F8CD3044
:109770005B07D8D5069B002BD5D00029D3D1E36B4E
:109780000122C3F88C268FE72368D3F8A480B8F1B0
:10979000000FD1D0032940F39C813179AB1E72793F
:1097A00042EA01229A4240F0948196F806A0EB1E0C
:1097B0009A4540F08E81D8F800B0BBF1000FBBD0C5
:1097C000F31D09955D46A3461C4603E058F8045F67
:1097D000002DB0D0284609F05BFA8245F6D15246FA
:1097E0002946204609F064FA0028EFD15C46AB46D2
:1097F000099DC4F8DCB057E7236893F8CD30DB0946
:1098000091D000298FD1E36B0122C3F888264BE762
:10981000002900F05E8133795A1CAA4240F0598138
:10982000711D002B88D07279012A6CD91944B31D9F
:1098300003E013F8012B012A65D99942F9D17BE79E
:10984000236893F8CD3058067FF56DAF00297FF47B
:109850006AAF049B1A460123536725E70425FFF7E7
:1098600014B923680C3120229D69D869A8470028C3
:109870007EF48BAE2023A26B09F127059360184676
:1098800089F82630FFF7E6BA0C951946FFF75ABA61
:109890000621142304260DF1400C4FF00009FEF7B9
:1098A0003CBE5346FFF7C8B805460222FEF7C5BFC7
:1098B0008046FEF782BF896E00293FF459A90B68E4
:1098C000002B3FF455A9002A40F0E3810B46FEF738
:1098D00000BE01297FF430AF3379002B7FF42CAF29
:1098E000C4F8E810DEE6DEF878B09BF80000002847
:1098F0007EF4E0AF8246FFF7E9BBB86E00283EF485
:1099000017AEFEF714BEE36BC3F85C21CCE608EBA0
:10991000060393F8271093F8267041EA0727791E6B
:1099200002297FF6D7AE042106F12800384401440D
:109930008A423FF469ABCDE68B46FFF744B8204638
:10994000462202213C4D04F033FAFEF71FBE08EB1D
:10995000060393F8271093F8267041EA0727791E2B
:1099600002297FF6B7AE0C21DEE7E36B5B68991C3A
:109970000C933944B1F5205F59D8D4F8C0101B0AB4
:10998000CB5502F10807D4F8C0100C9B0A44D371E0
:10999000E56B05F10800EAF72BFC23680146281D5A
:1099A000DD69D4F8C02001959D693A440C9B00956F
:1099B000EFF76CFF00283FF4C4A9FEF7E6BDE36CA7
:1099C0001B685E7AD4F8C030072E00F0F9800422BC
:1099D00006261A71E36BD4F8C050002B00F0E98022
:1099E000D3F8C031002B00F0E480586804F03CFC50
:1099F0004FF00209C446687108210023FEF78DBDAF
:109A00008A46FEF7C2BF23689B6E002B7EF479ADB9
:109A10001846FEF777BD094DFFF751BA8F184FF082
:109A2000040E7E79BB7943EA0626FFF7B0B9044DF0
:109A3000FEF7ACBD8086FFFF8091FFFF0093FFFF24
:109A40000096FFFF256F0CA9C2F340020BA805F199
:109A50000C0304F0E5FC0B9902297FF770AF0C9B17
:109A6000012B7FF76CAF226892F8C80081423FF764
:109A700066AF92F8C92093423FF761AF226F05F1BC
:109A80000F08E36FAE7B1344C8EB0303B342FFF64A
:109A900021AEE36BD3F8DC0109F0C6F8E76B314681
:109AA000012009F0EDF8C7F8DC01002800F003817F
:109AB0004146324609F0CCF8012387F8E0612046A0
:109AC0006360002503F0B0FB204604F07BFDFEF749
:109AD0005DBD20463222022104F06AF931E60223FC
:109AE0000CAA39462046FEF725FC00283FF429A998
:109AF000FEF74BBD2046FEF705FC00287FF44FAC77
:109B0000B37AD6E40597D4F8E830002B5BD123680C
:109B100093F8CC3003F03003202B3FF404AEA2685E
:109B2000012A7FF4A4A8002B3FF4FDAD059B012B77
:109B30007FF49DA8F7E5E06B2A460AA90430EFF709
:109B4000A3FD00287FF42BACE26B23685268D3F8A6
:109B5000C430B3EBC20FD3D921E40346FFF7A9BB4E
:109B60007A4DFEF713BD049B5B68002B7FF47AAA45
:109B7000049B08F1230A9B689E427FF475AA049B0C
:109B80003246514603F10C0009F092F800287FF4A8
:109B90006BAA0C232046636003F060FB0546002897
:109BA0003FF474AA20465022022104F001F9FEF786
:109BB000EDBC23689B6E002B7FF417AF184615E7AA
:109BC00005221A7106E7A268012A7FF450A8059AB7
:109BD000002AACD0FFF74BB85D4DFFF770B90AEB28
:109BE0000902C2EB08030DF13008002F00F091804C
:109BF000414620468DE8880013460BAA06F038FA45
:109C000000287EF4C2ACA36BD86D002879D0314611
:109C1000BC30F6F769FA00285DD1204628220221DF
:109C20004C4D04F0C5F8FEF7B1BC074661E408F1FD
:109C300002039D42FFF4B3AB98F8000004F03AFB36
:109C4000074600283FF4ABAB0A9B587804F02AFB88
:109C5000834600283FF4A3AB3946204604F07AFB44
:109C600000287FF49CAB0A9B304602330A93FEF730
:109C7000EFFA58457FF493AB06463AE420462F228C
:109C80000221354D04F094F8FEF780BC8346FFF7BF
:109C900039BBD2F8C031002B08BF0B46FEF719BC08
:109CA0002E4DFFF70CB99DF83030002B7FF444ADFA
:109CB0008DF82C30F2E42A4DFEF768BC89F8263086
:109CC00009F12705FEF730BD50220221254D04F091
:109CD0006FF8FEF75BBCA36B42460A9D3946D86D10
:109CE0000B9BBC308DE82008F6F706FA05460028E5
:109CF0003EF43EAF20463322022104F059F8FEF72D
:109D000045BC204628220221144D04F051F8FEF7EC
:109D10003DBC2425414620460B9506F047F9002816
:109D20003FF471AFFEF731BC0022FFF743BA204683
:109D3000502202210A4D04F03BF8FEF727BC0A4DE1
:109D4000FEF724BC0020FEF7D2BD00BF008CFFFF51
:109D50000086FFFF0093FFFF808FFFFF0089FFFF5A
:109D60000081FFFF008FFFFF008AFFFF03682DE9DE
:109D7000F041DC6B82B0002C4DD00B68D41A012C62
:109D800058DD1D789E1C5C784FF6FE730E6044EA29
:109D90000524651E9D424DD8931B9C424AD80368FA
:109DA0000F460546D3F83C80B8F1000F15D0186C6B
:109DB000324623462946C04740B128467322022135
:109DC00003F0F6FF1C4802B0BDE8F0813E68344461
:109DD00000203C6002B0BDE8F081D3F8A02094429E
:109DE000EBD1D3F89C1030468DF8078001EB040CC2
:109DF00011F8013B10F8012B9DF807E0614583EA5B
:109E000002034EEA03038DF80730F1D19DF80730C5
:109E1000002BD2D1DBE7D3F894404CB1D3F89C406F
:109E200034B1D3F8A0401CB1D3F89830002BA4D1A2
:109E30000248C8E70248C6E78093FFFF008AFFFF99
:109E40000084FFFF70B50D68AB1C934213D82E78C9
:109E50006C780B6044EA06241D19AA420BD30068F3
:109E60000D46224619460430EFF7FCFC28B92B6852
:109E70001C442C6070BD024870BD024870BD00BF1C
:109E80000084FFFF8083FFFF2DE9F04704469EB06A
:109E9000FF209146E76B0D46984622688DF84900F1
:109EA0008DF84800002F00F09280D7F8C0010028FC
:109EB00000F08D8046680346002800F09480186802
:109EC000BC30F6F709F9636907304FEAD00A6BB185
:109ED000AB1C994579D3C0F3C7202A78824274D14C
:109EE00069785FFA8AF291426FD11D4605EB0A0349
:109EF00099456AD101213046F6F7F6F8002877D067
:109F00002368304629463025DE695246039605AE61
:109F10009B690096029312AB0195F6F7B3F90646DA
:109F2000226804ABE06B92F8CC20D0F88016C2F324
:109F30004002D0F87C0604F069FA20689DF8485089
:109F400030229DF8103006A99DF849C09DF811E017
:109F500085EA03098369C0698CEA0E05DDF814A05F
:109F6000984778BBB8F5097F44D8C8F509732F2BFB
:109F700040D949EA05058AF0300308F25341E26B03
:109F80002B43302539443343C2F810540DF11706E2
:109F90000DF147055F421F43FF176FEA070E4FFAA7
:109FA0008EFE16F8012F013015F8013F3A400EEAF7
:109FB0000303134301F8013FE36BD3F810348342EA
:109FC000EFD800201EB0BDE8F087104EA8E7916ED4
:109FD00029B98FB1D7F8C0318BB10E466FE74E6803
:109FE00087B90B466BE7936E002B3FF469AF66E7CA
:109FF000074E95E70748E5E73E46384660E71E46C8
:10A0000018465DE7D7F8C00155E700BF0084FFFFA1
:10A01000008AFFFF0094FFFF41648264C3647047BD
:10A02000036893F8CC30DB0716D570B515460446A7
:10A03000D0F8E0000E4608F0F7FD2946012008F0B0
:10A040001FFEC4F8E00048B131462A4608F000FE81
:10A05000C4F8E450002070BD01487047014870BD4D
:10A06000008FFFFF0081FFFF4368102B00F0E084AA
:10A07000C36B2DE9F04F0446AFB0002B00F06584B0
:10A0800003F038FB002840F07C81226892F8CC3045
:10A09000980740F17981E16B91F8EC31012B00F0E8
:10A0A00056846368122B00F25084DFE813F0DF015E
:10A0B000D9010C04E301E70134033B025202E3023D
:10A0C0006702DF025602BD035A025E0262024E04BC
:10A0D0004E04DD019369002B01F03084D4F8C050A8
:10A0E00092F8CC2061692B1DC2F34002206904F074
:10A0F0008DF9AF1D2368042239469E69D869B0479F
:10A10000002840F03E8123681C2205F10A019E6967
:10A11000D869B047002840F03481D5F80660D5F8FA
:10A120000A00D5F80E10D5F81220D4F83CE0CEF88D
:10A130003464CEF83804CEF83C14CEF84024D5F878
:10A140002220D5F81660D5F81A00D5F81E10CEF8E2
:10A150004464CEF84804CEF84C14CEF85024E36B97
:10A16000D3F87826002A41F0E480A268A66B8AB969
:10A17000B2687AB12068026A62B13146806A90475B
:10A18000E36B002801F0D280D3F87826002A41F052
:10A19000D080A66B6268D3F8883601326260002BEB
:10A1A00001F07982002106F10C002022B16008F054
:10A1B0005FFDA36B05F127069B68304685F82630C6
:10A1C000A16B8A680C3108F043FDA26B136892689A
:10A1D0001B1206EB0209B354A36B09F1030709F143
:10A1E00005081B6889F80130A36B5B6889F80230A9
:10A1F000D4F8E820012A01F0868202200023A16B16
:10A2000091F87020002A01F04382391801220026BB
:10A210004FF0050A3E548E704A70CA70A26B92F8D5
:10A2200070200A71A16B4A6F53444AB19A1C0020F6
:10A230000426B918B85432468870C8704E70A16BA5
:10A24000666903EB020A8A6FB6FA86F67609002A77
:10A2500001F0DD81002E41F0DA810868FDF7E2FFB0
:10A2600038B1007AEDF786FC18B14378022B01F083
:10A27000DF8366690023B6FA86F67609E16B5344FC
:10A28000D1F88C26002A01F00082002E41F0FD81D9
:10A290009A1C1720B918BE548E70CE7004264870D0
:10A2A000E16BD1F888261E445AB1B31C00204FF050
:10A2B000230E0422F918F8548870C87081F801E060
:10A2C000E16BD1F88436164413F0010310D0B31CAF
:10A2D00000214FF00B0C4FF0020EFA18F954012038
:10A2E00006239170517182F801C082F803E0107169
:10A2F0001E44D4F8DC20B31C07EB030A002A01F04B
:10A30000F88200211022F9548AF80120D4F8DC00E8
:10A3100008F0BEFC02460AF1070002F1070B02F149
:10A32000030E511C5FFA8BF34FEA1E2EA3F1040CAF
:10A33000090A8AF802E0A3F1060E073B8AF803C077
:10A340008AF805E08AF806308AF80410D4F8DC10A0
:10A3500008F07EFC16EB0B0606D0330A08EB060766
:10A3600089F8046089F803307D1B1621D4F8C030C9
:10A370000222C4F8C8502046C4F8C4101A7003F072
:10A380000DFA2FB0BDE8F08F6368122B00F2DD826A
:10A3900001A151F823F000BF6DA4016061A4016028
:10A3A000D5A0016075A401607DA4016015A70160BE
:10A3B00025A5016053A5016075A601607DA501601A
:10A3C0006DA601605BA5016027A8016063A501601F
:10A3D0006BA5016073A501604BA901604BA90160E9
:10A3E00069A401600521204604F02CFB0028C8D197
:10A3F000636E1A78162A40F0EA82226801330EA9A9
:10A400000DA892F8CC20C2F3400204F009F80D9B8D
:10A41000022B40F3DC82236893F8CC30990740F19B
:10A420001C83A368002B40F01A85236E1A78002A3B
:10A4300040F0CD825D78002D40F0C98253F8021FB4
:10A440002046D4F8B020C2F802109B88D38004F0D4
:10A45000D9FB002800F0FE82C4F88850C4F8805070
:10A46000A368002BC4D1BDE7A8488AE701230020D8
:10A47000636086E7204603F0A9FD82E7E16C0022D5
:10A480000D680D92AE7A721ED2B2092A08D8012048
:10A4900040F2513100FA02F21140002940F09D8251
:10A4A0000423062EC4F8C83000F00185082E00F001
:10A4B000FE84022E00F0DE84062E00F0DB840027EE
:10A4C000082E00F23E850123B34013F48C7F00F088
:10A4D000388522680023906F0F930178E9B1D4F892
:10A4E0003CE0DEF8B4713E68002E01F098823378CB
:10A4F000994201F066803A4603E01B788B4201F0F6
:10A50000608052F8043F002BF7D110F8011F00299A
:10A51000EAD11368002B41F053807D480023C4F832
:10A52000C8302EE7D4F8C0300E2204201621C4F81B
:10A53000C800C4F8C4101A7094E80C0001336360BA
:10A5400092F8CC309B0700F17782204603F026F981
:10A5500017E7204605F06EFA13E7204605F09CFC4D
:10A560000FE7204603F094FF0BE70F230020636002
:10A5700007E7204602F01AFE002002E7E36C1B68A2
:10A580009B7A5A1F032A40F224820B2B00F021826F
:10A59000A36BDB6D002B00F01C82204604F02EFC28
:10A5A00010F5CB4FF9D000287FF4EBAE204604F035
:10A5B00007FA10F5CD4FF0D010F5CB4FEDD00028B5
:10A5C0007FF4DFAE6368A26F0133162A636041F047
:10A5D000B080236F1A780F2A41F0AB80226861693E
:10A5E00092F8CC2002F00202002A15BF0E250625A3
:10A5F0000C270427032901F0F580A36B0421D86DF3
:10A60000BC30F5F771FD002841F08A8106464FF015
:10A6100024090DF13C08BD1CD4F8A0309D4201F284
:10A620008880226FD119D75D4A7842EA0727EA1954
:10A63000934241F07E80E36B0FA92046D3F80434A7
:10A640009847A26B216F4B46D06D42460D44314670
:10A65000BC308DE8A000F5F74FFD054600287FF4DB
:10A6600090AE204603F02CF828468AE6204605F0F6
:10A67000BBFB86E6E36C20461D6805F0AFF80028BA
:10A680007FF47FAE2268236F92F8CC20D4F8A060CC
:10A6900012F0020FA26F1E440CBF04210C21162AD7
:10A6A00019440F9140F04A841B78102B40F04684E7
:10A6B000AB7A022B00F05C87A3F10902012A40F279
:10A6C000B183DA1E012A40F2AD83052B01F07580BB
:10A6D000072B01F0B280062B01F0E980082B01F076
:10A6E0000B81012B41F06680324600232046FFF7A4
:10A6F000CBFB00287FF445AE204602F0AFFD0028DA
:10A700007FF43FAE6368013363603AE68095FFFFF4
:10A71000808CFFFFE16BD1F8C4310621E26C032B82
:10A72000D4F8C0701268616000F08A81927A511F7B
:10A730000B2A18BF032940F27D81B3FA83F35B092A
:10A74000002B40F0778102224FF0010A4021FE1DCC
:10A7500087F805A0B9713A716269032A00F066872B
:10A760004FF008084FF007092068B11C90F8CE3070
:10A7700003F0020303F0FF02002B00F0B385E36B4C
:10A78000D3F8CC51002D01F0DF80AB69002B01F034
:10A790008A8107F5205B6E6C8B45C1F03B81C1EB74
:10A7A0000B03B342C1F0368106F1020E4FF0000AEE
:10A7B0009E450ED901F099B9AB69D3B18B456E6C4A
:10A7C00017D3C1EB0B039E4213D806F1020E73455B
:10A7D0000FD30B46300A3246F24403F8020B1846F8
:10A7E0004E70A96C08F034FAD5F830518119002D5B
:10A7F000E2D1CAF307225FFA8AFAD4F8C030C91B43
:10A8000016200D26C4F8C810C4F8C40020461E70D7
:10A81000D4F8C03003F80920D4F8C03003F808A0F9
:10A8200002F0BCFFADE5E16BD1F88836002B00F0FB
:10A83000FB80D4F8C030162104220FAFC4F8C41036
:10A840000EAE1A702568D4F8C020A86DA16B02F571
:10A8500020530A328DE8C0002D6DA847002840F033
:10A86000DB820E9AC2F30726D1B20A320F9B002573
:10A87000D4F8C07020464FEA136E87F804E04FEA20
:10A88000134ED4F8C07087F805E04FEA132ED4F8C1
:10A89000C07087F806E0D4F8C070FB71D4F8C030FF
:10A8A0001E72D4F8C0305972E36BC4F8C820C3F8E4
:10A8B000885602F073FF64E5226892F8CC3099075D
:10A8C0007FF508ACE16B91F8E031002B3FF402AC6E
:10A8D000D4F8C0302069043361690F9392F8CC201A
:10A8E000C2F3400203F092FD0F9D2068AB1C0F9352
:10A8F000466C002E00F05E87D4F8AC7042F64D1224
:10A9000005F103092EA93A44D4F8E47041F87C9D7E
:10A91000D4F8E030C06C0097B04700287FF431AD28
:10A920000F9B162703261221C9EB03032046AB70A9
:10A930000F9BD4F8C020C4F8C4709B1AC4F8C83068
:10A940001670616002F02AFF1BE5404819E52046B9
:10A9500003F05EFE00287FF414AD6368122BF4D878
:10A9600001A252F823F000BF6DA4016061A4016050
:10A97000B9A8016075A401607DA4016015A70160FC
:10A9800025A5016053A5016075A601607DA5016044
:10A990006DA601605BA5016027A8016063A5016049
:10A9A0006BA5016073A501604BA901604BA9016013
:10A9B00069A40160099B53F8044F0993002C40F0EF
:10A9C000D7863C4620467822022103F0F1F9204840
:10A9D000D7E40A2300206360D3E4A6F10902012A28
:10A9E0001ED8E36B002B00F09284D3F8C031002B0B
:10A9F00000F08D8458680221F5F776FB78B1E36B9F
:10AA000003F18000002B00F08A84D3F8C031002BC2
:10AA100000F085845B6800225968EFF72FFA6368BD
:10AA2000013300206360ACE4204603F05BFBA8E444
:10AA3000064870470020A4E4204603F00BFD84E59F
:10AA4000236893F8CC30C3F381036FE6008FFFFFD8
:10AA50000087FFFF204604F043F9A26EA16810783A
:10AA6000537843EA0023002940F0F981B3F5205FD1
:10AA7000ADDC22681F46204692F8CC3013F0020F5E
:10AA80000CBF05210D21394403F0DCFF00287FF4C1
:10AA900078AC236893F8CC3003F0020303F0FF0294
:10AAA000002B00F0858507F10D03C4F88830266F70
:10AAB0003A46E36B20463146D3F800349847256880
:10AAC00095F8CC3003F00203002B0CBF04220C22BB
:10AAD00003F0FF039742FFF47AAF3278012A7FF444
:10AAE00076AF7278002A7FF472AFB278002B40F014
:10AAF000F081F37843EA022304339F427FF467AF87
:10AB0000331D05930423FF1A252F7FF660AF95F8B8
:10AB1000CC2004F11401059B04F11000C2F34002A3
:10AB200003F07EFC22692368E16B6069C1F87C2632
:10AB3000C1F8800693F8CA50AA42C0F2188793F869
:10AB4000CB50A842C0F2138793F8C850AA4240F3F2
:10AB5000CC83256193F8C9306361DDF814C0634686
:10AB600053F802EF5E689D68D868C1F814E4C1F834
:10AB70001864C1F81C54C1F820049D69D3F810E092
:10AB80005E69D869C1F824E4C1F82864C1F82C547E
:10AB9000C1F830049CF82250202D00F2638105F1A9
:10ABA00024084745C0F05E81A06B2022002185600B
:10ABB0000C3008F05DF8A06B059E82680C3006F141
:10ABC000230108F045F8206890F8CC309B0740F14D
:10ABD00092832335725D1544EB1C9F42C0F0C08701
:10ABE000D0F848C0BCF1000F03D0A368002B00F0E0
:10ABF000A680002A7FF4EBAE6B1C08930598089D95
:10AC000003460646425D2B445B7843EA0223012B50
:10AC100019460A9340F32681EB18DA1C9742C0F0DC
:10AC2000218111F0010140F01D819A1C835C581EA6
:10AC30000F2800F2178113445A1C9742C0F012816A
:10AC4000A06B416040F27F83DD1CAF42C0F00A81FF
:10AC500033443046B65C9B7843EA0626731E022BCB
:10AC600040F20081AB199F4240F0FC800544002E69
:10AC700000F06983032E40F2F580EB7895F802909E
:10AC80002A7843EA09296B7809F10407CB4643EA9D
:10AC90000223BE42C0F0E68000220692079231E015
:10ACA000042B00F0048200F39180002B00F07082EE
:10ACB000012B42D1B9F1010F40F021832B79042BF4
:10ACC00000F21D83A26B3D4482F87030CBEB060688
:10ACD000731F043E022B40F2C580002E00F0368325
:10ACE000032E40F2BF80EB7895F802B02A7843EA51
:10ACF0000B2B6B780BF10407D94643EA0223B742CA
:10AD000000F2B0800D2B00F00F82C9DD172B00F090
:10AD1000D18226DC102B00F0D981162B0DD1B9F190
:10AD2000000F40F09F80206890F8CD309A0704D53E
:10AD3000636913B1A36B01229A673D44C6E7059B83
:10AD4000D4F8E46003EB0801D4F8E0300096C06C5E
:10AD5000E047E36B002800F04A86012283F8E021F7
:10AD60004AE7232B00F061814FF601729342E4D150
:10AD7000A368002B00F04E84D4F8EC305A1C5A45DE
:10AD800040F0D5852A79934240F0D185002204F124
:10AD9000FC008DF8332083B105F1050E00EB030CA8
:10ADA0001EF8013B10F8012B9DF8331053408445E9
:10ADB00043EA01038DF83330F2D19DF83330002B94
:10ADC00040F0B58501233D4406937FE70A2B00F050
:10ADD00021820B2BB1D1E06BD0F8843643F0010314
:10ADE000C0F88436B9F1000F3CD02B795A1C5A4573
:10ADF00038D1691D002BA0D06A79012A40F258840D
:10AE00001944AB1D04E013F8012B012A40F25084D1
:10AE10008B42F8D13D4459E700230A2219460E938C
:10AE20001E4623E5E06B721A8030EFF777F80028B2
:10AE300040F0738525684FF40073E06BEE6900F213
:10AE4000544200F5826101968030AD690095EFF7BC
:10AE50007DF800283FF450ACBC48FFF792BAD4F814
:10AE6000A07024E620463222022102F0A1FFB84859
:10AE7000FFF787BA21680022D1F884300F92002BA7
:10AE800000F01B84D1F89030002B00F01684E06BAA
:10AE900001F188027C310430EEF7C0FC002800F09C
:10AEA0000F8410F5CA4F7FF439ABFFF76ABAD4F8B4
:10AEB000C03005210022C4F8C8101A71D4F8C83077
:10AEC000D4F8C010581CC4F8C800CA54AE7AFFF7B2
:10AED000F0BAF37843EA02230C339F427FF477AD54
:10AEE000A368206F012B00F0278401794379E26B7E
:10AEF00043EA0123591CC2F8D431C2F8D81183792E
:10AF0000002B40F01E85C379002B40F01A85037A90
:10AF1000002B40F0168500F109010322013007F0F3
:10AF2000C7FE002840F00D8595F8CC309A077FF5D4
:10AF3000E7AD06F10C0305930C23E4E58548FFF724
:10AF400020BAD4F8C030B21E022A47D8D4F8C8209C
:10AF50000021284613440E91C7EB0309FDF778F949
:10AF600063698046032B00F0FB84A87A042800F074
:10AF70006E850FAE24254B463A46314620460E9547
:10AF800005F014F800288CD105466369032B00F006
:10AF9000B685E16B2768002900F09585D1F8C031AE
:10AFA000002B00F090855A68002A00F08085D4F8C4
:10AFB000C80032462946D4F8C060851C5868731909
:10AFC000FD6903950DADBE698DE868000E9BF5F730
:10AFD00025F900287FF465AFD4F8C0300D9ABAB1D6
:10AFE000D4F8C810120A481CC4F8C8005A54D4F83F
:10AFF000C830D4F8C020581C0D99C4F8C800D154EA
:10B000000D9AD4F8C810D4F8C0300A44C4F8C82047
:10B0100016210C222046C4F8C4101A70636801334C
:10B02000636002F0BBFBFFF7ACB90FA801F0A2FD13
:10B030002068D0F85480B8F1000F3FF47EAE036D65
:10B04000002B3FF47AAEE36B0122C3F88826B9F1F6
:10B05000000F3FF472AEA368002B7FF46EAE806DDC
:10B060005B462A1D0FA9C047002840F0DB84D4F8B6
:10B07000388012A83D44D8F8083008F10C011A466F
:10B08000119307F0E5FD404601F078FD7C220FA901
:10B09000A06B07F0DDFD7C210FA8F6F779FEE36BCE
:10B0A00000220121C3F88826C3F878160EE6B9F10C
:10B0B000000F7FF4D7AE206890F8CD3059067FF5A9
:10B0C0003CAEA36B01223D445A67FFE52068D0F8EF
:10B0D000A4300993002B00F03F84B9F1030F1DDD6C
:10B0E0002979ABF102036A7942EA01229A4215D129
:10B0F000AB1D2F44BB42184600F02E83EA1DAB79EE
:10B10000B91A8B420AD8002B7DD013449F4200F01D
:10B1100023835A1C1B78B91A8B42F4D92046322259
:10B12000022102F045FE52E4B9F1010F2F44F5DD92
:10B130002A796B7943EA02239A1C5A45EED1D80743
:10B14000ECD40635AF420BD8C8E000BF0083FFFF48
:10B150000087FFFF0084FFFF0235AF4240F2BE8050
:10B16000687803F09FF880460028F5D0287803F02F
:10B17000A1F881460028EFD00146204603F0EAF806
:10B180000028E9D14A464146E06B01F077FDE3E74C
:10B190002068D0F82C80B8F1000F3FF4CEADB9F1A3
:10B1A000010FBBDD6B7995F804E043EA0E2E0EF13A
:10B1B00002035B45B2D1BEF1020F05F106021EDDAE
:10B1C000E9792B7A43EA012303F1030CE645A5D381
:10B1D000A97961B943E35178937843EA012303F1F4
:10B1E000030CF4459AD81178002900F038836FF0E9
:10B1F00002016244C91A8E44BEF1020FEBD8BEF1BF
:10B20000000F3FF49AAD20462F22022102F0D0FD1C
:10B21000FFF7DDBBB9F1010F7FF724AE6B7995F82D
:10B22000049043EA092909F102035B457FF41AAE51
:10B2300019F0010F7FF416AED4F83C80D8F8B43181
:10B24000002B7FF40FAE4FEA590A04210AF1010ADC
:10B25000BAF10C0F28BF4FF00C0A504607F010FD52
:10B26000002800F07584BAF1010FC8F8B4017FF628
:10B2700064ADB9F1000F3FF460AD099405F1080821
:10B28000044602E0BAF1010F11D918F8020C18F8BF
:10B29000012C42EA0020EFF795FE18B120600AF178
:10B2A000FF3A0434B9F1020908F10208EAD1099C15
:10B2B0003D440BE5B9F1000F7FF4D4AD206890F860
:10B2C000CD305B077FF539AD6369002B3FF435ADB9
:10B2D000E36B01223D44C3F88C26F7E401233D468D
:10B2E0000793F3E49246FFF788BA93F8C93098427F
:10B2F000C8BF636131E405F1230308937EE420466F
:10B300002F22022102F054FDAB48FFF73AB8236820
:10B310009B6E002B7FF46EAB1846FFF76CBB236867
:10B320009B6E002B7FF476AB5B68FFDE0122C3F8D7
:10B3300078260C232046636001F090FF00283EF43D
:10B3400038AFFFF71EB8002306930793089D00212E
:10B35000059B02350A982B449E1C1D46334603E08C
:10B360000231023388420ED913F8022C562AF7D143
:10B3700013F8017C002FF3D12068636990F8C9109D
:10B380008B42C0F2DE83079B002B00F0708300230A
:10B390000A9916F8022C22B916F8012CFF2A00F09F
:10B3A000EE82023302369942F3D8D4F8E820012A1B
:10B3B00000F0BF83206890F8CC3003F03003202BDE
:10B3C00000F06983A168012900F05D83636950F88A
:10B3D00023603068002800F080830A9B0021A0468B
:10B3E0005F1E6B1C47F0010705932F44059D03E08A
:10B3F000BD427BD00235306815F8012CC0F307231D
:10B400009A42F5D12A78C3B29A42F1D1FCF70AFFE9
:10B410008146002800F0CE81D8F8143002699A42A3
:10B4200000F38280826993427EDCD8F8003093F882
:10B43000CC309C0702D5037F580775D44846FCF7EB
:10B4400029FF40B1D8F83C30D3F8B431002B6BD091
:10B450001B68002B68D04846FCF72AFF20B1D8F8BB
:10B460000030DA6B002A52D0D8F81430032B00F0E9
:10B4700031824846FCF7ECFED8F83C308346D3F8DE
:10B48000C841002C00F0A982002800F00E824FF085
:10B49000000A20685946BC30F4F726FE002845D142
:10B4A000A46853460CB19A46F3E7BAF1000F3BD0BB
:10B4B0004446D046E36BC3F8C08163683568A06B2F
:10B4C00001332268E16C0560C1F80090636092F876
:10B4D000CC3003F0020303F0FF00002B3EF451AF29
:10B4E000204603F06FF80020FEF74BBF56F8040F1C
:10B4F00000287FF47BAF4446002900F0EE824046EE
:10B500002822022102F054FC2C48FEF73ABFD3F85F
:10B5100094204AB1D3F89C2032B1D3F8A0201AB1BC
:10B52000D3F89830002B9FD1012161E70FAB0122A6
:10B530004946206802F022FF0028B1D1BBF1040F78
:10B5400000F09F81D8F81430022B00F39681236815
:10B5500093F82831042B00F09081BAF1000F14BF4A
:10B5600053462346A468002C9DD144469A46A0E742
:10B5700032460FA904F13C00FEF764FC00287EF47B
:10B5800000AF0F9B9E427FF4D9AC25684FF409723F
:10B59000E06BEE6900F5826300F2544101960430DD
:10B5A000AD690095EEF7D8F900283FF4A5A853E45B
:10B5B000C4F88020FFF77BBA0087FFFF8096FFFF6B
:10B5C00019780EF18000F1F725FE00287FF469ACB0
:10B5D00020680FA9D4F8C820C669D4F8C070C2F595
:10B5E0002053019686693A44E06B00968030EEF76E
:10B5F000EFFB00287FF455ACD4F8C8700F9AD4F84C
:10B60000C0303A44AE7A1F44C4F8C8209BE40023FB
:10B61000FEF734BEB9F1010F40F089812B79002B80
:10B6200040F08581C4F8E890FFF7CCBB2168D1F8E1
:10B630007480D8F80000E0B11D46914602E058F849
:10B64000040FB8B102F042FE83460028F7D001464D
:10B65000204602F045FE0028F1D173192A1D83F817
:10B6600002B0154683F803A006F802B083F80590EF
:10B67000E5E705462A0AAB1C3D7205F10909FA7196
:10B680001E4405F10A08FFF76FB80026FEF709BE51
:10B690009246FEF7C8BD2368202206F10C01B26075
:10B6A000D8699E69B04700283EF483ADFEF769BEB5
:10B6B000C0F85C213D44FFF709BBCF48FEF72EBF21
:10B6C000E76B07F10800E8F793FD2668D4F8C0E0BF
:10B6D0000146F369381DD4F8C82001930FABB66951
:10B6E00072440096EDF7FEFF00287FF4DAABD4F841
:10B6F000C8700F9AD4F8C0303A44AE7A1F44C4F8E8
:10B70000C820FEF7DDBEFF2389F8062089F8053042
:10B71000A168002940F03C8109F10A0389F807106B
:10B7200089F8082089F80910C8EB0303981CFEF774
:10B7300066BDB248FEF725BEE16B90F804E04379A0
:10B74000D1F8D82143EA0E2393427FF440A9013374
:10B75000C1F8D831FFF7D3BB099BD3F80090B9F1FA
:10B76000000F3FF42FA90B963E4627464C468146D4
:10B77000204607F08DFAB14582463FF41BA94D469D
:10B7800003E04544AE423FF415A995F80080013529
:10B79000C245F6D152462146284607F089FA0028CC
:10B7A000EFD1A1463C4637460B9EC4F8DC903D469F
:10B7B000FFF78CBA9248FEF7E4BD32460FA9204647
:10B7C000FEF7D4FA00287EF4DCAD0F9B9E427FF496
:10B7D000B5ABA97A204602F0AFFC00283EF48CAF4E
:10B7E000FEF7CFBDD4F8A020AA42A2D3D85D02F0C4
:10B7F00061FD064600289CD0236F2046D95D02F0EB
:10B800006FFD002895D1236F042E3B4414BF0DF12A
:10B810003C080DF14C08587802F044FD0146002820
:10B8200087D0A36BD86DBC30F4F75EFC002880D0C5
:10B830002F464FF00009FEF7EEBE32460FA9204614
:10B84000FEF794FA00287EF49CAD324602230F994D
:10B850002046FEF719FB00287EF493ADB9E70332CA
:10B86000006B2146C04700283FF467AA204670229B
:10B87000022102F09DFAFFF7AAB84346A0461C46F3
:10B8800018E6D8F83C202368D2F8B421D3F8C010C9
:10B89000136809782BB903E652F8043F002B3FF4F4
:10B8A000FFAD1B788B42F7D14CE6444605E63246A5
:10B8B00020460FA9FEF75AFA00287EF462AD0FA9C0
:10B8C000324604F13C00FEF7BDFA00283FF47DAF9C
:10B8D000FEF757BD4846FCF7D1FC014600283FF46F
:10B8E000C8ADD8F83C0001F0BFF900287FF4C1AD25
:10B8F0001AE69346FEF72EBD32460FA92046FEF704
:10B9000035FA00287EF43DAD0F99E06B721A803055
:10B91000EEF704FB00283FF45CAF3A48FEF731BD78
:10B9200004264FF014090DF14C08FEF774BE2046B2
:10B930002822022102F03CFAFFF749B83248FEF70C
:10B9400020BD3248FEF71DBDC56E002D7EF41DAF33
:10B95000AA462A46FEF751BF2F443D46FFF7B6B927
:10B96000B8F1000F40F0A6802548FEF7D7BD20466D
:10B970004622022102F01CFA2548FEF702BDA36808
:10B98000012B00F0888001232068C4F8E8301DE511
:10B99000002209F10A0304F1FC0189F80720184686
:10B9A000D4F8EC205200013289F80820D4F8EC20B9
:10B9B000520089F80920D4F8EC2007F049F9D4F8AE
:10B9C000EC20034604F1F0011344184607F040F957
:10B9D000D4F8EC2003461344A6E600283FF465AFF4
:10B9E000D8F800309C6E002C7FF451AD9CE583F8B4
:10B9F000E001FFF701B900BF008FFFFF8082FFFF6A
:10BA00000094FFFF8083FFFF008CFFFF808FFFFF0C
:10BA10008091FFFF4FF0000A5246FEF7EEBE3A4615
:10BA2000FEF773BD0FA83D4401F0A8F8FFF74EB92B
:10BA30000AF102031621FA18FE5404239670D670F8
:10BA400051706669B6FA86F67609FEF717BC0546A8
:10BA50000FAE0195CDF800903B4631460EAA204628
:10BA600004F006FB00283FF490AAFFF71ABA04215D
:10BA7000204602F06FFC0028E06B0CBF042100217F
:10BA800001F00AF983E4002A7FF4A0AC1BB1069B05
:10BA9000002B3FF49BAC20462822022102F088F9BB
:10BAA0003348FEF76EBC9A461A46FEF7A6BE3148EA
:10BAB000FEF734BD4146E06B01F0D6F8054600289C
:10BAC0003FF452AFC4E7BA6E002AF0D05368002B9F
:10BAD000EDD069B91346FFF76ABA20462822022141
:10BAE00002F066F92448FEF74CBC5246FEF785BECC
:10BAF000D1F8C031002B08BF1346FFF758BAD4F86D
:10BB0000C8702846D4F8C0907B1CC4F8C83002F036
:10BB1000DDFB09F80700D4F8C8704046D4F8C080AF
:10BB20007B1CC4F8C83002F0B1FB08F80700FFF72F
:10BB300030BAA368012B02D1069B002BABD0206842
:10BB400044E42046022102F033F90948FEF719BC0B
:10BB500020465022022102F02BF90848FEF711BCC2
:10BB600020464622022102F023F90148FEF709BCD3
:10BB70000087FFFF008AFFFF808CFFFF0081FFFF2F
:10BB800070B50446C06B0D46164600F50270F3F71B
:10BB9000BDFAE06B3246294600F51870F9F766FEEB
:10BBA000E06B3246294600F52F70FAF7A9FCE06BEE
:10BBB0003246294600F54A70BDE87040FCF7B0B83F
:10BBC00070B50446C06B0D46164600F50270F3F7DB
:10BBD0009DFAE06B3246294600F51870BDE87040CA
:10BBE000F9F744BE30B5AFB005460C4601A8F2F7F0
:10BBF00039FE17A8F8F776FCE96B01A801F5027188
:10BC0000F2F73AFEE96B17A801F51871F8F774FC22
:10BC1000214601A8F3F77EFA04F1100117A8F9F7FD
:10BC200029FE01A8F2F722FE17A8F8F75FFC2FB053
:10BC300030BD00BF2DE9F043866BBBB0044688469B
:10BC40009146002E3BD00DA81E4DF2F70BFE23A807
:10BC5000F8F748FCE16B0DA8242701F50271F2F713
:10BC60000BFEE16B23A801F51871F8F745FC164BA4
:10BC700004A90DA8B9F1000F08BF1D46F3F74AFA51
:10BC800008A923A8F9F7F6FDE46B0C232A46302116
:10BC9000CDF80480029306F12C0004AB0097D4F891
:10BCA0000C44A0470DA8F2F7E1FD23A8F8F71EFC0D
:10BCB000394604A8F6F76CF83BB0BDE8F083466B54
:10BCC000C1E700BFA444002094440020C06B00F5ED
:10BCD0002F70FAF715BC00BF30B59DB005460C4675
:10BCE00001A8F9F725FFE96B01A801F52F71F9F714
:10BCF00029FF214601A8FAF707FC01A8F9F71CFF64
:10BD00001DB030BD2DE9F043866BA9B004468846CE
:10BD100091465EB30DA8164DF9F70AFFE16B0DA829
:10BD2000202701F52F71F9F70DFF124B05A90DA87A
:10BD3000B9F1000F08BF1D46FAF7E6FBE16B0C23D3
:10BD40002A46CDF80480029306F12C0005AB00973B
:10BD5000D1F80C443021A0470DA8F9F7EDFE394683
:10BD600005A8F6F715F829B0BDE8F083466BD1E7D2
:10BD7000A444002094440020C06B00F54A70FBF7F7
:10BD8000CFBF00BF30B5B7B005460C466846FAF7DE
:10BD900013FEE96B684601F54A71FAF717FE214672
:10BDA0006846FBF7C1FF6846FAF70AFE37B030BDB8
:10BDB0002DE9F043876BC7B00446884691465FB3D0
:10BDC00010A8164EFAF7F8FDE16B10A8302501F522
:10BDD0004A71FAF7FBFD124B04A910A8B9F1000F44
:10BDE00008BF1E46FBF7A0FFE16B0C233246CDF8DF
:10BDF0000480029307F12C0004AB0095D1F80C44A9
:10BE00002946A04710A8FAF7DBFD294604A8F5F754
:10BE1000BFFF47B0BDE8F083476BD1E7A4440020E3
:10BE20009444002000487047808FFFFF004870470F
:10BE3000808FFFFF70B504460E4601200C21154689
:10BE400006F01EFF80B10023216806604560836014
:10BE500009B906E019468B68002BFBD188601846AB
:10BE600070BD2060084670BD004870BD0081FFFFB6
:10BE700060B138B504462068E56806F0D5FE204676
:10BE800006F0D2FE2C46002DF5D138BD704700BF1C
:10BE9000C26B0346416CD2F8FC01814226D0F0B45B
:10BEA000D3F8B05002F5007682B05864C2F8FC11A5
:10BEB0006C46376828686A46696876682F606E60E5
:10BEC000DD6B03C403CAC5F80002C5F804125A6C3E
:10BED0006AB1596901290ADDD1681269D3F8BC0039
:10BEE0008A1A0244C3F8C02002B0F0BC7047D3F8ED
:10BEF000BC20C3F8C020F7E72DE9F04FB7B00446E7
:10BF00009346994603A80191429E439DF2F7F4FAA5
:10BF10002046F2F7E5FA002800F089808246F2F721
:10BF20004BFB0446484606F0B3FE419B04EB000879
:10BF300007464344802B73D816AB4946024603EBB1
:10BF40000409484606F084FE16AB419A03EB08004C
:10BF5000409906F07DFE5146012203A8F2F7ECFA63
:10BF6000804610B137B0BDE8F08F419B5A46019929
:10BF700003A81F44F2F758FB494603A83A46F2F7D4
:10BF8000C9FB16A903A8F2F7D9FB002D4CD0274412
:10BF90000DF118096FEA040A03A8F2F705FC3A4606
:10BFA00016A903A8F2F7B6FB494603A8F2F7C6FBA9
:10BFB00003A8F2F7F9FB224616A903A8F2F7AAFB99
:10BFC00016A903A8F2F7BAFB04EB080E754525D2B3
:10BFD000B5FBF4F104FB115171B108F1FF300AEB2C
:10BFE0000E030DF1170201443344701812F8011FBB
:10BFF00003F8011F8342F9D17545F046CCD803A858
:10C00000F2F780FA16A88021F5F7C2FE48464021D3
:10C01000F5F7BEFE002037B0BDE8F08F2146DBE724
:10C02000044837B0BDE8F08F0DF11809E7E7024882
:10C0300098E700BF008FFFFF0094FFFF70B584B04A
:10C04000089E099D0A9C009313460A4601460196E4
:10C05000062002950394FFF74FFF04B070BD00BFA8
:10C0600070B584B0089E099D0A9C009313460A4649
:10C0700001460196072002950394FFF73DFF04B0A7
:10C0800070BD00BF2DE9F04FADB090469A468B468B
:10C09000019004A8379D389CF2F72EFA404606F02E
:10C0A000F7FD369B00EB030909F11406802E00F220
:10C0B000D88007460246414611A806F0C9FD0CABE0
:10C0C00007F114005146369A184406F0C1FD0320CA
:10C0D000F2F706FA0146002800F0CC80012204A8FD
:10C0E000F2F72AFA074618B138462DB0BDE8F08FAE
:10C0F0000BF1010A019904A84FEA5A031A46029368
:10C10000F2F792FA11A94A4604A8F2F703FB0DA927
:10C1100004A8F2F713FBACB3BA4604F00F0309F11D
:10C12000100807AF039304A8F2F73EFB42460DA99F
:10C1300004A8F2F7EFFA394604A8F2F7FFFA04A8C8
:10C14000F2F732FB10220DA90DEB0200F2F7E2FA32
:10C150000DA904A8F2F7F2FA0AF1100E7445C0F026
:10C16000848010200AF1FF320DF11B0100232A44C4
:10C17000013311F801CF984202F801CFF8D8744585
:10C18000F246D0D804A8F2F7BDF90420F2F7A8F9D6
:10C19000014600286ED0012204A8F2F7CDF9074627
:10C1A0000028A1D1029A04A8019BC2EB0B010B4409
:10C1B0001946F2F739FA11A94A4604A8F2F7AAFA81
:10C1C0000CA904A8F2F7BAFA002C5AD02E4BB946A3
:10C1D00007AFA3FB04384FEA181808EB8808A4EB54
:10C1E000880804A8F2F7E0FA32460CA904A8F2F78E
:10C1F00091FA394604A8F2F7A1FA04A8F2F7D4FAA2
:10C2000014220CA904A8F2F785FA0CA904A8F2F7E5
:10C2100095FA09F1140C64452ED34FF0140E09F170
:10C22000FF320DF11B0000212A4412F8019F013159
:10C2300010F8013F8E4589EA03031370F5D8644571
:10C24000E146CED804A8F2F75DF90CA88021F5F7F5
:10C250009FFD38461421F5F79BFD00202DB0BDE869
:10C26000F08F0A482DB0BDE8F08F039B1846002BD5
:10C2700085D077E7064838E7B8F1000FDFD0C6462B
:10C28000CDE707AFDEE700BFCDCCCCCC008FFFFF02
:10C290000094FFFF022906D049420238C9B2C043C8
:10C2A0005170107070470238FF21C04351701070F8
:10C2B000704700BF4FF48472002106F0D9BC00BF64
:10C2C00090F8CC3061F3000380F8CC30704700BFA9
:10C2D00090F8CC3061F3410380F8CC30704700BF58
:10C2E00090F8CC3061F3830380F8CC30704700BF06
:10C2F00041638263704700BF8161C261704700BFC4
:10C3000001614261704700BF10B4019C81624462C8
:10C31000C26103625DF8044B704700BFC0F8A8100B
:10C32000704700BF83650165426542B1084610B49D
:10C3300014460022234611465DF8044B1847704707
:10C340000165426583657047C1650266704700BF3D
:10C3500090F8CD3061F3C30380F8CD30704700BF53
:10C36000C0F8C010704700BFC0F8AC10C0F8B020D3
:10C37000704700BF816202624362704701604160A2
:10C380008160C160704700BF032A03D1032B98BFAF
:10C3900040F82310704700BF41667047C1660267CE
:10C3A000704700BF683045E5002B18BF00292DE914
:10C3B000F047089E4BD0202A49D8340C47D1B6F517
:10C3C000205F94BF4FF000084FF00108B8F1000F54
:10C3D0003DD10446D0F894001F468A46154658B110
:10C3E000D4F89810F5F7D4FCD4F8940006F01CFCAF
:10C3F000C4F89480C4F89880D4F89C0030B106F05A
:10C4000013FC0023C4F89C30C4F8A0302946012056
:10C4100006F036FC8146C4F8940050B33146012042
:10C4200006F02EFC8046C4F89C0098B12A4651467E
:10C43000C4F898504846C4F8A06006F009FC32469B
:10C440003946404606F004FC0020BDE8F0870A4863
:10C45000BDE8F0870546484606F0E6FB284606F0AC
:10C46000E3FB00230548C4F89430C4F89C30BDE8D1
:10C47000F087D4F89C50EEE7008FFFFF0081FFFFAC
:10C48000A1B32DE9F041C46B54B3202A94BF4FF0FF
:10C4900000084FF00108B8F1000F21D10646D4F88A
:10C4A000B8010F46154658B1D4F8BC11F5F770FC29
:10C4B000F36BD3F8B80106F0B7FBF46BC4F8BC819A
:10C4C0002946012006F0DCFBC4F8B80158B1C4F8D5
:10C4D000BC512A46394606F0BBFB0020BDE8F0817E
:10C4E0000348BDE8F0810348BDE8F081004870478B
:10C4F000008FFFFF0081FFFFC1630264704700BF30
:10C50000F8B500F17C06044617460A46304610216D
:10C51000E8F782FA48B1054688343046E7F76AFC06
:10C520002046E7F767FC2846F8BD88343A461021D4
:10C530002046E8F771FA05460028EED12846F8BDF6
:10C54000F8B500F17C0604461F463046E7F756FE74
:10C5500048B1054688343046E7F74CFC2046E7F7FB
:10C5600049FC2846F8BD88343946069A2046E7F744
:10C5700045FE05460028EED12846F8BDF8B500F185
:10C580007C0604460F4604313046E7F7B5FC48B157
:10C59000054688343046E7F72DFC2046E7F72AFCAD
:10C5A0002846F8BD883407F110012046E7F7A4FCBF
:10C5B00005460028EED12846F8BD00BFC0F8C410DB
:10C5C000704700BF8167704741677047F8B50546FF
:10C5D00019B308460E4606F05BFBFF2804462ED82A
:10C5E000D5F8D87057B1384606F052FB01463846A8
:10C5F000F5F7CEFBD5F8D80006F016FB611C01203C
:10C6000006F03EFB0746C5F8D800D0B131462246B9
:10C6100006F01EFB00203855F8BDD0F8D84054B1C4
:10C62000204606F035FB01462046F5F7B1FBD5F86C
:10C63000D80006F0F9FA0020C5F8D800F8BD024885
:10C64000F8BD0248F8BD00BF008FFFFF0081FFFF6B
:10C65000C06B00F5E470FFF7EDBB00BFC36BC3F820
:10C66000CC11C3F8D0217047C36BC3F8C411704715
:10C67000C1620263704700BF2DE9F041804608683F
:10C680000F4678B10D4600244FF6FF7606F000FB0A
:10C69000431E0444FE2B0AD8B44208D855F8040FB0
:10C6A0000028F3D1C8F8A4700020BDE8F08101484B
:10C6B000BDE8F081008FFFFFD0F8DC00704700BFBD
:10C6C00080F8C81080F8C920704700BF80F8CA10F1
:10C6D00080F8CB20704700BF90F8CE3061F30003A4
:10C6E00080F8CE30704700BF90F8CD3061F3410341
:10C6F00080F8CD30704700BF90F8CD3061F38203F1
:10C7000080F8CD30704700BF90F8CE3061F3410320
:10C7100080F8CE30704700BF0429034610D84A1E67
:10C72000032A07D9B3F8CC20002061F38812A3F8BC
:10C73000CC207047034850F82220B2F5205FF1D991
:10C7400001487047BC050020008FFFFF90F8CD30F6
:10C7500061F3861380F8CD30704700BF90F8CD307C
:10C7600061F3041380F8CD30704700BF90F8CD30EE
:10C7700061F3C71380F8CD30704700BF90F8CD301B
:10C7800061F3451380F8CD30704700BF90F8CC308E
:10C7900061F3051380F8CC30704700BFC0F8B410C7
:10C7A000704700BF0A684B68C0F8B820C0F8BC30BA
:10C7B000704700BF0346D0F8A800012816D01A68B9
:10C7C00092F8CC20920705D5D3F88010D3F88820B2
:10C7D00091420AD8D3F8A02012B1D96F8A4204D36B
:10C7E000586F003018BF012070470120704700BF0C
:10C7F000436F0BB1C06F704718467047436B0BB166
:10C80000186E7047836B002BFAD14FF0FF307047E2
:10C8100020B1436B13B11868FBF752BD002070477D
:10C82000036893F8CC309B0708D54269022A0ED0E2
:10C83000084B0948032A08BF184670474369032B71
:10C8400003D8064A52F82300704705487047054848
:10C85000704700BFC0440020CC4400205C0500208D
:10C8600084310020B4440020436CCBB11A6DAAB1CE
:10C87000517802290ED011D3063902290ED89A68B0
:10C88000036893F8CC3013F0020F0CBF05230D237F
:10C89000D018704752695B691A44F1E70548704740
:10C8A000036893F8CC3013F0020F0CBF05200D2065
:10C8B000704700BF0094FFFF0368B3F8CC30C3F3A8
:10C8C0008213013B032B10D80D4A52F82320036B2F
:10C8D0004BB193F87030013B032B09D9B2F5205FBF
:10C8E00028BF4FF42052104670474FF42052EEE715
:10C8F000034951F823309A4228BF1A461046704720
:10C90000BC05002010B1406B00B1C06D704700BF86
:10C91000A0B1026892B110B592F8CC300446DA07A3
:10C9200004D52046BDE81040FDF79EBBFBF776FD21
:10C93000236893F8CC30DB07F3D410BD0048704770
:10C94000008FFFFF78B1036810B504461BB908E0FB
:10C95000FFF7DEFF30B963682046102BF8D10020C6
:10C9600010BD024810BD0148704700BF008FFFFF97
:10C97000D022002106F07CB9F0B51F4690F8CC30EB
:10C98000C5B0044661F300030D46164662F3410349
:10C9900080F8CC3000294BD1D9B2022390F8CD20B9
:10C9A0004FF47A7E63F3830190F8CE30A0F8B8504C
:10C9B00042F09E0243F00203494884F8CC104EF640
:10C9C000602184F8CD20102284F8CE304FF0FF3360
:10C9D00060644448C4F8ACE0A064C4F8B010C4F883
:10C9E000B420C4F8BA30A4F8BE30022F5CD00122C3
:10C9F0000323964284F8CA3084F8C83084F8C930DA
:10CA000084F8CB2068D0FBF7B9FB374A374B626616
:10CA10006367E060A06060602060EEF7A1FA4FF409
:10CA200080620023A067C4F8C420184645B0F0BD5A
:10CA300090F8CD204FF47A7190F8CE304EF6602EFB
:10CA4000C0F8AC1042F01E0243F00203244884F800
:10CA5000CD20102184F8CE3000224FF0FF336064E7
:10CA6000012D2048C4F8B0E0A064C4F8B410A4F8C4
:10CA7000B820C4F8BA30A4F8BE30B6D14FF48072F2
:10CA80001B4904A806F0E4F84FF0020E04A9009533
:10CA900003AB4FF4807220468DF80CE0FFF750FD99
:10CAA0000028A2D00346C0E7002312480321124AFF
:10CAB000124E134DA067184684F8CA1084F8CB10A4
:10CAC00084F8C81084F8C910E260A2606260226035
:10CAD0006666656745B0F0BD022384F8CB3092E707
:10CAE00025BE01602DBE0160F8F60260C462002020
:10CAF00034040020E8620020DC62002008F70260B5
:10CB0000EC62002038B505467C30E7F773F905F193
:10CB10008800E7F76FF9D5F8940060B1D5F8981060
:10CB2000F5F736F9D5F8940006F07EF80023C5F83D
:10CB30009430C5F89830D5F89C0060B1D5F8A010B5
:10CB4000F5F726F9D5F89C0006F06EF80023C5F835
:10CB50009C30C5F8A030A86E28B1846806F064F84F
:10CB60002046002CF9D12846D021BDE83840F5F701
:10CB70000FB900BF7C22002106F07AB888B110B549
:10CB80000446C06D20B105F005F8E06D06F04CF8E4
:10CB9000606E06F049F820467C21BDE81040F5F7AC
:10CBA000F7B8704770B50C460646FFF7E7FF7C22E2
:10CBB0002146304606F04CF8E36D83B14FF49A718C
:10CBC000012006F05DF8F065F8B104F0DDFFE36DDB
:10CBD000F06D5A68996805F049F8054670B9606EBD
:10CBE00058B1A56E0120294606F04AF8706660B17A
:10CBF0002A46616E06F02CF8002070BDF06D06F03C
:10CC000013F800232846F36570BD014870BD00BFCE
:10CC10000081FFFF98B191B1836B83B1026892F8F4
:10CC2000CC20D2070BD410B504461846FFF7BAFF44
:10CC300020B9E36B0122C3F8782610BD10BD01486E
:10CC4000704700BF008FFFFF0B4648B141B1416BF9
:10CC500031B1026892F8CC20D20701D41846A1E77E
:10CC600000487047008FFFFF012905D0042901D13A
:10CC7000407870470020704700787047012906D03F
:10CC8000042903D1437803B9427070477047037891
:10CC9000002BFAD10270704701704170704700BFDD
:10CCA000B0B110B504465030EAF78EFF04F19000A1
:10CCB000EAF78AFF04F13800F1F724FC04F144009C
:10CCC000F1F720FC2046D021BDE81040F5F760B810
:10CCD000704700BF38B5C56B002D41D005F5027017
:10CCE000F1F7C4FD05F51870F7F700FC05F52F7096
:10CCF000F8F722FF05F54A70F9F762FE281DECF7F8
:10CD000029FF05F18000EDF73FF8D5F8B40105F0F3
:10CD10008BFFD5F8B80138B1D5F8BC11F5F738F864
:10CD2000D5F8B80105F080FFD5F8C80128B18468AE
:10CD300005F07AFF2046002CF9D1D5F8DC0105F08A
:10CD400073FFD5F8E40105F06FFFD5F8F001FFF7A8
:10CD50008FF828464FF4D261BDE83840F5F718B88F
:10CD600038BD00BF2DE9F0410446C06C08B1FFF7A3
:10CD700097FFA06B08B1FFF701FFE56B1DB12046DF
:10CD8000FFF7A8FFE56BE36C002B00F08980A36B35
:10CD9000002B76D0002D7AD0E36C002B00F086803B
:10CDA000A06B002800F082807C22002105F060FF4B
:10CDB000E56CD0220021284605F05AFF05F150000D
:10CDC000EAF7FEFE05F19000EAF7FAFE05F13800F9
:10CDD000F1F792FB05F14400F1F78EFBE56B4FF4A0
:10CDE000D262002105F5027805F51876284605F58A
:10CDF0002F7705F03DFF4046F1F734FD3046F7F759
:10CE000071FB4046F1F73EFD3046F7F77BFB05F539
:10CE10004A763846F8F78CFE00213846F8F798FE37
:10CE20003046F9F7C9FD01213046F9F7D5FD002359
:10CE3000264A281D2B70C5F800246B70ECF720FCE7
:10CE400005F18000ECF79AFF03222368C5F8C4219E
:10CE500093F8CC20920711D5E26B616CC2F8FC11FB
:10CE600093F8CC3013F0010318BF022382F8EC31A1
:10CE7000636D1BB10022206D114698470020BDE86C
:10CE8000F0817C21012005F0FBFEA06382E74FF4D6
:10CE9000D261012005F0F4FEE06338B105467BE77E
:10CEA000D021012005F0ECFEE06470E7284605F093
:10CEB000BBFEE06C05F0B8FEA06B05F0B5FE0023EC
:10CEC0000348E363E364A363BDE8F08181BB0160D1
:10CED0000081FFFFF8B504460F46012042F64D11D0
:10CEE000276005F0CDFEE06500284FD0054642F6EC
:10CEF0004D11012005F0C4FE0646C4F8AC00002820
:10CF000040D097F8CC309B071ED400F1080E00F1FA
:10CF10000B0700F10D0205F10D0305F1080005F105
:10CF20000B01C4F8B060606620462566C4F8B4E022
:10CF3000C4F8B870C4F8BC20C4F8C020A166E36689
:10CF40002367BDE8F8400DE700F1030E00F10B0781
:10CF500000F10D0205F10D03E81C05F10B01C4F809
:10CF6000B460206620466566C4F8B0E0C4F8B870C6
:10CF7000C4F8BC20C4F8C020A166E3662367BDE8FE
:10CF8000F840EFE6284605F04FFEE6650048F8BD9C
:10CF90000081FFFFF8B50022436D04460D46426054
:10CFA00013B11146006D9847E26D00230D32A36066
:10CFB000E360C4F8EC30C4F8F030C4F8F430C4F8DE
:10CFC000F830C4F8FC30C4F80031C4F80431C4F8B7
:10CFD000E8306367A367E36722670DB9C4F8805040
:10CFE000D4F8AC0000230026002700F10D0194F9CD
:10CFF000D020C4F88830A4F88430C4F8C010C4F835
:10D00000A030C4F8A430C4F8A830C4F8C430C4F8C0
:10D01000C830C4F8CC30C4E92467C4E926670AB133
:10D0200084F8D030002342F64D122364194663641D
:10D0300005F01EFECDB1A06C30B1FFF731FEA06C43
:10D0400005F0F2FD0023A364606B30B1FFF796FD9D
:10D05000606B05F0E9FD002363630023C4F8DC3056
:10D0600055B12046BDE8F8407CE642F64D1229460F
:10D07000E06D05F0FDFDDEE7D4F8E00005F0D4FD3D
:10D08000C4F8E050C4F8E4502046BDE8F84069E632
:10D0900000217FE710B50446FFF764FE80B92368DE
:10D0A00093F8CC309A0702D5A268032A09D000224F
:10D0B000012320466260A360BDE81040FFF742BC38
:10D0C00010BD13F0010F4FF00102E36B14BFC3F862
:10D0D000D421C3F8D821EAE7002850D038B5044657
:10D0E000D0F8AC0038B142F64D11F4F751FED4F847
:10D0F000AC0005F099FDE06D30B142F64D11F4F74A
:10D1000047FEE06D05F090FDA06C20B1FFF7C8FD73
:10D11000A06C05F089FDE36B8BB12046FFF7DAFDCB
:10D12000E06CFFF7BDFDA06BFFF728FDE06B05F09D
:10D130007BFDE06C05F078FDA06B05F075FD606B84
:10D1400020B1FFF71BFD606B05F06EFDD4F8D850E1
:10D1500055B1284605F09CFD01462846F4F718FE17
:10D16000D4F8D80005F060FDD4F8E00005F05CFDCF
:10D1700020464FF48471BDE83840F4F709BE70478B
:10D1800010B50446FFF7A6FDE06B05F04DFD00234A
:10D19000A06CE36320B1FFF783FDA06C05F044FDB4
:10D1A000E26C0023A264E36410BD00BF38B583685D
:10D1B0000446C26B012BD2F878562CD0606B38B184
:10D1C000826FA36B9A67FFF7D9FC606B05F02CFDAB
:10D1D00023680020A16B5A6A6163A06312B188685A
:10D1E00000B1EDB193F8CC309B070DD5E36BD3F8CC
:10D1F000F0314BB1636D1BB10022206D1146984791
:10D2000063680133636038BD2046FFF7B9FF636888
:10D210000133636038BD022200238260C360CDE722
:10D22000986A90472368DDE710B50446C06B00F5A7
:10D230000270F1F727FBE06B00F51870F7F762F961
:10D24000E06B002100F52F70F8F782FCE06B012104
:10D2500000F54A70BDE81040F9F7BEBB2DE9F04F6C
:10D26000836BD9B0C66C054604933368C46B187AD7
:10D27000EAF780FC002800F0F08133688046587A95
:10D28000F1F72EF98246002800F0E7816B69022B46
:10D290002FDC934B934AC4F80C34934BC4F804240A
:10D2A000C4F80834D4F8783653BBEB6BD3F88C262B
:10D2B000012A00F0F080049B302204F2544904F269
:10D2C000144B2C33D4F810140292184606934023C2
:10D2D000864A0190484600935B46D4F80C74B847E0
:10D2E00058B918AB05934FF409714846F4F750FD4F
:10D2F0000FE0032B00F07A817D4859B0BDE8F08F34
:10D30000049B04F2144B04F254492C33069318ABDB
:10D3100005935F460DF1200C3868103757F80C1C48
:10D32000E64657F8082C0CF1100C57F8043C4F4512
:10D33000AEE80F00F0D110AF0DF1200E0FCFCBF8FB
:10D340000000CBF80410CBF80820CBF80C300FCF3E
:10D35000CBF810004027CBF81410CBF81820CBF8EE
:10D360001C30BEE80F00C4F83404C4F83814C4F804
:10D370003C24C4F84034BEE80F00C4F8440408A8B4
:10D38000C4F848143946C4F84C24C4F85034F4F7AF
:10D39000FFFC4FF48072059B3021029201935B46A3
:10D3A00000970698D4F80C44524AA0470028A4D10C
:10D3B00039465846F4F7ECFC98F80120D8F80440B8
:10D3C00002F0FD03E408082B746000F09780062A41
:10D3D00000F094800122514606F13800F1F7ACF8D4
:10D3E00000288AD10122514606F14400F1F7A4F841
:10D3F000002882D15046F1F7DFF8049B81465B6F2D
:10D400007061012B00F03581024698F80130D8F8A0
:10D410000C10072BF16000F02281049B9B6F012B05
:10D42000D8F8143000F03881B2FBF3F203FB02327B
:10D43000B2606B69012B40F22D81023B012B3FF65C
:10D440005BAF03B2B268059C0A445B0005992044B7
:10D450003769746801EB030BB2602A6892F8CC203C
:10D46000D20700F11C8104EB030A059B07909A4444
:10D4700007B9F768059B3A460AEB040106F1180064
:10D48000049305F0E5FB39193A4606F128005144AA
:10D4900005F0DEFB68E018AAD3F8043428461146EC
:10D4A000059298476B69032B00F0AE802422049B01
:10D4B00004F25449D4F810142C3300920E4A184642
:10D4C00006933023019048460293059BD4F80C74D0
:10D4D000B84700287FF411AF04F2144B03E700BFF4
:10D4E00085C00160E5BB016035BC0160F4440020EB
:10D4F0000094FFFF04450020DC44002000230C279B
:10D500000A2A7361F76000F0968004220823174608
:10D51000326131682A68097F11F0020F0CBF1021B7
:10D5200008210B44B36092F8CC9019F0010900F087
:10D530008E80059A002392469946049204EB030BD1
:10D54000059B9B44002F67D0059B3A460BEB0401DB
:10D5500006F12800079305F07BFB39193A4606F1DE
:10D560001800594405F074FB6B69002B7FF7C4AEBB
:10D57000B9F1000F52D12B68DC6D3CB1186E4B46EF
:10D58000019775680699059A0095A04706F1500421
:10D5900041462046EAF728FB00287FF4AEAE9036DD
:10D5A00041463046EAF720FB00287FF4A6AE5946F4
:10D5B0000123D8F804202046EAF742FB00287FF434
:10D5C0009CAE03465146D8F804203046EAF738FBB3
:10D5D00000287FF492AE98F80130022B4CD00598C9
:10D5E0004FF48071F4F7D4FB002086E633685B7A51
:10D5F000072B22D02B4B2C4AC4F80C342B4BC4F8ED
:10D600000424C4F808344DE6EB6C1B685B7A072BE6
:10D6100014BF202230224AE7F76895E704994A466A
:10D6200006F13800F1F700F84A46079906F1440080
:10D63000F0F7FAFF9FE737616BE71D4B1D4AC4F80F
:10D640000C341D4BC4F80424C4F808342AE6059AA7
:10D6500002EB040A079293460CE718484DE603B222
:10D66000B26005995B0074680844376901EB030BED
:10D67000F3E60A227261C8E620460421EAF704FBB9
:10D6800000287FF43AAE30460421EAF7FDFA00287C
:10D69000A5D032E603B2E4E71344B360C9E60490D0
:10D6A000DA464BE73DC00160D9BC016005BD0160B1
:10D6B00061C0016085BD0160B1BD0160008FFFFFE9
:10D6C0004368102B10B5044607D0C36B8BB1D3F859
:10D6D0000034D0F8A020016F9847236893F8CC302D
:10D6E0009B0706D5E36B23B1D3F8D8210132C3F8E9
:10D6F000D82110BD70B5C569002D47D00446D0F8BB
:10D70000CC0050B936E0D4F8CC108142A1EB000037
:10D7100032D3C4F8CC00A8B1E56923680246D4F836
:10D72000C81093F8CC30091AD4F8B46013F0020F83
:10D73000A06A0CBF05230D2319443144A8470028D3
:10D74000E1DC70BD082107E0D4F8B050AB5C0133D8
:10D75000DBB2AB5493B9D1B223684A1E93F8CC30F4
:10D7600003F00203994203F0FF05EDD805B1022052
:10D77000814209D0002070BD054870BD236893F830
:10D78000CC309B07F6D5F2E7024870BD024870BD69
:10D790000094FFFF8094FFFF008FFFFF03682DE9D7
:10D7A000F04F93F8CC309DB00446D0F8C8609A078B
:10D7B00043D5C76B002F00F0FA8197F8EC31D0F811
:10D7C000C450012B2ED0162D2CD1D4F8C0301D788A
:10D7D0001DB1E26B002A00F09E80321F100C110A6E
:10D7E0005870D4F8C0309970D4F8C030DA7023681B
:10D7F00093F8CC309B0700F19F81002D00F0A582AB
:10D80000E36B3246D4F8C0102046D3F80034984772
:10D81000236893F8CC309F0740F19782E76BD4F8E8
:10D82000C45047B197F8EC31012B04D025F0020326
:10D83000142B00F0D281EBB204E0D0F8C430162BE8
:10D84000C3D0DBB2D4F8B42013702368206993F8F6
:10D85000CC3061699D07D4F8B42000F1AE815070DE
:10D860009170D4F8B830320A1A70D4F8B8305E70BB
:10D87000656C002D00F0AC80216B00294BD02A6D27
:10D88000D4F8C830002A00F0A281B3F5205F92F8E6
:10D8900001801E4600F29F81B8F1070F00F0AB80B7
:10D8A000B8F1020F00F08D8108F0FD03082B40F065
:10D8B0007981002310AF0A932A68BE46D4F8B030AD
:10D8C000127F1868596812F0020FEB68226808BFCF
:10D8D0004FF01008099318BF4FF0080894F8C430AF
:10D8E000D5F81090AEE803008DF8483092F8CC20BF
:10D8F00020699307616900F1BD81DDF824E08DF8AE
:10D9000049008DF84A10320ABEF10C0F8DF84C60B8
:10D910008DF84B2003D0C9481DB0BDE8F08FD5F875
:10D9200010A0BAF1040F00F0B681BAF10C0FF2D1D9
:10D930002A46D4F8B0100DAB0DF1370E52F8180F7F
:10D9400001F1FF3C0B930DF13F0B5168926807C347
:10D95000099B1EF8011F1CF8012FF34582EA010202
:10D960008EF80020F5D10993099B0DF1300CD4F805
:10D97000C0E005F15000C9EB0303CDF818800EEBB1
:10D98000060B02969A193B460D270B99C4F8C8203E
:10D990005246CDF80CE0CDF804E0CDF814B0CDF847
:10D9A00010C00097EAF7F8FB0028B5D10C9BB342F2
:10D9B000B1D1D4F8C8300A9A4344C4F8C830002A18
:10D9C000A9D1D4F8B820190A1170D4F8B82053702E
:10D9D00023682046D4F8C82093F8CC3013F0020F07
:10D9E0000CBF05230D231344C4F8CC30FFF782FE8F
:10D9F0001DB0BDE8F08F6369002B8CDD05F13800A8
:10DA00000822D4F8B01010AFF0F784FE606C032247
:10DA1000D4F8B4103830F0F77DFE606C0222D4F8F0
:10DA2000B8103830F0F776FE606CD4F8C820D4F81F
:10DA3000C0103830F0F76EFE606C39463830F0F7C1
:10DA40007DFE606C3830F0F7AFFED4F8C820636C10
:10DA50003946D4F8C00010445A6905F0F9F8656CED
:10DA6000D4F8C86008F0FD026B69082A3344C4F892
:10DA7000C8301E4600F06681B8F1060F00F06281E2
:10DA8000B8F1020F7FF447AF01260022581C0D9217
:10DA9000ED68B0FBF5F105FB1100281A854200F096
:10DAA000C780C5B201E0D4F8C830D4F8C0100B4428
:10DAB0009D5401329042F6D2D4F8C85063690135C2
:10DAC000012B0544C4F8C85040F3D0802268636C31
:10DAD0009569D06903F11801DA68A84700287FF436
:10DAE0001BAF616CD4F8BC00CA68183105F0B0F8FF
:10DAF000606CD4F8C850C268D4F8C0302A44C4F866
:10DB0000C8200DA9C2680193029100F11801009587
:10DB10005030EAF715FB00287FF4FEAE0D9B9D42C6
:10DB20007FF4F9AE6369012B40F3AD80002E00F065
:10DB3000CA80D4F8C83044E7D4F8C830C3F52053BD
:10DB4000072B48D9D4F8C0000836011D0C3005F069
:10DB5000ABF8D4F8C8300833C4F8C830002D71D001
:10DB6000E36B0022D4F8C010D3F8D4311B0A0B7138
:10DB7000E16BD4F8C030D1F8D4115971E06BD4F80E
:10DB8000C010D0F8D4310133C0F8D431CA800A7241
:10DB9000D4F8C0301A4632F8011F9278A3F8091061
:10DBA000DA722DE6B8F1060F3FF483AEB3E6D0F893
:10DBB000C450162D3FF409AE3DE60132FEF76AFB74
:10DBC0004FE68A6F002A3FF416AF00265DE7B3F5F3
:10DBD000205F7FF6A0AE1A489EE61021012005F0D6
:10DBE0004FF88046002800F0AB80D4F8C8900120A0
:10DBF000494605F045F8C8F80000002800F09D806F
:10DC00004A46D4F8C01005F023F80022EBB2C8F859
:10DC10000490C8F80C2088F80830D7F8F01109B93A
:10DC20004EE01146CA68002AFBD1C1F80C8009E613
:10DC3000D4F8C0101046CA543EE700BF0094FFFF5E
:10DC4000008FFFFFD4F8C0301D71D4F8C0305D7173
:10DC5000D4F8C030DD801D72D4F8C0301A4632F8D6
:10DC6000011F9278A3F80910DA72D1E5D4F8C03018
:10DC7000606C46E70DF14902FEF70CFBD5F80CE0AD
:10DC8000D4F8C8603FE6606CC26800F178011830D3
:10DC900004F0DEFF4AE7D4F8B0200EAEA8690DAB61
:10DCA0000D90106851680B9303C6D4F8BC1010682F
:10DCB000526808604A60D4F8C860D5F80CA053E6F2
:10DCC000C7F8F081BEE5D4F8B01010ABD4F8B4605A
:10DCD0000D220868D4F8C8504968676C03C32B0A42
:10DCE000B6F800E0B67810A907F13800ADF848E0C2
:10DCF0008DF84B308DF84A608DF84C50F0F70AFDE6
:10DD0000606CD4F8C820D4F8BC103830F0F702FDAD
:10DD1000D4F8C830D4F8BC10606C19443830F0F72F
:10DD20000DFD606C3830F0F73FFD626CD4F8C83000
:10DD300052691344C4F8C83043E6404604F074FF07
:10DD40000348E9E501230A93B6E594F8C43079E580
:10DD50000081FFFF02680146D2F8B430002B10B4F6
:10DD60000EDB04201624D1F8C0300022C1F8C80010
:10DD70000846C1F8C4401A705DF8044BFFF70EBDA9
:10DD8000D2F8B030D2F8AC20B3FBF2F201324FF04F
:10DD9000010303D001335208DBB2FBD1CA68013260
:10DDA0009A42CA60DDDD00205DF8044B704700BF79
:10DDB000A0B170B4046874B1D0F8C0401526022533
:10DDC000C0F8C460C0F8C8502170D0F8C0305A7094
:10DDD00070BCFFF7E3BC024870BC70470048704756
:10DDE000008FFFFF28220221FFF7E2BF20B3026865
:10DDF00012B392F8CC20D20714D54268102A1BD156
:10DE00000321D0F8CC208160A2B9D0F8C01030B482
:10DE100004251624C0F8C850C0F8C4400A7030BCAD
:10DE2000FFF7BCBC8268012A08D04368102B03D1DD
:10DE3000FFF730B9FFF75EBC01487047FEF782BDBF
:10DE4000008FFFFF90E80A00102B91F8CC2001D042
:10DE5000002070478368032BFAD091F8CD309B06E1
:10DE6000F6D5B8312DE9F04102F002060446006E05
:10DE7000C6F108078D1930443A46294604F018FFC8
:10DE80008046D4F8B00029463A46304404F010FFEA
:10DE9000B8F1000F04DC002802DC0020BDE8F081AE
:10DEA0002046BDE8F041FFF7A1BF00BF70B51446A2
:10DEB0000E460546FEF700FDA04205D22B6893F8FA
:10DEC000CC309B071BD40446D5F8CC3083B917233C
:10DED000C5F8C84031462246C5F8C430D5F8C00060
:10DEE00004F0B6FE2846FFF759FC38B9204670BD4D
:10DEF0002846FFF7FFFB0028F8D070BD70BD014831
:10DF0000FBE700BF008FFFFF002846D0036870B515
:10DF10000446E3B116460D46FFF794FFC0B96368A7
:10DF2000102B04D02046FEF70DFD002834D12368C5
:10DF300093F8CD30DB0604D5012E02D96369012B9D
:10DF400007DD324629462046BDE87040AEE714485A
:10DF500070BD636C13F1500FF3D01B6D002BF0D02C
:10DF60005B78022BEDD194F9D0304BB901222946D0
:10DF70002046FFF79BFF0028EADD012384F8D0301C
:10DF8000721E691C2046FFF791FF0028E0DD002388
:10DF9000013084F8D03070BD70BD0148704700BFBB
:10DFA000008FFFFF70B1026862B1D0F8CC2022B9B7
:10DFB0004368102B03D010467047FFF79BBB01212D
:10DFC000FFF7F6BE00487047008FFFFFF8B5C36C3F
:10DFD0001B689A7A0B2A3BD90268064692F8CC3025
:10DFE000DB0740D5C36B002B6ED0D3F8C051002D9A
:10DFF0006AD02B68002B69D02D68002D40D06C684A
:10E0000042F2F6739C4220D80723D6F8C020210C98
:10E01000200ADF1CD1542246D6F8C010194448709B
:10E02000D6F8C0100B449C70D6F8C000A9683844DC
:10E0300004F00EFE42F2FD723B19D5F83051D21AAF
:10E04000002D3AD06C689442DFD9244A1046F8BDBE
:10E050004FF41663D340DA07BED54368002201337C
:10E0600043601046F8BDD0F8D430002BF5D0C36B18
:10E070001BB1D3F8C051002DBED1956E002DBBD180
:10E0800007232F462846D6F8C02016240B211071EE
:10E090003046D6F8C0205771D6F8C0209571D6F812
:10E0A000C020C6F8C830C6F8C44011707368013388
:10E0B0007360BDE8F840FFF771BBDD1FC5F3074093
:10E0C000C5F30727EDB2DEE7956E0DB9044AC8E740
:10E0D00029680029FAD0002BCBD18DE7008BFFFFF8
:10E0E000808AFFFF10B401221424D0F8C010C0F8B9
:10E0F000C440C0F8C8200A7042685DF8044B013281
:10E100004260FFF74BBB00BF4369022B08DD4B7A2F
:10E11000072BC36B0CBF054A054AC3F800247047A0
:10E12000C36B044AC3F80024704700BF79BD016087
:10E13000CDBC0160C1BB01602DE9F047C56B84B067
:10E1400007688046D5F8B89105F2544305F5CF66C7
:10E15000D7F89420D7F89840B9F1000F7BD0D5F8C4
:10E16000BC4105293AD007294ED0062958D00829A4
:10E1700073D1FB6905F2564A03A905F180000193AA
:10E180005246BF69CAEB06030097EBF7DFFE10BBF0
:10E19000039B190A0AEB030285F8553485F85414D9
:10E1A000B31A012B53DD1346210A03F8021B9E42CA
:10E1B00054704CD3F61AB44249D822461846494600
:10E1C00004F046FDD8F83C200444002002F25443F9
:10E1D000E41AC2F8104404B0BDE8F087F31A012B2A
:10E1E00035DD05F25647230A85F85544BE4285F8C9
:10E1F00054342CD3F31B9C4229D8224600213846A4
:10E2000004F036FD3A19CBE7F31A012B1FDD00218C
:10E21000302305F2864285F8541485F85534BFE75B
:10E22000FA6905F2564A03AB281D01925146BF69AF
:10E23000CAEB06020097EBF78FFB0028CBD1039ABD
:10E24000130A85F85524524485F85434A8E7044845
:10E2500004B0BDE8F087914683E70248BBE700BF02
:10E26000008FFFFF0094FFFF10B501210446F1F776
:10E270003BFF08B1012010BD20460421F1F734FF17
:10E28000002814BF0320002010BD00BF022807D0C3
:10E29000042805D0A0F10100B0FA80F040097047D1
:10E2A00003207047012803D003280CBF042000205E
:10E2B000704700BF0138C0B2052802D8024B185C75
:10E2C00070470020704700BF8405002003380528F0
:10E2D00002D8024B185C7047002070478C05002064
:10E2E0004369032B05D104290BD0052903D002294A
:10E2F0000DD00A487047C36B0020094AC3F80424B4
:10E300007047C36B0020074AC3F804247047C36BEF
:10E310000020054AC3F80424704700BF009AFFFF9D
:10E3200085BD0160D9BC0160E5BB016003689A6FDF
:10E3300052B1137843B1994202D108E08B4206D022
:10E3400012F8013F002BF9D14FF0FF307047002049
:10E35000704700BF03685A6F52B1136843B19942C6
:10E3600002D108E08B4206D052F8043F002BF9D1CD
:10E370004FF0FF3070470020704700BF012A70B592
:10E380001D46064611D0802103F090F9C0B12B68DC
:10E390004FF0FF341B4943F400632B6030460822E2
:10E3A00003F08EF9F8B9204670BD897A0A290AD996
:10E3B0000021304603F07AF9E0B904461249EDE74E
:10E3C00004461049EAE78A4012F0820F07D112F49E
:10E3D000C06F06D112F01C0118BF8021E9E720218F
:10E3E000E7E70821E5E72B684FF0FF3443F480535B
:10E3F0002B60D8E72B684FF0FF34034943F40063E8
:10E400002B60CBE76425002054200020012A04D093
:10E410001870597030B430BC70471A46FDF73ABFD7
:10E42000012A04D01A7802605B780B60704710B440
:10E4300040F201121C78121B02605A78C2F58073F8
:10E44000012B03D00B605DF8044B704740F20113C1
:10E450009B1AF7E7026838B5D2F8AC200446C36BC4
:10E46000456DC3F8E8211DB19108006DA847E36B25
:10E47000A26F162A03D0022283F8EC2138BD226F46
:10E480001278142AF7D1032283F8EC2138BD00BF9B
:10E490004369012B70B5044640F38D80C26CD0F8FF
:10E4A000BC001169D3685B1AC118C4F8C010226897
:10E4B0000431E36B204692F8CC20D3F8083402F004
:10E4C000010298476369D4F8C05004F1F000002BB2
:10E4D00005F1040115BF0C22242210262826C4F8B9
:10E4E000EC2004F0B5FB16221423C4F8C860C4F86D
:10E4F000C4202B70E26BD2F878362BB3216891F8E8
:10E50000CC30DD0705D40F23636091F8CC30D807F9
:10E5100020D50A23636091F8CC3003F0020303F0A6
:10E52000FF01EBB9D4F8B03019605960E16CA26B0F
:10E5300023686164226393F8CC309B0733D4204670
:10E54000BDE87040FFF72AB994E80A000133636020
:10E5500091F8CC3003F0020303F0FF01002BE1D06F
:10E56000D4F8B0100023606CC2F8FC010868496858
:10E57000C2F80002C2F80412D4F8B020C2F8023087
:10E58000D380D4F8B02053780133DBB25370002B22
:10E59000CCD1D4F8B02013780133DBB21370002B48
:10E5A000C4D1074870BD2046FFF754FF2046BDE8A0
:10E5B0007040FFF7F3B8D0F8BC10C0F8C01076E791
:10E5C0008094FFFF38B5C36B0446D3F8F001FDF724
:10E5D0004FFCE36B0022D3F8D811C3F8F021C3F845
:10E5E000F421656DC3F8F8111DB11146206DA847DF
:10E5F000E36BA26F162A03D0002283F8EC2138BD0A
:10E60000226F1278142AF7D1032283F8EC2138BD47
:10E6100038B5C36B054693F8EC21012A1FD0D3F817
:10E62000F021C3F8F421FDF733FCEB6B012283F8F2
:10E63000EC21EB6B13E06268D5F8C00004F008FB36
:10E640006368E2682846C5F8C830EB6B217AC5F8E4
:10E65000C410C3F8F421FFF7A1F880B9EB6BD3F82D
:10E66000F4416CB1237A2168162BE4D10B78142B7A
:10E67000E1D12846FDF70CFC2168DCE7184638BDDF
:10E680006A68102A0DD0022283F8EC216B6D002BF2
:10E69000F4D0EA6B286DD2F8E8219108984720461B
:10E6A00038BD0322204683F8EC2138BD01682DE9EE
:10E6B000F04791F8CC30C76F9C0703D50B2F3AD9A0
:10E6C0000C2402E0032F36D90424056FAA786B7856
:10E6D0001202EE7842EA034333431E19C0F8A060E9
:10E6E00091F8CC3099071FD52A7904466B79D0F878
:10E6F0003C8043EA0223B8F1000F00F0F480426846
:10E70000102A1ED0D8F8D82193421DD0D8F8F8216D
:10E71000013A934212D12B78032B0FD02046FFF7FA
:10E7200077FF58B1BDE8F0879F4BB74234BF18461A
:10E730000020BDE8F0879D48BDE8F0879C48BDE813
:10E74000F0872A78012AE1D1B74280F01B81A6F137
:10E750000C07D8F8E491B9F1000F00F0E88004222A
:10E760002946484604F0A4FA0028E4D1EA7909F1E0
:10E770000C00AB7A95F806A012026E7A1B0242EAF0
:10E780000A4295F808A043EA0643EE7A42EA0A0AEA
:10E7900000EB07091E430AEB0603BB42CBD806F188
:10E7A0000C08E36F9845C6D8324605F10C01504479
:10E7B00004F04EFA0AF00702C2F10803002A76D0EC
:10E7C0009E424FEADA0064D866B19E1B19F8002019
:10E7D000012505FA06F101360A439E42D2B2F8D16C
:10E7E00009F80020F8080ED099F80030FF2BA5D1C9
:10E7F00009F1010309EB000103E013F8012BFF2AE3
:10E800009CD18B42F9D117F007070FD019F80010EF
:10E81000CB0993D0C7F10707062301E0D2078DD5B6
:10E82000BB4241FA03F203F1FF33F7D1E36F98459E
:10E830007AD3D4F88020D4F888108A4216D9266F6B
:10E84000521AD4F8A00042F64D15636E3044E66DBE
:10E850001944C71A9B1BED1AD319C4F88870AB4230
:10E86000C4F8803000F2978004F01EFAE36BD4F80D
:10E87000A020D3F8E411206F04F0EAF9E36BD3F899
:10E88000E40104F0D1F9E36B0020C3F8E401BDE832
:10E89000F0879A44F61A19F800200125013B05FA81
:10E8A00003F10A43D2B2002BF8D109F8002016F088
:10E8B000070311D006EB0A05C3F10802F61A01207E
:10E8C000ED0819F8053000FA02F101320B43082A6D
:10E8D000DBB2F8D109F80530F208FF2109EBDA00C4
:10E8E00004F0C6F97EE7B7421ED303223149A81DC2
:10E8F00004F0DEF9C0B90322691C05F1090004F037
:10E90000D7F958B9B8F1000F3FF40CAFD8F8E4913B
:10E91000B9F1000F42D0A6F10C0720E7A6F10C07D1
:10E92000B8F1000F7FF415AF1F48BDE8F087B6F5CA
:10E93000205FF9D817F007034FF0010006EBD7016D
:10E9400018BF0346194404F09BF90346C8F8E401D4
:10E9500030B328681860AA889A80D8F8E431A3F800
:10E96000069083F80890E36BD3F8E4311A4632F846
:10E97000011F9278A3F80910DA72E36B256FD3F8C0
:10E98000E491F3E603220B49A81D04F091F9002855
:10E990007FF4DDAEAFE70848BDE8F087BDE8F0875B
:10E9A0000648BDE8F08700BF808FFFFF008EFFFFA5
:10E9B000809AFFFF340500200096FFFF0081FFFFD3
:10E9C000836F162B10B5044622D0152B0ED023686A
:10E9D00093F8CC3003F0020303F0FF002BB1E06B9F
:10E9E00018B16368102B19D0002010BDE36F022B03
:10E9F00019D1226F1378022B17D0012B01D00D48AB
:10EA000010BD53789BB1642B0A4808BF002010BD8D
:10EA1000FFF74CFE0028E8D1A36FD6E72046FEF7AB
:10EA2000AFFB002010BD044810BD044810BD0448D1
:10EA300010BD00BF8099FFFF008EFFFF8088FFFFA1
:10EA40008087FFFF036A2DE9F041002B00F0BC80B6
:10EA5000456E42F64D13C26DAA1A9B1A8B42C0F046
:10EA6000B78003680F46044693F8CC309A072FD43A
:10EA7000D0F88060B14230461FD880E0D4F8806082
:10EA8000D4F82480B8F1000F00F08B8023682A4668
:10EA9000616ED3F8A8303144A06AC047002800F066
:10EAA00089807CDB8542C0F09680D4F88060304459
:10EAB0008742C4F88000064661D9A36D3D1A002B39
:10EAC000DED0206D98470228D8D14948BDE8F081B2
:10EAD000436D002B7CD0836D002B79D0D0F888104B
:10EAE000D0F8802049B1914275D8521AC0F88020E0
:10EAF000002A62D10023C4F8883097423FD9002A07
:10EB000069D1A36D13B3206D984702281ED1636DA0
:10EB10001BB10022206D114698476368102B31D03D
:10EB2000E36B2168D3F8E821D1F8B0108A42CCD247
:10EB3000500081425AD3824258D8C3F8E801204697
:10EB4000FFF766FD58BB2B48BDE8F0816368102BCA
:10EB500044D0E36BD3F8E831616E42F64D12E06DBC
:10EB6000656A081A121A002D3CD0A06AA84708B39B
:10EB700010F5D04FCBD0002811DBC4F88000002066
:10EB8000BDE8F081236893F8CC30DB079DD5A368FE
:10EB9000032B9AD12046FFF7DDF80028D3D0BDE83B
:10EBA000F081616E2A46236A3144A06A98470028A2
:10EBB0007FF477AF1048BDE8F0812944284604F07F
:10EBC00073F8D4F8802095E7436A002B7FF440AFB8
:10EBD0000A48BDE8F0810A48BDE8F0812368D3F80F
:10EBE000A830B9E7236AA06A9847C0E70846A4E7B7
:10EBF0000098FFFF0097FFFF808DFFFF008FFFFF52
:10EC00000094FFFF036893F8CD3003F00803002B56
:10EC10005FD0016E00222DE9F00F8C7884B00025C2
:10EC200016462302CC7991F804A01643CF784FEA18
:10EC30000A684FEA1A2991F805A01F43CDE9024559
:10EC4000DDE9024534433D4344EA080445EA090549
:10EC5000A0464FEA1A44A94601944FEA0A4491F8A3
:10EC600006A000944FEA1A674FEA0A26DDE900453C
:10EC7000D0E924AB45EA090544EA080445EA070956
:10EC800044EA0608CB4508BFC2451DD3BAEB0806C7
:10EC90006BEB0907002F08BF402E1ED2D0F89C4016
:10ECA000C6F12001D0F89830A6F1200204FA01F153
:10ECB00023FA06F024FA02F20843104340F300005E
:10ECC00004B0BDE8F00F7047104604B0BDE8F00F87
:10ECD000704703F0FF02104670474FF0FF30EFE738
:10ECE000036893F8CD301B0761D5016E00232DE931
:10ECF000F00F8A7884B0CF7800241502CA7991F891
:10ED000004A026462F434FEA1A2926434FEA0A68F1
:10ED100091F805A0CDE90223DDE902233B4332430C
:10ED200043EA090342EA080299464FEA1A43904629
:10ED300001934FEA0A4391F806A000934FEA1A673D
:10ED40004FEA0A26DDE90023D0E924AB43EA0903B0
:10ED500042EA080243EA070942EA0608CB4508BF2F
:10ED6000C24525D2B8EB0A0A69EB0B0BBBF1000FC9
:10ED700008BFBAF1400F3BD2D0F89830AAF1200674
:10ED8000D0F89C20CAF1200103FA06F603FA0AF42F
:10ED900002FA0AF523FA01F144F0010435430D4368
:10EDA000C0E92645C0E9248904B0BDE8F00F7047EA
:10EDB000BAEB080A6BEB090BBBF1000F08BFBAF105
:10EDC000400FF1D20121AAF12005CAF1200401FA75
:10EDD00005F301FA0AF221FA04F42343D0E92645A7
:10EDE00022432B43C0E9262304B0BDE8F00FDEE741
:10EDF00001220023C0E92623D4E700BFD0F8A010E9
:10EE00002DE9F04F04469DB0C9B1456F002D40D1AA
:10EE1000C26F91423FD3C567C0F8A0502368204617
:10EE200093F8CC3013F0020F0CBF05210D21FFF732
:10EE300009FE58B1054628461DB0BDE8F08F436F66
:10EE40002BB3002528461DB0BDE8F08F636EA26E7F
:10EE50001E782068A6671578527842EA0525E5678E
:10EE600090F8CCE01EF0020F40F0CF8159789F78E7
:10EE7000A6F11402032A1AD91EF0020F00F0A9818C
:10EE80000023724DC4F88830C4F88030DAE7C367D5
:10EE9000C4E76F4DD6E7521A006FE267014403F0F2
:10EEA00003FFE36FC4F8A050002BCAD1B6E7236973
:10EEB0008B4240F0D58190F8C930BB42C0F2D0817E
:10EEC000E76D42F64D12216FC91B521A954200F2AE
:10EED000C7810EF0020202F0FF03002A40F0BC805E
:10EEE000226C002A00F0428292689542C0F0438270
:10EEF0006169002904DD02F52452954200F23B824B
:10EF0000002B20460CBF05210D212944FFF79AFD57
:10EF100000288FD1226892F8CC3003F0020303F06E
:10EF2000FF01002B00F06E81E36F0D33C4F88830D1
:10EF3000256C002D00F05D81E06A002800F025823C
:10EF4000D5F89030002B00F01B82E76FAE6859783F
:10EF5000B742C0F0798101F0FD03082B00F0638116
:10EF6000A1F10603B3FA83F35B09002B40F05B8148
:10EF7000022940F00A8261690B93012940F30E8255
:10EF8000EB68194619448F42C0F05E8169694E1CD6
:10EF900033449F42C0F05881836FD4F87080012BB6
:10EFA00000F07C8338464FF00009EA68B0FBF2F6C7
:10EFB00002FB1606002E40F017826369012B11DD5B
:10EFC000801ABF1AE0676AB130463146E36E0D44DD
:10EFD00001311B5CC9B285F82830256C0846EA6807
:10EFE0009142F3D30BA9434605F19000029105F13C
:10EFF00028018DE88001E9F7A3F8002840F0B381EB
:10F000000B9B9F4200F006822268114D92F8CC3093
:10F010009E0740F11B8125F0800313F5E44F7FF438
:10F0200011AF63680B2B00F011810D2B00F00E81E6
:10F03000D2F8C020002A3FF423AFA36901339A42DB
:10F04000A3613FF61DAF034DFCE600BF809AFFFFB2
:10F050000094FFFF808EFFFF216EB4F884C091F80A
:10F0600000804A7842EA0822624500F099811EF049
:10F07000010F00F014816368102B08BF162E40F0BA
:10F080000E81002A40F00B81D4F880300D2B40F225
:10F0900006817A7B012A40F00281D0F84480856C99
:10F0A000B8F1000F00F0F882002D00F0F5823C2B43
:10F0B00040F26D813A78162A40F06981FA78002A88
:10F0C00040F065813A79002A40F06181FA7C002A9B
:10F0D00040F05D813A7D002A40F059817A7D002A16
:10F0E00040F0558197F83B10A3F13D02914200F2A8
:10F0F0004E817A183C3B92F83C209A4200F24781BC
:10F10000D0F84CA03D31D4F8E0B0D4F8E4903944C4
:10F1100050465B46CDF80090D4F8AC60A847002874
:10F1200000F0A68039685B467A685046FD684FF06B
:10F13000030AD7F808B04FF0FE0CF5604FF0FF0E51
:10F14000316006F11C057260C6F808B039697A6949
:10F1500031611CA9726106F520523F7E86F80DA030
:10F16000377686F819C086F81AE0CDF8009041F895
:10F17000305DC047002840F03481109A9F4D921BAB
:10F18000D1B2A2F11903A2F10D07A1F11C0EA1F158
:10F1900019000D393F0AC0B286F81BE03173C3F382
:10F1A0000741C3F3072330763074B175B173F3753B
:10F1B000F373F772E369D4F8AC10A06A9847236838
:10F1C00093F8CC3003F00203DBB2002B3FF43AAEED
:10F1D00056E60A2202212046894DFEF7E9FD236802
:10F1E00093F8CC3003F00203DBB2002B3FF42AAEDD
:10F1F00046E692F8CC309B077FF523AE2046FFF71A
:10F200006FFD1EE6C4F8801092E69A7840F2011174
:10F210005B78C2F58077C91A012F7FF429AE40F2DE
:10F220000117BF1A24E62968EB68087F296910F0E6
:10F23000020FA3EB01030CBF4FF010084FF00808BA
:10F2400003EB08018F4230D26E4DDFE615F5E34F38
:10F250007FF4F8AD204614220221FEF7A9FDF1E566
:10F260000EF00203664DDBB2002B3FF4EBAD07E678
:10F2700001212046FDF78EFE002800F063822368FE
:10F2800093F8CC309F077FF5D5AD10F5CF4F0546ED
:10F290003FF4D8AD15F5CE4F7FF4F2ADE56F05F133
:10F2A0000D03594DC4F88830CCE5FE1A216E0DF1DE
:10F2B0004009A76FC8EB06064B46E6670868496831
:10F2C00003C38DF8487092F8CC30276F9B072069F4
:10F2D000616900F18C8033468DF849008DF84A1041
:10F2E0001A0A8DF84C308DF84B20EB680C2B7FF40C
:10F2F0008BAE2B69042B00F028820C2B7FF484AE9C
:10F3000055F8280F0DF1300C236E6968E246AA68A3
:10F3100003F1FF3E0DF13B050DF13303AAE80700B1
:10F3200013F8011F1EF8012F9D4282EA01021A7094
:10F33000F6D1206C0BAA07EB060E0D2504924B4666
:10F34000CDF8188061460397903002960C22019701
:10F35000CDF814E00095E8F75FFF002800F0EA819F
:10F3600010F5C64F40D0054622684FE66A1EB2F53A
:10F37000205FFFF4C5AD224D002B3FF463AD7FE568
:10F38000AB68E76F9F42FFF45FAF204D3EE6204D34
:10F3900090F8CC3098077FF555AD7BE7E968F1E54B
:10F3A00020460993FFF72EFC00287FF478AF142E37
:10F3B000099B0ED0172E7FF493AD6268102A3FF49C
:10F3C0008FADA16801297FF46AAF022A3FF488ADAE
:10F3D00065E762680C2A3FF483AD0A2A3FF480ADEA
:10F3E0005DE70A4D2068D3E72268064D0EE60DF171
:10F3F0004902FCF74FFFE36F72E700BF8095FFFF04
:10F40000008EFFFF808EFFFF809AFFFF0094FFFFBA
:10F410000087FFFF6269012A40F3A181D4F87CE0F4
:10F4200089F00109206F216C00EB0E03D1F814A0C4
:10F4300013F8017C013707EB0A039E4580F08081B9
:10F44000B9F1000F00F07C8100231F46002A7FF7EE
:10F45000DBADBE4534BF4FF0000803F00108C7EB39
:10F460000E020AF52053002507F1FF3C01219A42C4
:10F470008CBF4FF0000808F001082B4608FB020281
:10F48000501E10F8012FBB422CBF002101F00101DA
:10F490000133CCEB0202B3F5807FB2FA82F24FEA7D
:10F4A000521201FB0255ECD1AF4214BF002508F007
:10F4B00001056B025B1B1F40C7EB0E03E367B9F14D
:10F4C000000F00F0A280CAEB0303A26E190AE367E3
:10F4D0001170A36EE26F5A706369002B40F3708164
:10F4E000206CE36F026807EB0308527AB8F5807F5F
:10F4F000A2F1030288BFA8F58076042A00F2608199
:10F50000DFE812F0C300C3005E01C30005001D3335
:10F5100008F11D02DB09C3EBD2134FEA052A0822CA
:10F52000216E4430C5EB0A0A0AEA030AEFF7F2F843
:10F53000206C0322616E4430EFF7ECF8206C02225D
:10F54000A16E4430EFF7E6F8206CE26F4430216F93
:10F55000EFF7E0F8226FE36F1344002F00F01881FB
:10F560001F44002213F8011BBB4282EA0102F9D1B9
:10F570000DF14009206C8DF830200AF1010A49464E
:10F5800044309DF83030EFF7D9F80027206C013770
:10F59000216F4430EFF75CF95745F7D1206C4430C8
:10F5A000EFF702F9236C206F5A69811908EB020307
:10F5B0009B1B07D0CE18002311F8017B7B40B14282
:10F5C000DBB2F9D100218DF82C30E36F9DF82C606F
:10F5D0008DF82B1082B11A44C618024416F8011B8C
:10F5E00019F8010B9DF82B70964281EA000141EA5F
:10F5F00007018DF82B10F1D19DF82B20D2B2002DF0
:10F6000000F0C380002A40F0C080002B40F0B080A2
:10F610006269032A00F0CA80D4F8A4200132032AC8
:10F62000C4F8A4203FF7E0AE206890F8CC20920701
:10F6300019D4082208E0216E4B5D0133DBB24B5533
:10F64000002B40F09980EAB22068551E90F8CC104B
:10F6500001F002018A4201F0FF03ECD89A4200F067
:10F66000AC80E36F2068B3F5205F02467FF6C1AD42
:10F6700090F8CC30990705D563680D2B02D00B2B81
:10F680007FF4D6AC4F4DFFF7DDBB153308F1150203
:10F690009B09C3EB921340E74B4D79E67F1A216E2D
:10F6A000626E0CABE7673E0A0868496803C393784B
:10F6B0000CA9B2F800E005F144000D228DF83A30B3
:10F6C000ADF838E08DF83C708DF83B60EFF722F82C
:10F6D000206CE26FE16E4430EFF71CF8206C10A94B
:10F6E0004430EFF72BF8206C4430EFF75DF8256CD1
:10F6F0000021E26E6B698DF82A10E06F93B103442C
:10F7000010AE111802EB030E11F8013B16F8012B95
:10F710009DF82AC0714583EA02034CEA03038DF881
:10F720002A30F1D19DF82A30002B7FF45DAE4FF0E6
:10F7300001093AE40B9B9E427FF466ACE36F64E7F9
:10F74000012383E6214DFFF77DBBA86A0DABE26E76
:10F750000DF1300C0C901068516803C3E9E5206C82
:10F76000C26800F1B801283003F072FA626955E608
:10F770000022C4F8A42057E7206890F8CC309B07FB
:10F7800001D4E36F6FE7022368E7114D22683DE47F
:10F790000DF14009206C8DF830700AF1010A4946DC
:10F7A00044309DF83030EEF7C9FFEEE6A26F172A1D
:10F7B0003FF432AF2268034D28E40246054D25E4AC
:10F7C000054DE3E7008EFFFF008FFFFF8098FFFFEE
:10F7D000808EFFFF8094FFFF0094FFFF38B5D0F8C4
:10F7E000A850044675B10025C0F8A850284638BD79
:10F7F0002046F3B9FFF7E4F810F5CD4F02D010F52D
:10F80000CB4F0ED12046FFF7F9FA10F5CB4F034648
:10F81000EED12046FFF7F2FA10F5CB4F0346F1D0B8
:10F82000E6E748B9A36F162BE0D12046FDF748FF65
:10F83000DCE71D46284638BD0546284638BD00BFD2
:10F84000002800F0E880036870B50446002B00F043
:10F85000E48093F8CC3015460E469B0709D5FDF79A
:10F8600049FF68B9E36B23B193F8EC31012B00F049
:10F87000BE802046FEF7E6FA10F5D64F01D000B163
:10F8800070BD6368102B07D02046FDF75BF810F5BC
:10F89000D64F01D00028F3D1616F002940F090804D
:10F8A000A36D1BB1206D984701305ED02046FFF755
:10F8B00095FF002840F09580E36F23BBA36F172BC3
:10F8C0001CD0162B22D0A268032A43D0152B00F09F
:10F8D0009D80172B25D16368226F102B62674ED055
:10F8E000236893F8CC30DB07D6D5A368032BD3D19C
:10F8F0002046FEF72FFA0028CED0C1E72046FFF7BA
:10F900006DFF00287ED1A36F162BDCD12268216FFA
:10F9100092F8CC300978D80705D501290BD0990782
:10F92000BAD4404870BD0029F9D19807D4F8A01086
:10F9300042D40429F5D192F8CD20920627D46369E8
:10F94000002B6CDD642201212046FEF731FA0028ED
:10F95000A2D070BD2268D2F8B4100029B6DBE268EC
:10F9600001329142E260B1DADBE7636D002B9DD09A
:10F970002268206DD2F8A8209108984796E7636D19
:10F98000002BADD00022206D11469847A8E7D4F88F
:10F99000E82012B913F0300FD1D003F00303022B8B
:10F9A00036D02046FDF776FB10F5D64F3FF474AF06
:10F9B00000287FF465AF6FE70C297FF46DAFBAE7DD
:10F9C000E26F3046954228BF15462A4603F040F9BB
:10F9D000E36F5B1BE3678BB1636F2B446367284660
:10F9E00070BD10F5E54F7FF44BAF002070BD204691
:10F9F000FEF70EFE00283FF43CAF70BD6367C4F80D
:10FA0000A830ECE710F5E54FEFD070BD064870BDAB
:10FA10000323A360C5E705487047044870BD044848
:10FA200070BD00BF0089FFFF0097FFFF008FFFFF41
:10FA30000094FFFFC26C03462DE9F047166884B0BE
:10FA4000B17A0B291BD91A68072992F8CC2002F049
:10FA5000010000D1C0B9D96BC2F38102D1F8C471E1
:10FA6000032F08BF1746B7B9A8B15A688024996B0D
:10FA7000002001320C665A6004B0BDE8F0874FF4F4
:10FA80001662CA40D007DED55A68002001325A609B
:10FA900004B0BDE8F08718461C46FFF79FFE0546F8
:10FAA00008BB94E80C000133636092F8CC30DA07AD
:10FAB0001DD56269DAB103F0020AD4F8A090BAF158
:10FAC000000F0CBF07220F220AF0FF0191450ED153
:10FAD000A36F162B00F0228120460A220221FEF796
:10FAE00067F9B748D4E7284604B0BDE8F087A26FAD
:10FAF000162AF1D1D4F8708098F800200B2A7DD115
:10FB000003F0020AD4F8A090BAF1000F5ED0B9F168
:10FB1000110F73D998F80D1098F80E3098F80C2042
:10FB200043EA0123002A69D14FF00C084344033310
:10FB3000994563D1D4F83890D9F85C0038B102F017
:10FB400029F8A36BD86D03F06FF8D4F838904FF410
:10FB50009A71012003F094F8C9F85C00002800F0C5
:10FB6000168108F10308DFF86C9202F00DF8D4F862
:10FB7000A00008F1030E804547D270453ED3236FA5
:10FB800003EB080203EB0E0113F80830B3BB557802
:10FB9000937843EA05237F2B1A460EEB03082DD9F1
:10FBA00040452BD3A36BD86D02F060F8484505465D
:10FBB000DDD01ADD10F5165F1CD12B222046022164
:10FBC000FEF7F6F8284604B0BDE8F087B9F1090F52
:10FBD00014D998F8051098F8063098F8042043EAEC
:10FBE00001235AB94FF00408A0E710F5225F03D1B2
:10FBF0005022E3E70028BAD02A22DFE7204632224B
:10FC00000221FEF7D5F86F4842E7D4F8009099F842
:10FC1000CC30DB0702D4A368012B69D0002F3FF45E
:10FC200062AFE36BD3F8CC81B8F1000F00F0C18074
:10FC3000D3F8D021A36B4146D9F83850D86D03F1E1
:10FC4000600ED9F864300395D9F834C0D4F8D85090
:10FC5000CDF808C08DE8204001F07EFDA36B05467D
:10FC60000221D3F85C9009F1BC00F0F73DFAD4F81A
:10FC700000E078B1D9F8C030DEF878201978002A91
:10FC800067D0137823B964E012F8013F002B60D0ED
:10FC90009942F9D19EF8CC203146A06B02F00102C6
:10FCA00000F16003C06D82F00102FEF767FB0028DF
:10FCB00063D0002D61D1012F49D0B8F1000F7DD163
:10FCC000022F7BD1404DA36B1B6EDF0566D45E0710
:10FCD00092D413F4DC3F7FF470AFD80700F180803A
:10FCE00099077BD413F0080F0CBF2E22302265E752
:10FCF000636BDB6D5BB1A16B5A68C96D486882426A
:10FD000005D18968986802F0D3FF002886D0204684
:10FD100031220221FEF74CF82A48B9E6D4F8708067
:10FD200098F800300B2B7FF469AF00294FF00302E5
:10FD300026490CBF04200C20404402F0B9FF0028E3
:10FD40007FF4E2AEA36B4022012F1A6644D100205B
:10FD50009EE6A36B31461B4E1A6ED86D002D08BF70
:10FD6000354642F4803243F8602F9EF8CC2002F0F2
:10FD7000010282F00102FEF701FB012F10D0B8F161
:10FD8000000F01D1022F9DD0002DE0D09BE720462F
:10FD900050220221FEF70CF80D4879E631220DE7DA
:10FDA00015F51C5FD3D015F5F44FD0D0002DCED073
:10FDB00089E7D9F86C80D9F870203BE7014D82E7DC
:10FDC0000089FFFF0086FFFF8089FFFF34050020C8
:10FDD0000081FFFFD2D9FFFF024859E62C22EDE651
:10FDE0002D22EBE6808BFFFF10B50446FFF7F6FCF3
:10FDF000002832D1A36F142B40D1E36F012B36D1F1
:10FE0000236F1B78012B32D1A26BE16C2368E26275
:10FE1000216493F8CC3003F0020303F0FF02EBB14E
:10FE2000B4F884300020002101339BB2C4E92401DE
:10FE3000A4F88430C4E9260173B16369012B13DD92
:10FE4000E16CE06ECA680B69D31A034423676368E8
:10FE500000200133636010BD0C4810BD236E1A6092
:10FE60005A606369012BEBDCE36E2367EFE7204602
:10FE700032220221FDF79CFF054810BD20460A22D0
:10FE80000221FDF795FF034810BD00BF8094FFFFDE
:10FE90000082FFFF0089FFFF0268C36BF0B592F894
:10FEA000CC2085B00546D3F80834D24301A902F02E
:10FEB000010298472846FFF791FC00284CD1AB6F10
:10FEC000162B67D12E6F3378142B5CD12F68D5F8A1
:10FED000A02097F8CC30980740D4102A53D10421A1
:10FEE00001F10C030022314401A81E448DF80320C7
:10FEF00011F8013B10F8012B9DF80340B14283EA51
:10FF0000020343EA04038DF80330F1D19DF8033076
:10FF1000002B38D10C2201AB05F1FC04C5F8EC2014
:10FF200007CBC5F8FC006160A260EB6BD3F87836B4
:10FF3000C3B197F8CC30D90705D40A236B6097F882
:10FF4000CC30DA0713D50F236B6097F8CC3003F071
:10FF5000020303F0FF0083B905B0F0BD182A12D1E7
:10FF60000C21BDE76B6801336B6097F8CC3003F070
:10FF7000020303F0FF00002BEED02846FEF722FB21
:10FF8000002005B0F0BD284632220221FDF710FF07
:10FF90000448E1E728460A220221FDF709FF02484A
:10FFA000DAE700BF8081FFFF0089FFFF2DE9F04104
:10FFB000AEB005468846164601A81F46EEF752FC2D
:10FFC00017A8F4F78FFA01A8EEF75CFC044670B1AD
:10FFD00001A8EEF74BFC17A8F4F788FA2846502240
:10FFE0000221FDF7E5FE20462EB0BDE8F081E96B69
:10FFF000402201A801F21441EFF788F804460028D6
:02000004600298
:10000000E6D13A46314601A8EFF780F804460028C9
:10001000DED1414601A8EFF77DF804460028D7D18C
:1000200017A8F4F76FFA04460028D1D1E96B4022F3
:1000300017A801F21441F5F719FC04460028C7D1AE
:100040003A46314617A8F5F711FC04460028BFD1FF
:1000500008F1100117A8F5F70DFC044601A8EEF70A
:1000600005FC17A8F4F742FA002CBCD0B6E700BF95
:100070002DE9F04184B01546064688469DF82C00CF
:100080001F46EEF72DFA0446EEF796FA286001A80F
:10009000EEF732FA214601A80022EEF74DFA0446A7
:1000A00058B101A8EEF72EFA304650220221FDF792
:1000B0007FFE204604B0BDE8F08101A8EEF788FA83
:1000C00004460028EDD1F16B402201A801F2144151
:1000D000EEF788FA04460028E3D139460A9A01A8C7
:1000E000EEF780FA04460028DBD1414601A8EEF77E
:1000F00083FA044601A8EEF705FA002CD9D0D3E71D
:100100002DE9F04FC3B00024924680460DF1080956
:100110008B464FF4807221464846019402F0A8FDB8
:10012000BAF1000F70D055465F463F26AB68002BF2
:1001300055D0AA450ED0354B3946354A4046002C9D
:1001400018BF1A4602F07CFD002857DBB84255D292
:100150003F1A804401A92846EFF72EFA002846D11D
:10016000019B39462B4A404602F06AFD002845DBD8
:1001700087428CBF00240124002C3FD12B693F1AF9
:100180008044002B3ED049460BE07F2B10D01E2A26
:100190000ED90B7001342B690131A3420ED9FE2C0C
:1001A0000CD86B691B5D03F17F021F2BD2B2ECD818
:1001B0000E7001342B690131A342F0D84FF0000ECC
:1001C0004B46154A3946404609F804E002F038FD2E
:1001D000002813DB874211D93F1A80442C7FAD6978
:1001E000002DA3D1C7EB0B0043B0BDE8F08F0B4A45
:1001F0003946404602F024FD0028B9DA084843B0E9
:10020000BDE8F08F1C46D9E75046F8E7344500209A
:10021000384500203C4500204C450020404500204A
:1002200080D6FFFF2DE9F04F576885B0904606460F
:10023000202F03913BD94FF001091C27039D002477
:10024000DFF894B0DFF894A0D8F8083024B9B9F1F9
:10025000000F01D01A78A2B107F1FF3E1B5D3046B6
:100260001A4AA64594BFDE46D6462946CDF800E098
:1002700002F0E6FC0028064421DBA842A5EB0005BD
:100280001DD20134BC42DFD3D8F80430BB4209D0C0
:1002900030460F4A294602F0D3FC00280FDB854286
:1002A0000DD92D1A039B581B05B0BDE8F08F57B12F
:1002B000012F94BF4FF000094FF00109BEE7054838
:1002C00005B0BDE8F08F3846EEE700BF4845002096
:1002D0005045002080D6FFFF3820002044450020F4
:1002E000002070470020704770B5ADF5207D53ADFC
:1002F00068B9284601F048FC314A324B284612685A
:10030000196802F025F8C0B10DF5207D70BD2E48AA
:1003100002F0C2FC284601F037FC2A4B284A284646
:100320001968126802F014F8044638B3274802F03E
:10033000B7FC20460DF5207D70BD06AE304601F0BD
:1003400023FC234A234B30461268196802F000F858
:100350000028D9D105AA02900190034600923146A7
:100360000246284601F000FC0028CDD1304601F0BD
:1003700011FC284601F00EFC0020C5E706AE304611
:1003800001F002FC134B124A30461968126801F062
:10039000DFFF04460028C9D10F4802F07DFC05A903
:1003A000029423460194224600912846314601F0EA
:1003B000DBFB04460028B9D1084802F071FCD5E700
:1003C000600E002058620020584500206015002073
:1003D0005C0E00205462002074450020A41500200B
:1003E0002DE9F041044682B0884615463B4F312343
:1003F0006A4641462046E2F787FC002868D1266815
:10040000009B1E44302301AA31462046E2F77CFCC3
:1004100008BB2368F21A002A56DD18782A460623FC
:10042000314642F8040B2046E2F76EFC98B9236887
:10043000D5F804E0AB60D4F800C00CEB0E03F21A60
:100440002360002A40DD1CF80E201E2A13D9244800
:1004500002B0BDE8F081A0F50E500028F8D1236865
:100460009E4223D001202021287702F009FCA861B8
:1004700030B30546C6E727FA02F2D207E7D50133C3
:1004800005F110023146204623601CF80E30EB6067
:10049000E2F7EAFB0028DED122682B696A61226854
:1004A00013442360A86123689E42DBD1B04512D07B
:1004B0002021012002F0E4FBA86108B1054696E77F
:1004C000084802B0BDE8F081074802B0BDE8F081FD
:1004D000A0F50E50BCE70020BAE700BF0810585046
:1004E0001EDCFFFF80D7FFFF20DCFFFF08B5E2F72F
:1004F000C3FD08B1A0F50C5008BD00BF08B5E2F778
:100500004DFD08B1A0F50C5008BD00BF2DE9F0432A
:10051000042414258FB00C7014701D600468302CF6
:1005200061D18768446801973C44A74240D01D468A
:1005300016468846A023214602AA01A8E2F7E4FB5A
:10054000002839D010F1620F04D0A0F50C500FB084
:10055000BDE8F083019B9C422AD0A12302AA214638
:1005600001A8E2F7D1FB00283FD010F1620FECD1D7
:10057000019B9C421CD0A22302AA214601A8E2F7BB
:10058000C3FB002844D010F1620FDED1019B9C42D6
:100590000ED002AAA323214601A8E2F7B5FB00284A
:1005A00000F0888010F1620FCFD1019B9C4218D1DE
:1005B00000200FB0BDE8F083019F01A8029B05AAAF
:1005C0001F443946E2F758FD10B1B0F50C50BED1CA
:1005D000414605A8EFF7D2F80028B6D1019B9F420B
:1005E000B9D03F48B3E73F48B1E7029908AB019F54
:1005F00005AA01A80F443946E2F7D0FC20B9069AB3
:10060000092A13D03848A2E7B0F50C509FD1F6E77D
:1006100001992A46029B01A8CD182946E2F7B2FBB0
:10062000002892D1019B9D42B1D0DAE707992F486B
:1006300002F03EFB0028E5D1089B302BD3D10A9B6A
:10064000099A039303EB0208434547D293F800E06D
:100650000DF13809062303A80CAA414649F80CED10
:10066000E2F752FB48B1A0F50C5000287FF46FAFC1
:10067000019B9F423FF47DAFB3E7039A31460C9B49
:1006800048460D9213440393EFF778F80028EAD117
:10069000039B9845ECD003A8052304AA4146E2F742
:1006A00033FB0028DFD1049B002BDCD1039B984552
:1006B000DED096E7019D01A8029B0BAA1D442946A6
:1006C000E2F760FB00287FF440AF019B9D4288D198
:1006D0000B9A012A3FF46AAF054838E7054836E728
:1006E0009ADCFFFF9EDCFFFF52DFFFFF98450020F2
:1006F00000DDFFFFA0DCFFFF036870B5CE1A82B0FB
:10070000002E14DD154601AA04461E78E2F7A2FB6E
:1007100048B92368019AAB6023682E6013446A606D
:10072000236002B070BDA0F5125002B070BD014848
:10073000F7E700BF20DBFFFF2DE9F041069E34689C
:10074000CCB917460D461A461C463946EEF7DEFF71
:1007500068B92378062B11D02B68052B00D033BB4A
:100760006B681648002B08BF0020BDE8F081A0F59B
:100770001850BDE8F0811248BDE8F0810821012041
:1007800002F07EFA8046A8B13946284608F10403F3
:100790004246FFF7BBFE044618B9C6F80080BDE824
:1007A000F081404602F040FA2046BDE8F08103485F
:1007B000BDE8F0810348BDE8F08100BF00DDFFFF28
:1007C00000D8FFFF80D7FFFF03682DE9F043CD1A63
:1007D00083B0002D40F31F811D78172D00F0D280CB
:1007E000182D40F0D18004260133144601AA054695
:1007F0000360E2F739FA20B1A0F5105003B0BDE86C
:10080000F083019F06F108039F42C0F0B080296881
:10081000206088190B780131303B092B00F2A7804A
:100820002368814203EB83034FEA4303236029607B
:1008300011F8012CA2F1300213442360EAD1022EF8
:1008400000F099800023811C024663601378013216
:10085000303B092B00F28B806368914203EB8303EA
:100860004FEA430363602A6012F801ECAEF1300EE8
:1008700073446360EAD1002200F1040EA2600A789A
:100880000131303A092A72D8A2688E4502EB820201
:100890004FEA4202A260296011F801CCACF1300CA1
:1008A0006244A260EBD1002100F1060CE1609EF8E9
:1008B00000100EF1010E3039092958D8E168E645DB
:1008C00001EB81014FEA4101E160C5F800E01EF84B
:1008D000018CA8F130084144E160E8D14FF0000EEE
:1008E00000F10808C4F810E09CF800E00CF1010CDD
:1008F000AEF1300EBEF1090F39D8D4F810E0C4457E
:100900000EEB8E0E4FEA4E0EC4F810E0C5F800C094
:100910001CF8019CA9F13009CE44C4F810E0E3D1E1
:10092000BF1BA7F10806012E21D9002600F10A0CF1
:10093000666108F1010698F800003038092816D8D9
:100940006069B44500EB80004FEA400060612E60B2
:1009500016F8019CA9F130094844606116D0B046F0
:1009600098F8000008F1010630380928E8D9334822
:1009700003B0BDE8F083312BD8BF643303F26C734E
:1009800023605FE702262FE72D4837E7A7F10A0625
:10099000012E35D0002EEAD1246842F20F75AC4208
:1009A000E5D81729E3D8BEF13B0FE0D83B28DED8C5
:1009B0000C2BDCD8012141F2AA5001FA03F31840B4
:1009C00058BB13F4256F2AD15907D0D5A30728D0D7
:1009D000E3171C494FF4C87081FB0451C3EBE113CA
:1009E00000FB1344002C14BF1C231D23002ABEDD72
:1009F0009A42D4BF0020012000283FF4FFAEB6E7A2
:100A000098F801605A2EB2D108F10208A7F10B063E
:100A1000C5F80080BEE70C48F0E61F23E6E71E237A
:100A2000E4E70849E317642081FB0451C3EB61113B
:100A300000FB11410029CCD01D23D7E700DCFFFFCC
:100A40009EDBFFFF1F85EB51A0DBFFFF036870B546
:100A5000CE1A002E1ADD1D7805F07F05022D13D168
:100A60005E1C1546044606601B7842F8043BE2F71C
:100A7000FBF830B922686B68AA60226813442360CF
:100A800070BDA0F50A5070BD014870BD014870BD31
:100A90001EDDFFFF20DDFFFF70B5056882B08D42CF
:100AA0001CD02D78144643F0A003064642F8045BA0
:100AB000E2F72AF908B102B070BD306830236168EE
:100AC00001AAA060304634680C442146E2F71CF9C4
:100AD00038B93268019B13449C4206D1002002B011
:100AE00070BDA0F5145002B070BD0148E3E700BF2F
:100AF0009ADAFFFF2DE9F04385B0002607460C4641
:100B000004AD104698469DF8309045F8046D29468E
:100B1000EEF70CFE90B1244A2146384602F090F8D8
:100B20000546002D38DBAC4236D9B8F1060FA4EBF0
:100B300005060BD0A01B05B0BDE8F083039B214642
:100B40001A4A384602F07CF80546EAE74846EDF7CF
:100B5000C7FC0D9B81461878EDF7C2FC8046B9F1C1
:100B6000000F1DD04846EDF72FFD8146B8F1000F6C
:100B700014D04046EDF728FD0D9B31465A684B4690
:100B80000090781901920A4A02F05AF8002803DB13
:100B9000864201D9361ACDE70648CCE70248EBE792
:100BA000DFF80490E2E700BFA44500204C45002098
:100BB000A845002080D6FFFF10B51346064A0C4614
:100BC00002F03EF8002805DB84428CBF00200120A3
:100BD00000B910BD0148FCE7C045002080D6FFFFEA
:100BE0002DE9F043044695B090F828010D46EDF745
:100BF00077FC226904AB61690646EDF707FDF8B999
:100C0000304694F82971D4F82C9194F82881EDF7A6
:100C1000D3FCD4F8206105F1BC02D4F8244104AD22
:100C20000190494643463846009503960294EFF7F3
:100C300091FA003018BF0120404215B0BDE8F083A2
:100C40004FF0FF30F9E700BFF0B5044683B00D4622
:100C500021B9061C18BF0126002E35D095B38CB3E0
:100C60002A6823689A422DD162686B68934229D121
:100C7000A968A06802F01CF8064618BBE768EB6894
:100C80009F423CD00C2F01D0132F1BD10C2B01D035
:100C9000132B17D123692A69934213D162696F69B3
:100CA000BBB1013F02EB030E12F8013B17F8010F35
:100CB00023F020014340A1F1410108D0202B01D1B4
:100CC000192904D94FF0FF36304603B0F0BD9645E0
:100CD000EAD1227F2B7F9A42F4D1A469AD690CB985
:100CE000002DF1D0002CEDD0002DEBD022682B6828
:100CF0009A42E7D162686B689A42B9D0E2E722690A
:100D000029698A42BED169696069019301F0D0FF07
:100D1000019B0028B6D1DCE770B5054610461446A5
:100D20000E46EFF71BFB012812D0062810D0023820
:100D3000C0B2022816D86368012229681B78013BDB
:100D400002FA03F30B420CBF4FF0FF30002070BDDE
:100D50002046EFF7C1F9336898424FF0FF3028BFC3
:100D6000002070BD4FF0FF3070BD00BF70B5066849
:100D70008E420CD03678154643F0A003044642F864
:100D8000046BE1F7C1FF20B110F1620F07D1002021
:100D900070BD22686B68AA6022681344236070BD2E
:100DA000F8B5466896423AD0044608460F4601F028
:100DB0006FFF022E14D9A5682B782A2B10D16B78DF
:100DC0002E2B0DD160B13B782E2B09D03A46002353
:100DD00003E012F8014F2E2C05D001339842F8D1D0
:100DE0004FF0FF30F8BD002BFAD0C01A013EB042E0
:100DF000F6D12C463B44002514F8012F013513F899
:100E0000016B22F020017240A1F1410103D0202AA0
:100E1000E6D11929E4D8A842EED80020F8BD8268AE
:100E2000AEB102F1FF3C0D468B1915F8012B1CF8F1
:100E300001EF22F0200492EA0E02A4F1410403D053
:100E4000202AB1D1192CAFD89D42EED1E5E730462A
:100E5000F8BD00BFD0F804210B4B184613400840E2
:100E60000B4098420ED148F201000A43074B10B4E0
:100E7000044610400C40844214BF184600205DF820
:100E8000044B704701487047FE7FFFFF00D8FFFF0B
:100E90002DE9F8430C46002947D01546089A8146AB
:100EA00000F14C069B1A002703F1010818E0A36922
:100EB000022B1EDCD4F80031002B01DD43450CD39E
:100EC00021464846FFF78CFE38B904F1A400FFF72D
:100ED00007FA20B3002F08BF2746D4F830412CB3BF
:100EE00004F16C013046FFF7AFFE0028F5D1002D6C
:100EF000DDD1D4F8FC30002BEFD0D4F8F8305B070C
:100F000017D4D4F80031002B01DD4345E5D3002D83
:100F1000D6D104F1A400FFF7E3F90028DAD104F1F7
:100F20008C00FFF7DFF90028D4D127463846BDE80A
:100F3000F88304212046FFF78DFF0028E1D0CCE79D
:100F40002DE9F04F89468DB0002B00F052819C694D
:100F500016461D46134600940746B24A01F070FE3D
:100F60000028C0F24D81814540F24A81C0EB09045E
:100F700007443346AC4A2146384601F061FE00285A
:100F8000C0F23E81844240F23B81241A074405F1BD
:100F90001C0221463846FFF745F90028C0F230818F
:100FA000844240F22D81241A074433469F4A214649
:100FB000384601F045FE0028C0F22281844240F20A
:100FC0001F81241A074405F14C0221463846FFF7D9
:100FD00097F80028C0F21481844240F21181241A4B
:100FE00007443346924A2146384601F029FE00283C
:100FF000C0F20681844240F20381241A074405F1BD
:101000006C0221463846FFF77BF80028C0F2F880D2
:10101000844240F2F580D5F8A02007EB0008241A9E
:10102000334605924046D5F89C702146814A049784
:10103000D5F898700397D5F894700297D5F890700A
:101040000197D5F88C70009701F0FAFD0028C0F2E6
:10105000D780844240F2D480D5F8B820241A804446
:10106000334605922146D5F8B4704046724A04973B
:10107000D5F8B0700397D5F8AC700297D5F8A87082
:101080000197D5F8A470009701F0DAFD0028C0F2AE
:10109000B780844240F2B480241A80443346674AC1
:1010A0002146404601F0CCFD0028C0F2A9808442D0
:1010B00040F2A680D5F82C21241A95F829318044D5
:1010C0000192214695F82871404605F128020097C3
:1010D000FFF710FDB0F1000AC0F29280544540F2D3
:1010E0008F8005F1BC0B5846EFF72EF9122102460E
:1010F00007A8FFF761FD002840F083805846CAEB3F
:101100000404EEF7E9FFD04407AB019021464046C6
:10111000009333464A4A01F093FD002870DB844275
:101120006ED9D5F8F830271A08EB0004DA0528D56F
:10113000D5F8FC203346DFF834C13946DFF830E11A
:101140002046002A18BFE6463E4ACDF800E001F0EE
:1011500077FD002854DB874252D9D5F800313F1A79
:101160000444002B0BDD013B374A3946204601F091
:1011700067FD002844DB874242D93F1A0444D5F872
:10118000F830980676D4D90300F1AD805A0700F103
:10119000D9801B0538D533462C4A3946204601F004
:1011A0004FFD00282CDBB8422AD23F1A044405F533
:1011B0008475274EDFF8A48011E0069B0093394622
:1011C0003346244A2046244E01F03AFD002817DB1E
:1011D00087420444A7EB000712D9ED68A5B106A920
:1011E0002846EEF70FFB1D4B0028E6D0CDF81880FF
:1011F000E4E71B4A01F024FD002801DB814500D80B
:1012000018480DB0BDE8F08F2046174A394601F066
:1012100017FD0028F4DB8742F2D9381AC0EB090029
:10122000EFE700BFFC4500201846002030460020B4
:10123000484600206046002098460020D046002006
:10124000E8460020FC4600201C470020884800207B
:1012500038200020A048002038450020A445002068
:10126000DC45002080D6FFFF20250020CC45002053
:10127000D44500203346C84A3946204601F0E0FCF8
:101280000028BDDBB84234BF00230123002BB7D1B7
:101290003F1A044405F1E802DFF804E35168C81876
:1012A000874240F287803F1A4BB19EF80010022B14
:1012B000217002D19EF8011061701C44516841B147
:1012C00000239168C95C013304F8011B51688B420B
:1012D000F7D3D2680223DFF8D8E2002ADED12270E9
:1012E000D5F8F8304FE73346AC4A3946204601F08E
:1012F000A7FC002884DBB84282D295F818813F1AF7
:101300000444A74B18F0800F40F0728118F0400F92
:1013100040F0818018F0200F6ED118F0100F5CD1D2
:1013200018F0080F4AD118F0040F40F0838018F02D
:10133000020F40F09C8018F0010F40F08A80D5F831
:10134000F83023E73346974A3946204601F078FCC7
:101350000028FFF655AFB842BFF452AFD5F804816C
:101360003F1A04448E4B18F0800F40F09E8018F016
:10137000400F40F08B8018F0200F40F0B48018F040
:10138000100F40F0A18018F0080F40F0CA8018F04C
:10139000040F40F0B78018F0020F40F0EE8018F014
:1013A000010F40F0DB8018F4004F40F0C980D5F801
:1013B000F830EEE600237C48237022E77B4A39466A
:1013C000204601F03DFC0028FFF61AAF87427FF669
:1013D00017AF3F1A0444764BA5E7764A39462046B4
:1013E00001F02EFC0028FFF60BAF87427FF608AF16
:1013F0003F1A04446E4B93E76F4A3946204601F08A
:101400001FFC0028FFF6FCAE87427FF6F9AE3F1ABC
:101410000444674B81E7694A3946204601F010FCD5
:101420000028FFF6EDAE87427FF6EAAE3F1A04448D
:101430005F4B6FE7624A3946204601F001FC002805
:10144000FFF6DEAE87427FF6DBAE3F1A0444584B10
:101450006DE75C4A3946204601F0F2FB0028FFF6B2
:10146000CFAE87427FF6CCAE3F1A044467E7564AB8
:101470003946204601F0E4FB0028FFF6C1AE874262
:101480007FF6BEAE3F1A0444494B54E74F4A3946F3
:10149000204601F0D5FB0028FFF6B2AE87427FF66A
:1014A000AFAE3F1A0444424B65E73946484A2046EE
:1014B00001F0C6FB0028FFF6A3AE87427FF6A0AE80
:1014C0003F1A04443A4B52E7424A3946204601F05B
:1014D000B7FB0028FFF694AE87427FF691AE3F1A25
:1014E0000444334B4FE73C4A3946204601F0A8FB01
:1014F0000028FFF685AE87427FF682AE3F1A04448D
:101500002B4B3CE7354A3946204601F099FB002831
:10151000FFF676AE87427FF673AE3F1A0444244B43
:1015200039E72F4A3946204601F08AFB0028FFF6AA
:1015300067AE87427FF664AE3F1A04441C4B26E731
:10154000284A3946204601F07BFB0028FFF658AEBA
:1015500087427FF655AE3F1A044428E7224A3946AF
:10156000204601F06DFB0028FFF64AAE87427FF669
:1015700047AE3F1A04440E4B15E71C4A3946204635
:1015800001F05EFB0028FFF63BAE87427FF638AEE7
:101590003F1A0444064B02E730470020484700202A
:1015A00038200020D447002080D6FFFF9C47002031
:1015B00038450020884700208047002070470020E1
:1015C000A8470020C0470020B44700200048002062
:1015D000EC47002028480020144800204C480020F8
:1015E0003C48002078480020684800205C480020E3
:1015F0003946074A204601F023FB0028FFF600AEDB
:1016000087427FF6FDAD3F1A0444024B7EE600BFE1
:1016100060470020384500202DE9F04390461D46E4
:1016200083B0894607460E461B4C01221B4B05E042
:10163000083454F8043CCBB154F8082C2A42F7D0B3
:10164000009338464346164A314601F0F9FA00281D
:1016500007441DDBB042A6EB000619D254F8083C43
:1016600008345D4054F8043C002BE5D125B9C6EBA5
:10167000090003B0BDE8F08343463846094A3146C5
:1016800001F0DEFA002803DB864201D9361AEEE7C4
:10169000054803B0BDE8F08358F60260A848002072
:1016A000D0480020D848002080D6FFFFD0F8F8307E
:1016B00013F0040301D0FFF7CDBB1846704700BFFD
:1016C000F8B50446D0F8F80010F4006012D01646C1
:1016D0000F4604F5847403E0042D0CD0E468A4B133
:1016E0006568B542F8D132463946A06801F0E0FAA3
:1016F0000028F1D1F8BD2A46A168054801F0D8FAC2
:101700000028F7D0E468002CEAD10248F8BD00BFF9
:101710003805002000D8FFFF38B511F1840419D036
:10172000D1F89420054622B914E0E46B94B1226903
:1017300082B12B6A9342F8D16169686A01F0B8FA04
:101740000028F2D104F11800FEF7CAFD0028ECD001
:10175000012038BD002038BD2DE9F04FB5B0002480
:10176000984681463F9B20A80E9121460F92502219
:101770001C603E9C01F07CFAB8F1000F00F0EA8199
:10178000B4B1204601F084FAD9F8F83005469A063B
:1017900040F1AE8109F1E80603E0F668002E00F0A2
:1017A000C1812A4621463046FFF7FAFA0028F4D1D3
:1017B00009F1BC042046EEF7D1FD01230138D8F829
:1017C00004208340134200F08E8108F10C0208F1DE
:1017D000080311460892184622460793FFF79CFA21
:1017E000002840F07B81002420AF4FF0010A0B94C9
:1017F0000D9420AB09F1A40043F83490631C0693C8
:10180000FEF76EFD18B17B6843F001037B6009F1C0
:101810008C00FEF767FD18B17B6843F400737B60B2
:101820000D9B002B40F0118199F82831D8F8002049
:10183000013B0AFA03F3134203D17B6843F480436C
:101840007B6099F82931D8F80420013B0AFA03F3A8
:10185000134203D17B6843F400437B60069B012B5A
:1018600000F0D5800B9B01220E9948460093234639
:10187000FFF70EFB0546002800F00C8109F16C0112
:1018800009F14C00FFF7E0F9002840F0BB8001238C
:101890000B9A01320B92002B40F0B480069B082B70
:1018A00000F2568129464846FFF79AF97B680028DE
:1018B00040F00B810A9305F1BC03089907981A467A
:1018C0009B46FFF729FA20B10A9B43F480330A9321
:1018D0007B600F9B002B00F039811C4600260C9783
:1018E000CDF810B0CDF8249003E0D4F8F040002CEF
:1018F0007BD0A369002BF8D0E26A6B6C9A42F4D1DA
:10190000A96C206B01F0D4F90028EED1D5F8F8309D
:101910005B0706D502212846FFF79CFA002840F015
:10192000D98094F8E800D8F80020431E0AFA03F39F
:10193000134201D146F4003694F8E930D8F8042077
:10194000013B0AFA03F3134201D146F48026ECF777
:10195000C7FD10AB226983466169ECF757FE00288A
:1019600040F0B880049A08990798FFF7D5F908B1B4
:1019700046F48036D4F8EC10584694F8E89094F881
:10198000E9B00591ECF718FED4F8E0704B460599E4
:101990000397D4F8E470049A029710AF0190584668
:1019A0000097EEF7D7FB002840F0948004F16C001C
:1019B000FEF796FC08B146F0200604F15400FEF74D
:1019C00091FC08B146F4806621460998FFF7A4FE11
:1019D00000288AD00C9F46F002060A9BA946069C66
:1019E00008371E4347F8046C03E70C9FF5E70B9B91
:1019F00001220E99484600932346FFF749FA05460F
:101A0000002847D07B680A9301230D9353E709F11F
:101A10006C0109F14C00FFF717F90028E7D10E9B84
:101A2000002BE4D0D9F804601D4603E0D5F830510E
:101A3000002DDCD06B68B342F8D13246A968D9F8E2
:101A4000080001F035F90028F0D120AA069D3F9F3B
:101A500002EBC504DDF800816E1E54F8041C10ABC7
:101A6000419832461091B8F1000F05D054F8081C87
:101A7000C047002859D110993B68083C35461943A6
:101A80003960002EE8D10029334808BF002035B066
:101A9000BDE8F08F0B9A2346D9F8301148460092E2
:101AA0000022FFF7F5F9054600284AD0069B012BD6
:101AB0003FF4F8AE09F16C0109F14C00FFF7C4F8EE
:101AC00000287FF4EBAE0346E2E643F008030A93F6
:101AD0007B60F0E60C9F46F010067EE7219B43F406
:101AE000803321937FE6219B43F4004321936CE6EE
:101AF00009F16C0601E0B669A6B17268032AFAD151
:101B0000B168164801F0D4F82A4621460028F2D1DF
:101B100006F10C00FFF744F900283FF449AEB6691E
:101B2000002EEAD10423219342E610F51C5F0C4BF2
:101B300008BF18464FF0FF333F9A136035B0BDE839
:101B4000F08F7B6843F008037B607EE70F9E44E7DD
:101B50000348EFE70348EDE700D9FFFF1820002016
:101B600000D0FFFF00D8FFFF70B584B0089E099D2C
:101B70000A9C029503948DE84800024BFFF7ECFDA8
:101B800004B070BDF8F602604FF49A72002101F0C3
:101B90006FB800BF002868D0F8B50746064606F1C2
:101BA000BC00EEF745FAD6F82C0101F03DF8746E52
:101BB00054B12046A5692021F0F7EAF8204601F04B
:101BC00033F82C46002DF4D1D6F8844054B1204689
:101BD000A5692021F0F7DCF8204601F025F82C4615
:101BE000002DF4D1D6F8144154B12046E5681021F7
:101BF000F0F7CEF8204601F017F82C46002DF4D16E
:101C0000D6F8F44054B12046E5681021F0F7C0F84A
:101C1000204601F009F82C46002DF4D1B06828B117
:101C20007168F0F7B5F8B06800F0FEFFD6F83061E3
:101C3000002EB4D14FF49A713846D7F83041F0F7FE
:101C4000A7F820464FF49A7174B1D4F83051F0F7E8
:101C50009FF8A74220462C46F3D000F0E5FF20462F
:101C60004FF49A71002CF0D1F8BD70472DE9F04F78
:101C70009DB0002800F08D81B1FA81F56D09002D2D
:101C800040F08781824690460F46044605E0D4F82E
:101C900030612546002E75D03446A369002BF6D15D
:101CA00010A90DAA0D930846049113A9109313933C
:101CB0000E460392059153609360436083607360A6
:101CC000B3601CAE07EB080B302308A846F8548D10
:101CD000594632460897E1F717F8002840F08F81FF
:101CE000089BDDF81C80C3EB0B0BC345C0F03F81A4
:101CF00043440120C7EB0309C4F80490494600F0AF
:101D0000BFFF83460890A060002800F07D8139461F
:101D10004A4600F09DFFC8EB090130233246594482
:101D200008A801EB08076161089139460297E0F7BE
:101D3000EBFF804600284FD1079FA023089819AADF
:101D4000616900EB070B08A8C1EB0B075946276137
:101D5000E0F7DAFF0346002849D010F1620F00F0E7
:101D60000B8120461F46FFF715FF15B10023C5F86C
:101D70003031A24502D0204600F056FF38461DB053
:101D8000BDE8F08F4FF49A71012000F079FFC4F89C
:101D90003001002800F03A8131464FF49A7200F089
:101DA00067FF0DAB0D961946039310AB1096139673
:101DB0001846049313AB4E608E601D460593D4F80D
:101DC00030316E60AE60254646608660002B40F084
:101DD0006082A14F1C46C8E7A8F506572046FFF7CA
:101DE000D9FE002FC1D138461DB0BDE8F08F08994B
:101DF00004F11802199B08A801EB03084146E0F71B
:101E0000C1FF002840F0BB80089B984540F0F5805A
:101E100004F11C02594608A8FEF718FE03460028E4
:101E20009FD104F12807039B594608A83A46FEF7BC
:101E300065FB0346002894D1A369022B00F20281BE
:101E4000013304F5967203993846A36104F229130D
:101E5000009204F59472FEF76FFC8046002840F073
:101E600093800898302332465946E06308A8E0F78B
:101E70004BFF0746002840F0B780089904F14C0258
:101E8000079B08A81944FEF7ABFA0746002840F064
:101E9000A78008983023E76B19AA5946C71B08A8E2
:101EA000A763E0F731FF002800F0B280B0F51057CB
:101EB00040F09680089BA36432463023594608A818
:101EC000E0F722FF0746002840F08E80079B4BB1C9
:101ED000089904F16C0208A81944FEF781FA074634
:101EE00000287DD1A06C04F1BC02089B59461B1A46
:101EF00008A86364EFF724FC0746002870D1A369A3
:101F0000023B012B47D9089B9B4530D1049B08A875
:101F1000059A0299FEF7F2FA0746002860D1E26AB4
:101F2000149B9A4240F093801599206B00F0C0FEFC
:101F30000746002840F08B800E9A119B9A4240F091
:101F400086802AB112990F9800F0B2FE00287ED147
:101F500008A804F58E720299FEF7CEFB034600280E
:101F60007FF4FFAE089B029A9A423FF407AF2046E7
:101F70003A4FFFF70FFEF8E6C4F8188048E7B0F5CF
:101F800008533FF445AFECE620464746FFF702FE14
:101F9000EBE6314FF2E6012304F1C402594608A8EA
:101FA000FEF7E4FE0746D8B9A369023B012BAAD885
:101FB000022304F1D002594608A8FEF7D7FE0746CF
:101FC00070B9A369032B9ED104F1DC02594608A81D
:101FD000FEF762FD00284DD010F1620F93D0074646
:101FE0002046FFF7D7FDC0E6A7F506572046FFF7C6
:101FF000D1FD002F3FF4F7AEB7E6194BB1E620460E
:10200000184FFFF7C7FDB0E6174FAEE6164FB5E61F
:10201000089904F18C02199B08A801EB03094946B1
:10202000FEF7D2FB0028DAD104F1A402494608A841
:10203000FEF7CAFB0028D2D1089B994540F02B81BE
:102040004B4638E72046094FFFF7A4FD8DE62046B2
:10205000074FFFF79FFD88E600D8FFFF1ADEFFFF5E
:102060009ADDFFFF80DEFFFF80D7FFFF80DAFFFFF2
:1020700080D9FFFF8046089B9B454DD930235946A8
:1020800008A809AACDF85880CDF85C80CDF860800A
:10209000CDF82880CDF82C80E0F736FE002840F0FF
:1020A000F280089E0623099817AA377859460644F5
:1020B00008A81697E0F728FE002840F0E480089A68
:1020C000179B18921344C3EB0B020893002A27DDD9
:1020D0000AAA314608A8E0F72BFE10F1620F02D0E1
:1020E000002840F0D08009AA0423314608A8E0F770
:1020F0000BFE002840F0C780089A099B13449E42BB
:102100000CD10BA916A8EDF735FA68B10A9B089611
:1021100043B933469B45B1D83FF4F8AE844F5FE7EF
:10212000844F5DE7844F5BE7D4F8F8200B9B12EAFD
:10213000030740F0F5801A43B3F5807FC4F8F82018
:1021400000F0AB8076DC042B51D0202B46D130231D
:10215000314608A804F1E8070DEB0302E0F7D4FDCF
:10216000002834D1089B0C9A1A449642D6D19E423C
:1021700036D9F21A002AD3DD13F8019B19AA314689
:1021800008A80893E0F770FD08BB09F0C003802B96
:10219000C8D1B9F1820F04D0089A199B134408934F
:1021A000E5E7BB6853B1FB68002B40F0B980102114
:1021B000012000F065FDF860B8B107468223089A57
:1021C0003B60199BBA607B6013440893CFE7A0F58E
:1021D0001457002F7FF404AF089B4DE7574FFFE6DD
:1021E000C7F80C803FF448AF98E7554FF8E6314602
:1021F00019AA08A819978DF868701B97E0F7F8FDE1
:10220000002840F08F80199F002F3AD01B9A064675
:10221000C4F804010346501E10F8012FD900013301
:102220008A40032B46EA0206C4F80461D4D89F42D0
:10223000F2D8D1E7B3F5006F16D0B3F5803FCDD11A
:10224000314619AA08A819978DF868701B97E0F70E
:10225000CFFD002866D1199B012B12D11B9A089B38
:10226000127884F8182107E73146062304F58472B2
:1022700008A8E0F715FE002854D1D4F81031002B3F
:10228000AAD1304FACE6A0F51457002F3FF43BAE77
:10229000A6E61C4615E52C4FA2E6C4F8FC703023D8
:1022A000C4F8007119AA314608A8E0F72DFD04F121
:1022B000FC0704F58079002889D1089B9E423FF4F1
:1022C000DBAE3A46314608A8E0F732FD88B110F19E
:1022D000620F7FF47CAF3A46314608A8E0F752FD22
:1022E00000287FF474AFD4F8FC3013B10123C4F894
:1022F000FC30089B9E423FF4BFAE4A46314608A8D8
:10230000E0F740FD00287FF462AF089B9E427FF417
:1023100005AFD4F8002133460132C4F80021ABE602
:102320000A4F5DE6B0F514573FF456AF58E600BFCC
:102330009ADAFFFFA0DAFFFF9EDAFFFF80DFFFFFE0
:1023400096DAFFFF9CDAFFFF9ADBFFFF00DBFFFF5F
:10235000002872D02DE9F04F0C468BB000296AD0CE
:1023600015460746002A3CD08B1813F8016C002E46
:1023700037D13349204600F077FC90B3012D56D970
:102380000DF1180AB146B046059607A8EDF7D0FB47
:10239000CDF808A0CDF804802346CDF8008007A82A
:1023A000284A2749EDF7CAFB834610B31BF5A45F03
:1023B00007A83ED01BF5845F0BD0EDF78FFD069A82
:1023C000B9F1000F08BFD9460136AD1A1444012DEA
:1023D000DBD8059B4BBB1C48B9F1000F18BF484622
:1023E00004E02A4621463846FFF740FC0BB0BDE822
:1023F000F08F069B3846089A0799ED1A1C44FFF7A0
:1024000035FC834607A8EDF769FDBBF1000F09D045
:102410001BF5225F06F101060BD0B9F1000F08BFD2
:10242000D946D4E701230593D1E73046DEE70648D5
:10243000DCE75846DAE70548D8E70448704700BFAC
:10244000044900202049002080D8FFFF00D8FFFF6A
:10245000114B1249D86E0A4640F4403030B4D86669
:1024600040F23765D86EA02440F44070D8664D64C1
:102470008C64936C1B06FCD4094B40F23760A0219E
:102480001A4658649964936C13F08003FBD1054A93
:10249000137030BC704700BF00C00F4000400C40BC
:1024A00000800C4019F00020704700BF704700BF4B
:1024B000704700BFF0B5244A0020244B4FF0100CA9
:1024C000234C1126DFF8C8E0122720600125C2F84E
:1024D00000C0C3F800E01660DFF8B8E01D4EC3F896
:1024E00000E01D4917601E6041F015011B4F1C4E96
:1024F00017601E601B4F1C4E17601E601B4F116043
:102500001B4E1C491F6016601B4F19601B4E1C4957
:1025100017601E601B4F11601B4E1C491F60166028
:1025200019602560BFF34F8FBFF36F8FC3F8B00101
:10253000BFF34F8FBFF36F8F52F8883C43F44033A3
:1025400042F8883CF0BD00BF9CED00E0A0ED00E04B
:1025500094ED00E00900100000F2002013002000BC
:1025600021000207140000202500081309000010B4
:102570001600202027000B13170000403300101313
:10258000180000602F000B07190000702F000B13BC
:102590003F00001025000803F0B58D4B18228D4E2A
:1025A00001208D4948F20C7E8C4D4FF0FF378C4C4A
:1025B00083B0C3F85C12C3F860520025C3F86412FC
:1025C000C3F868424FF40054C3F86C628549C3F8FD
:1025D0007062C3F87462C3F87862834EDA661A6771
:1025E0005A679A67DA67C3F88020C3F88420C3F873
:1025F000882040F20562C1F82C03C1F83003C1F80D
:102600003403C1F83803C1F83C03C1F8500329462C
:10261000B36976481840764B03437648B361D6F8E1
:10262000843043F00C03C6F8843002260368334339
:102630000360036803EA0E0E6F4B4EEA0303DFF8F4
:10264000F0E103606D4B4760DEF808703B406C4F73
:1026500043F000538360C36823F07803C360036AC8
:102660001F40684B3B43664F0362036A1F40654B44
:102670003B43654F43628762C762DEF8B830634F01
:1026800023F03F0343F00103C0F8B830DEF8BC305C
:10269000DFF884E123F03F0343F00103C0F8BC30CE
:1026A000056104660767C0F8802044664767C0F884
:1026B00084200468564B24F00204564A0460C0F893
:1026C00018E0C66143F8041B9342FBD1494B1A68DA
:1026D000194642F001021A600B68464A13F00103E2
:1026E000FAD14D4E022540F2F56440F2664040F2C8
:1026F00099414A4F966142F20146D56140F2354513
:10270000C2F8004242F20124C2F810020120C2F8CD
:1027100020121146C2F8307207F15A47C2F83462EB
:1027200007F51377C2F840523D4E3E4DC2F8507245
:10273000C2F85462C2F86052C2F86442C2F8A030D3
:10274000C2F8A430C2F8B0004B692A4ADD07FBD5B5
:10275000012300244FF4803011465361C2F8A04099
:10276000C2F8A400C2F8B0304B69224ADC07FBD59E
:10277000012300244FF4003011465361C2F8A040F9
:10278000C2F8A400C2F8B0304B691A4AD807FBD58A
:1027900001230024244811465361C2F8A040C2F826
:1027A000A400C2F8B0304B69124ADB07FBD5D2F85F
:1027B000003145F60D5121209BB250618B4239D03A
:1027C0001A4B00221A605A609A60DA6003B0F0BDBA
:1027D00000801F40F9700100F9B00100F9100100FC
:1027E000F900010000841F4000C00F40FFFCFF1FE4
:1027F000000300A000402A401200FFFFFF37F7004F
:1028000000FFF07C40000080FF000F8363000200A7
:1028100000422A4000432A40F05AF05A9F041830E0
:10282000063201263806180A04000300B0F1002021
:1028300000802A4000244FF4802001231146C2F872
:10284000A040C2F8A400C2F8B0304B693B4ADF0791
:10285000FBD501234FF40004002011465361C2F858
:10286000A040C2F8A400C2F8B0304B69334ADE077A
:10287000FBD501234FF400044FF48030114653611F
:10288000C2F8A040C2F8A400C2F8B0304B692B4A8D
:10289000DD07FBD501234FF400044FF4003011464F
:1028A0005361C2F8A040C2F8A400C2F8B0304B692E
:1028B000224ADC07FBD501234FF4000420481146CF
:1028C0005361C2F8A040C2F8A400C2F8B0304B690E
:1028D0001A4AD807FBD5D2F8003145F60D51212010
:1028E0009BB250618B4210D0164B08224FF400046B
:1028F0001A7015490020154A01230090521A1448F5
:10290000224400F0D9F903B0F0BD4FF400044FF4B5
:10291000802101231046C2F8A040C2F8A410C2F8DA
:10292000B03043690549DB07FBD50120054B102278
:102930004FF0807448611A70DBE700BF00402A4006
:10294000040003001EF00020000000700000007072
:10295000B0F10020F0B4174A40274FF480314FF413
:1029600080564FF400554FF4404443F2420013693F
:1029700013F0020F06D0946151619061136913F056
:10298000020FF8D113F4005F01D15561EFE713F4A2
:10299000805F01D15661EAE7002BE8DA13F4803F4B
:1029A00001D09161E3E75B0601D45761DFE7F0BC3A
:1029B000704700BF00800D40394A03203949F3EECB
:1029C000095A13689FED386A23F00103DFED376A77
:1029D000F0B4136000241061D1F8E030344FD8B265
:1029E000C3F30B211B0D334E07EE100A05EE101A30
:1029F00007EE903A304BB8EEC55A304DB8EEC77A74
:102A00003060F8EEE77A29602D4937EE466A2D4EA0
:102A100077EEC57A2C4877EE666A2C4D37EE657AEC
:102A200026EE276AC7ED007A66EEA76A176867EE9A
:102A3000277A83ED007AC6EE075A86EE876AC7EEDC
:102A4000876A35EE857AFCEEC77A36EE057A17EEA0
:102A5000903ABCEEC77A47EA035376EE857A136064
:102A600017EE103AD2F81071FCEEE77A01EA034152
:102A7000394317EE903AC2F81011C3F30B03D2F8A2
:102A800010110B43C2F81031136843F002031360B6
:102A90003470C0F840510E4B0122F0BC1A607047F0
:102AA00080810D4000441F400000AA420000B44253
:102AB0001CED002014ED002018ED002010ED00208A
:102AC0000000FF0F40E400E000640020010001006E
:102AD00008E100E0304B40F6617270B5C3F8202188
:102AE00040F2044500F0B8F82C492D48D1F8802078
:102AF0002C4C42F003022C4BC1F88020C0F86051EE
:102B0000226813401BB9D0F8A8319A071AD0244B79
:102B10004FF00041234A51631A46D3F8401141F067
:102B20000201C3F84011D2F840319B07FBD44FF4A7
:102B300000301E491B4B4FF00042086019209A6379
:102B400000F0BEF81A4D0022164B4FF08041144C95
:102B50000A26996328461A601146C4F8A8614FF402
:102B6000207200F085F84FF4810640F243114FF4D3
:102B70008000104B104A2E602864C4F85851C4F8E5
:102B80004811C3F804220D4A4FF4003101231160AB
:102B9000C4F8403170BD00BF00800D4000C00F4040
:102BA00000002E4000900D40001C1E008CE200E052
:102BB0000000002000640020CD0101000CE100E0D5
:102BC00008B50E4B1B6E9B0700D4FBBE72B60C4BB8
:102BD00000200C4AC3F8400103F160430A49A3F501
:102BE0005F2311649D46BFF34F8F084A03F5E0430E
:102BF00007491268184619609368984700441F40B7
:102C000000002E4000C00A40030020001C002000ED
:102C1000000012EBF8B500BFF8BC08BC9E46704738
:102C20005FF800F055FB00005FF800F0611D010047
:102C30005FF800F0912501005FF800F08D180100A9
:102C40005FF800F0E52901005FF800F005250100BC
:102C50005FF800F01DF300005FF800F06D0901005F
:102C60005FF800F00DF300005FF800F03D33010065
:102C70005FF800F0392401005FF800F091EA0000ED
:102C80005FF800F0A51B01005FF800F0A92B010020
:102C90005FF800F0412F01005FF800F0DD24010033
:102CA0005FF800F0812501005FF800F0712301005A
:102CB0005FF800F00D2301005FF800F03113010010
:102CC0005FF800F055ED00005FF800F0391C0100DE
:102CD00045000000A520000031460000055100001D
:042CE00079E7000090
:102CE80080C00F4000000003190000001000000021
:102CF800E8841F4001000000FF000000FF00000002
:102D08000000000000000000180000001000000093
:102D1800E4841F4001000000FF000000FF000000E5
:102D280000000000000000001F000000B54C00007B
:102D380070C00F40000C00001100000011000000DE
:102D4800E0841F40020000002C0000001200000078
:102D5800E0841F4001000000100000001100000086
:102D6800DC841F40020000002D000000120000005B
:102D7800DC841F40010000001E000000A94C000078
:102D880070C00F40C00000001200000013000000D7
:102D9800D0841F4001000000FF000000FF00000079
:102DA80000000000000000001300000013000000F5
:102DB800CC841F4001000000FF000000FF0000005D
:102DC80000000000000000001C0000009D4C0000F6
:102DD80001000000020000000400000008000000DC
:102DE80010000000200000004000000080000000EB
:102DF8001B00000036000000637C777BF26B6FC518
:102E08003001672BFED7AB76CA82C97DFA5947F0E5
:102E1800ADD4A2AF9CA472C0B7FD9326363FF7CCC1
:102E280034A5E5F171D8311504C723C31896059A5E
:102E3800071280E2EB27B27509832C1A1B6E5AA081
:102E4800523BD6B329E32F8453D100ED20FCB15B6C
:102E58006ACBBE394A4C58CFD0EFAAFB434D3385D5
:102E680045F9027F503C9FA851A3408F929D38F5A9
:102E7800BCB6DA2110FFF3D2CD0C13EC5F974417E0
:102E8800C4A77E3D645D197360814FDC222A908857
:102E980046EEB814DE5E0BDBE0323A0A4906245CE3
:102EA800C2D3AC629195E479E7C8376D8DD54EA948
:102EB8006C56F4EA657AAE08BA78252E1CA6B4C614
:102EC800E8DD741F4BBD8B8A703EB5664803F60E6D
:102ED800613557B986C11D9EE1F8981169D98E945C
:102EE8009B1E87E9CE5528DF8CA1890DBFE6426875
:102EF80041992D0FB054BB1651F4A7507E4165532C
:102F08001A17A4C33A275E963BAB6BCB1F9D45F1BE
:102F1800ACFA58AB4BE303932030FA55AD766DF617
:102F280088CC7691F5024C254FE5D7FCC52ACBD73E
:102F380026354480B562A38FDEB15A4925BA1B678E
:102F480045EA0E985DFEC0E1C32F7502814CF01270
:102F58008D4697A36BD3F9C6038F5FE715929C95AF
:102F6800BF6D7AEB955259DAD4BE832D587421D3AC
:102F780049E069298EC9C84475C2896AF48E79788E
:102F880099583E6B27B971DDBEE14FB6F088AD1791
:102F9800C920AC667DCE3AB463DF4A18E51A31829F
:102FA8009751336062537F45B16477E0BB6BAE8461
:102FB800FE81A01CF9082B94704868588F45FD19AC
:102FC80094DE6C87527BF8B7AB73D323724B02E263
:102FD800E31F8F576655AB2AB2EB28072FB5C203FC
:102FE80086C57B9AD33708A5302887F223BFA5B2B8
:102FF80002036ABAED16825C8ACF1C2BA779B492B9
:10300800F307F2F04E69E2A165DAF4CD0605BED504
:10301800D134621FC4A6FE8A342E539DA2F355A054
:10302800058AE132A4F6EB750B83EC394060EFAA10
:103038005E719F06BD6E10513E218AF996DD063DF0
:10304800DD3E05AE4DE6BD4691548DB571C45D05B6
:103058000406D46F605015FF1998FB24D6BDE99774
:10306800894043CC67D99E77B0E842BD07898B88F1
:10307800E7195B3879C8EEDBA17C0A477C420FE987
:10308800F8841EC90000000009808683322BED48B1
:103098001E1170AC6C5A724EFD0EFFFB0F85385630
:1030A8003DAED51E362D39270A0FD964685CA62196
:1030B8009B5B54D124362E3A0C0A67B19357E70F1D
:1030C800B4EE96D21B9B919E80C0C54F61DC20A2B6
:1030D8005A774B691C121A16E293BA0AC0A02AE55D
:1030E8003C22E043121B171D0E090D0BF28BC7ADD6
:1030F8002DB6A8B9141EA9C857F11985AF75074C84
:10310800EE99DDBBA37F60FDF701269F5C72F5BCDD
:1031180044663BC55BFB7E348B432976CB23C6DCF8
:10312800B6EDFC68B8E4F163D731DCCA42638510B8
:103138001397224084C61120854A247DD2BB3DF8CE
:10314800AEF93211C729A16D1D9E2F4BDCB230F3A9
:103158000D8652EC77C1E3D02BB3166CA970B999E0
:10316800119448FA47E96422A8FC8CC4A0F03F1ADD
:10317800567D2CD8223390EF87494EC7D938D1C114
:103188008CCAA2FE98D40B36A6F581CFA57ADE2884
:10319800DAB78E263FADBFA42C3A9DE45078920D45
:1031A8006A5FCC9B547E4662F68D13C290D8B8E80D
:1031B8002E39F75E82C3AFF59F5D80BE69D0937CE0
:1031C8006FD52DA9CF2512B3C8AC993B10187DA790
:1031D800E89C636EDB3BBB7BCD2678096E5918F4FF
:1031E800EC9AB701834F9AA8E6956E65AAFFE67E2A
:1031F80021BCCF08EF15E8E6BAE79BD94A6F36CE6F
:10320800EA9F09D429B07CD631A4B2AF2A3F233132
:10321800C6A5943035A266C0744EBC37FC82CAA6D7
:10322800E090D0B033A7D815F104984A41ECDAF70A
:103238007FCD500E1791F62F764DD68D43EFB04DBA
:10324800CCAA4D54E49604DF9ED1B5E34C6A881BA2
:10325800C12C1FB84665517F9D5EEA04018C355D1F
:10326800FA877473FB0B412EB3671D5A92DBD25257
:10327800E91056336DD647139AD7618C37A10C7A6B
:1032880059F8148EEB133C89CEA927EEB761C935DE
:10329800E11CE5ED7A47B13C9CD2DF5955F2733F0A
:1032A8001814CE7973C737BF53F7CDEA5FFDAA5B11
:1032B800DF3D6F147844DB86CAAFF381B968C43E3A
:1032C8003824342CC2A3405F161DC372BCE2250CFF
:1032D800283C498BFF0D954139A80171080CB3DED4
:1032E800D8B4E49C6456C1907BCB8461D532B67067
:1032F800486C5C74D0B85742F4A750514165537E6E
:1033080017A4C31A275E963AAB6BCB3B9D45F11FBA
:10331800FA58ABACE303934B30FA5520766DF6AD13
:10332800CC769188024C25F5E5D7FC4F2ACBD7C53A
:103338003544802662A38FB5B15A49DEBA1B67258A
:10334800EA0E9845FEC0E15D2F7502C34CF012816C
:103358004697A38DD3F9C66B8F5FE703929C9515AB
:103368006D7AEBBF5259DA95BE832DD47421D358A8
:10337800E0692949C9C8448EC2896A758E7978F48A
:10338800583E6B99B971DD27E14FB6BE88AD17F08D
:1033980020AC66C9CE3AB47DDF4A18631A3182E59B
:1033A80051336097537F45626477E0B16BAE84BB5D
:1033B80081A01CFE082B94F94868587045FD198FA8
:1033C800DE6C87947BF8B75273D323AB4B02E2725F
:1033D8001F8F57E355AB2A66EB2807B2B5C2032FF8
:1033E800C57B9A863708A5D32887F230BFA5B223B4
:1033F800036ABA0216825CEDCF1C2B8A79B492A7B5
:1034080007F2F0F369E2A14EDAF4CD6505BED50600
:1034180034621FD1A6FE8AC42E539D34F355A0A250
:103428008AE13205F6EB75A483EC390B60EFAA400C
:10343800719F065E6E1051BD218AF93EDD063D96EC
:103448003E05AEDDE6BD464D548DB591C45D0571B2
:1034580006D46F045015FF6098FB2419BDE997D670
:103468004043CC89D99E7767E842BDB0898B8807ED
:10347800195B38E7C8EEDB797C0A47A1420FE97C83
:10348800841EC9F800000000808683092BED4832AD
:103498001170AC1E5A724E6C0EFFFBFD8538560F2C
:1034A800AED51E3D2D3927360FD9640A5CA6216892
:1034B8005B54D19B362E3A240A67B10C57E70F9319
:1034C800EE96D2B49B919E1BC0C54F80DC20A261B2
:1034D800774B695A121A161C93BA0AE2A02AE5C059
:1034E80022E0433C1B171D12090D0B0E8BC7ADF2D2
:1034F800B6A8B92D1EA9C814F119855775074CAF80
:1035080099DDBBEE7F60FDA301269FF772F5BC5CD9
:10351800663BC544FB7E345B4329768B23C6DCCBF4
:10352800EDFC68B6E4F163B831DCCAD763851042B4
:1035380097224013C61120844A247D85BB3DF8D2CA
:10354800F93211AE29A16DC79E2F4B1DB230F3DCA5
:103558008652EC0DC1E3D077B3166C2B70B999A9DC
:103568009448FA11E9642247FC8CC4A8F03F1AA0D9
:103578007D2CD8563390EF22494EC78738D1C1D910
:10358800CAA2FE8CD40B3698F581CFA67ADE28A580
:10359800B78E26DAADBFA43F3A9DE42C78920D5041
:1035A8005FCC9B6A7E4662548D13C2F6D8B8E89009
:1035B80039F75E2EC3AFF5825D80BE9FD0937C69DC
:1035C800D52DA96F2512B3CFAC993BC8187DA7108C
:1035D8009C636EE83BBB7BDB267809CD5918F46EFB
:1035E8009AB701EC4F9AA883956E65E6FFE67EAA26
:1035F800BCCF082115E8E6EFE79BD9BA6F36CE4A6B
:103608009F09D4EAB07CD629A4B2AF313F23312A2E
:10361800A59430C6A266C0354EBC377482CAA6FCD3
:1036280090D0B0E0A7D8153304984AF1ECDAF74106
:10363800CD500E7F91F62F174DD68D76EFB04D43B6
:10364800AA4D54CC9604DFE4D1B5E39E6A881B4C9E
:103658002C1FB8C165517F465EEA049D8C355D011B
:10366800877473FA0B412EFB671D5AB3DBD2529253
:10367800105633E9D647136DD7618C9AA10C7A3767
:10368800F8148E59133C89EBA927EECE61C935B7DA
:103698001CE5EDE147B13C7AD2DF599CF2733F5506
:1036A80014CE7918C737BF73F7CDEA53FDAA5B5F0D
:1036B8003D6F14DF44DB8678AFF381CA68C43EB936
:1036C80024342C38A3405FC21DC37216E2250CBCFB
:1036D8003C498B280D9541FFA80171390CB3DE08D0
:1036E800B4E49CD856C19064CB84617B32B670D563
:1036F8006C5C7448B85742D05051F4A7537E41656A
:10370800C31A17A4963A275ECB3BAB6BF11F9D45B6
:10371800ABACFA58934BE303552030FAF6AD766D0F
:103728009188CC7625F5024CFC4FE5D7D7C52ACB36
:10373800802635448FB562A349DEB15A6725BA1B86
:103748009845EA0EE15DFEC002C32F7512814CF068
:10375800A38D4697C66BD3F9E7038F5F9515929CA7
:10376800EBBF6D7ADA9552592DD4BE83D3587421A4
:103778002949E069448EC9C86A75C28978F48E7986
:103788006B99583EDD27B971B6BEE14F17F088AD89
:1037980066C920ACB47DCE3A1863DF4A82E51A3197
:1037A800609751334562537FE0B1647784BB6BAE59
:1037B8001CFE81A094F9082B58704868198F45FDA4
:1037C8008794DE6CB7527BF823AB73D3E2724B025B
:1037D80057E31F8F2A6655AB07B2EB28032FB5C2F4
:1037E8009A86C57BA5D33708F2302887B223BFA5B0
:1037F800BA02036A5CED16822B8ACF1C92A779B4B1
:10380800F0F307F2A14E69E2CD65DAF4D50605BEFC
:103818001FD134628AC4A6FE9D342E53A0A2F3554C
:1038280032058AE175A4F6EB390B83ECAA4060EF08
:10383800065E719F51BD6E10F93E218A3D96DD06E8
:10384800AEDD3E05464DE6BDB591548D0571C45DAE
:103858006F0406D4FF605015241998FB97D6BDE96C
:10386800CC8940437767D99EBDB0E8428807898BE9
:1038780038E7195BDB79C8EE47A17C0AE97C420F7F
:10388800C9F8841E000000008309808648322BEDA9
:10389800AC1E11704E6C5A72FBFD0EFF560F853828
:1038A8001E3DAED527362D39640A0FD921685CA68E
:1038B800D19B5B543A24362EB10C0A670F9357E715
:1038C800D2B4EE969E1B9B914F80C0C5A261DC20AE
:1038D800695A774B161C121A0AE293BAE5C0A02A55
:1038E800433C22E01D121B170B0E090DADF28BC7CE
:1038F800B92DB6A8C8141EA98557F1194CAF75077C
:10390800BBEE99DDFDA37F609FF70126BC5C72F5D5
:10391800C544663B345BFB7E768B4329DCCB23C6F0
:1039280068B6EDFC63B8E4F1CAD731DC10426385B0
:10393800401397222084C6117D854A24F8D2BB3DC6
:1039480011AEF9326DC729A14B1D9E2FF3DCB230A1
:10395800EC0D8652D077C1E36C2BB31699A970B9D8
:10396800FA1194482247E964C4A8FC8C1AA0F03FD5
:10397800D8567D2CEF223390C787494EC1D938D10C
:10398800FE8CCAA23698D40BCFA6F58128A57ADE7C
:1039980026DAB78EA43FADBFE42C3A9D0D5078923D
:1039A8009B6A5FCC62547E46C2F68D13E890D8B805
:1039B8005E2E39F7F582C3AFBE9F5D807C69D093D8
:1039C800A96FD52DB3CF25123BC8AC99A710187D88
:1039D8006EE89C637BDB3BBB09CD2678F46E5918F7
:1039E80001EC9AB7A8834F9A65E6956E7EAAFFE622
:1039F8000821BCCFE6EF15E8D9BAE79BCE4A6F3667
:103A0800D4EA9F09D629B07CAF31A4B2312A3F232A
:103A180030C6A594C035A26637744EBCA6FC82CACF
:103A2800B0E090D01533A7D84AF10498F741ECDA02
:103A38000E7FCD502F1791F68D764DD64D43EFB0B2
:103A480054CCAA4DDFE49604E39ED1B51B4C6A889A
:103A5800B8C12C1F7F466551049D5EEA5D018C3517
:103A680073FA87742EFB0B415AB3671D5292DBD24F
:103A780033E91056136DD6478C9AD7617A37A10C63
:103A88008E59F81489EB133CEECEA92735B761C9D6
:103A9800EDE11CE53C7A47B1599CD2DF3F55F27302
:103AA800791814CEBF73C737EA53F7CD5B5FFDAA09
:103AB80014DF3D6F867844DB81CAAFF33EB968C432
:103AC8002C3824345FC2A34072161DC30CBCE225F7
:103AD8008B283C4941FF0D957139A801DE080CB3CC
:103AE8009CD8B4E4906456C1617BCB8470D532B65F
:103AF80074486C5C42D0B857A75051F465537E4166
:103B0800A4C31A175E963A276BCB3BAB45F11F9DB2
:103B180058ABACFA03934BE3FA5520306DF6AD760B
:103B2800769188CC4C25F502D7FC4FE5CBD7C52A32
:103B380044802635A38FB5625A49DEB11B6725BA82
:103B48000E9845EAC0E15DFE7502C32FF012814C64
:103B580097A38D46F9C66BD35FE7038F9C951592A3
:103B68007AEBBF6D59DA9552832DD4BE21D35874A0
:103B7800692949E0C8448EC9896A75C27978F48E82
:103B88003E6B995871DD27B94FB6BEE1AD17F08885
:103B9800AC66C9203AB47DCE4A1863DF3182E51A93
:103BA800336097517F45625377E0B164AE84BB6B55
:103BB800A01CFE812B94F90868587048FD198F45A0
:103BC8006C8794DEF8B7527BD323AB7302E2724B57
:103BD8008F57E31FAB2A66552807B2EBC2032FB5F0
:103BE8007B9A86C508A5D33787F23028A5B223BFAC
:103BF8006ABA0203825CED161C2B8ACFB492A779AD
:103C0800F2F0F307E2A14E69F4CD65DABED50605F8
:103C1800621FD134FE8AC4A6539D342E55A0A2F348
:103C2800E132058AEB75A4F6EC390B83EFAA406004
:103C38009F065E711051BD6E8AF93E21063D96DDE4
:103C480005AEDD3EBD464DE68DB591545D0571C4AA
:103C5800D46F040615FF6050FB241998E997D6BD68
:103C680043CC89409E7767D942BDB0E88B880789E5
:103C78005B38E719EEDB79C80A47A17C0FE97C427B
:103C88001EC9F8840000000086830980ED48322BA5
:103C980070AC1E11724E6C5AFFFBFD0E38560F8524
:103CA800D51E3DAE3927362DD9640A0FA621685C8A
:103CB80054D19B5B2E3A243667B10C0AE70F935711
:103CC80096D2B4EE919E1B9BC54F80C020A261DCAA
:103CD8004B695A771A161C12BA0AE2932AE5C0A051
:103CE800E0433C22171D121B0D0B0E09C7ADF28BCA
:103CF800A8B92DB6A9C8141E198557F1074CAF7578
:103D0800DDBBEE9960FDA37F269FF701F5BC5C72D1
:103D18003BC544667E345BFB29768B43C6DCCB23EC
:103D2800FC68B6EDF163B8E4DCCAD73185104263AC
:103D380022401397112084C6247D854A3DF8D2BBC2
:103D48003211AEF9A16DC7292F4B1D9E30F3DCB29D
:103D580052EC0D86E3D077C1166C2BB3B999A970D4
:103D680048FA1194642247E98CC4A8FC3F1AA0F0D1
:103D78002CD8567D90EF22334EC78749D1C1D93808
:103D8800A2FE8CCA0B3698D481CFA6F5DE28A57A78
:103D98008E26DAB7BFA43FAD9DE42C3A920D507839
:103DA800CC9B6A5F4662547E13C2F68DB8E890D801
:103DB800F75E2E39AFF582C380BE9F5D937C69D0D4
:103DC8002DA96FD512B3CF25993BC8AC7DA7101884
:103DD800636EE89CBB7BDB3B7809CD2618F46E59F3
:103DE800B701EC9A9AA8834F6E65E695E67EAAFF1E
:103DF800CF0821BCE8E6EF159BD9BAE736CE4A6F63
:103E080009D4EA9F7CD629B0B2AF31A423312A3F26
:103E18009430C6A566C035A2BC37744ECAA6FC82CB
:103E2800D0B0E090D81533A7984AF104DAF741ECFE
:103E3800500E7FCDF62F1791D68D764DB04D43EFAE
:103E48004D54CCAA04DFE496B5E39ED1881B4C6A96
:103E58001FB8C12C517F4665EA049D5E355D018C13
:103E68007473FA87412EFB0B1D5AB367D25292DB4B
:103E78005633E91047136DD6618C9AD70C7A37A15F
:103E8800148E59F83C89EB1327EECEA9C935B761D2
:103E9800E5EDE11CB13C7A47DF599CD2733F55F2FE
:103EA800CE79181437BF73C7CDEA53F7AA5B5FFD05
:103EB8006F14DF3DDB867844F381CAAFC43EB9682E
:103EC800342C3824405FC2A3C372161D250CBCE2F3
:103ED800498B283C9541FF0D017139A8B3DE080CC8
:103EE800E49CD8B4C190645684617BCBB670D5325B
:103EF8005C74486C5742D0B8C66363A5F87C7C8470
:103F0800EE777799F67B7B8DFFF2F20DD66B6BBD62
:103F1800DE6F6FB191C5C5546030305002010103A6
:103F2800CE6767A9562B2B7DE7FEFE19B5D7D7625A
:103F38004DABABE6EC76769A8FCACA451F82829D56
:103F480089C9C940FA7D7D87EFFAFA15B25959EB4C
:103F58008E4747C9FBF0F00B41ADADECB3D4D46745
:103F68005FA2A2FD45AFAFEA239C9CBF53A4A4F770
:103F7800E47272969BC0C05B75B7B7C2E1FDFD1CC9
:103F88003D9393AE4C26266A6C36365A7E3F3F41A7
:103F9800F5F7F70283CCCC4F6834345C51A5A5F40F
:103FA800D1E5E534F9F1F108E2717193ABD8D87332
:103FB800623131532A15153F0804040C95C7C752BE
:103FC800462323659DC3C35E30181828379696A1EB
:103FD8000A05050F2F9A9AB50E07070924121236FB
:103FE8001B80809BDFE2E23DCDEBEB264E27276965
:103FF8007FB2B2CDEA75759F1209091B1D83839E96
:10400800582C2C74341A1A2E361B1B2DDC6E6EB2EB
:10401800B45A5AEE5BA0A0FBA45252F6763B3B4D35
:10402800B7D6D6617DB3B3CE5229297BDDE3E33E13
:104038005E2F2F7113848497A65353F5B9D1D16895
:1040480000000000C1EDED2C40202060E3FCFC1FC7
:1040580079B1B1C8B65B5BEDD46A6ABE8DCBCB468D
:1040680067BEBED97239394B944A4ADE984C4CD453
:10407800B05858E885CFCF4ABBD0D06BC5EFEF2AF0
:104088004FAAAAE5EDFBFB16864343C59A4D4DD7CB
:1040980066333355118585948A4545CFE9F9F9107A
:1040A80004020206FE7F7F81A05050F0783C3C4419
:1040B800259F9FBA4BA8A8E3A25151F35DA3A3FE85
:1040C800804040C0058F8F8A3F9292AD219D9DBC54
:1040D80070383848F1F5F50463BCBCDF77B6B6C173
:1040E800AFDADA754221216320101030E5FFFF1A9C
:1040F800FDF3F30EBFD2D26D81CDCD4C180C0C144C
:1041080026131335C3ECEC2FBE5F5FE1359797A2FA
:10411800884444CC2E17173993C4C45755A7A7F21F
:10412800FC7E7E827A3D3D47C86464ACBA5D5DE73B
:104138003219192BE6737395C06060A019818198B4
:104148009E4F4FD1A3DCDC7F44222266542A2A7E6C
:104158003B9090AB0B8888838C4646CAC7EEEE2905
:104168006BB8B8D32814143CA7DEDE79BC5E5EE2D7
:10417800160B0B1DADDBDB76DBE0E03B6432325621
:10418800743A3A4E140A0A1E924949DB0C06060A8A
:104198004824246CB85C5CE49FC2C25DBDD3D36E76
:1041A80043ACACEFC46262A6399191A8319595A44D
:1041B800D3E4E437F279798BD5E7E7328BC8C84383
:1041C8006E373759DA6D6DB7018D8D8CB1D5D564E1
:1041D8009C4E4ED249A9A9E0D86C6CB4AC5656FA9C
:1041E800F3F4F407CFEAEA25CA6565AFF47A7A8E64
:1041F80047AEAEE9100808186FBABAD5F0787888D3
:104208004A25256F5C2E2E72381C1C2457A6A6F151
:1042180073B4B4C797C6C651CBE8E823A1DDDD7CEB
:10422800E874749C3E1F1F21964B4BDD61BDBDDCBD
:104238000D8B8B860F8A8A85E07070907C3E3E429B
:1042480071B5B5C4CC6666AA904848D8060303057C
:10425800F7F6F6011C0E0E12C26161A36A35355FCE
:10426800AE5757F969B9B9D01786869199C1C1581F
:104278003A1D1D27279E9EB9D9E1E138EBF8F813BE
:104288002B9898B322111133D26969BBA9D9D97077
:10429800078E8E89339494A72D9B9BB63C1E1E22B5
:1042A80015878792C9E9E92087CECE49AA5555FFD7
:1042B80050282878A5DFDF7A038C8C8F59A1A1F8C4
:1042C800098989801A0D0D1765BFBFDAD7E6E6316F
:1042D800844242C6D06868B8824141C3299999B0DE
:1042E8005A2D2D771E0F0F117BB0B0CBA85454FC5C
:1042F8006DBBBBD62C16163A6363A5C67C7C84F8C6
:10430800777799EE7B7B8DF6F2F20DFF6B6BBDD65E
:104318006F6FB1DEC5C554913030506001010302A2
:104328006767A9CE2B2B7D56FEFE19E7D7D762B556
:10433800ABABE64D76769AECCACA458F82829D1F52
:10434800C9C940897D7D87FAFAFA15EF5959EBB248
:104358004747C98EF0F00BFBADADEC41D4D467B341
:10436800A2A2FD5FAFAFEA459C9CBF23A4A4F7536C
:10437800727296E4C0C05B9BB7B7C275FDFD1CE1C5
:104388009393AE3D26266A4C36365A6C3F3F417EA3
:10439800F7F702F5CCCC4F8334345C68A5A5F4510B
:1043A800E5E534D1F1F108F9717193E2D8D873AB2E
:1043B8003131536215153F2A04040C08C7C75295BA
:1043C80023236546C3C35E9D181828309696A137E7
:1043D80005050F0A9A9AB52F0707090E12123624F7
:1043E80080809B1BE2E23DDFEBEB26CD2727694E61
:1043F800B2B2CD7F75759FEA09091B1283839E1D92
:104408002C2C74581A1A2E341B1B2D366E6EB2DCE7
:104418005A5AEEB4A0A0FB5B5252F6A43B3B4D7631
:10442800D6D661B7B3B3CE7D29297B52E3E33EDD0F
:104438002F2F715E848497135353F5A6D1D168B991
:1044480000000000EDED2CC120206040FCFC1FE3C3
:10445800B1B1C8795B5BEDB66A6ABED4CBCB468D89
:10446800BEBED96739394B724A4ADE944C4CD4984F
:104478005858E8B0CFCF4A85D0D06BBBEFEF2AC5EC
:10448800AAAAE54FFBFB16ED4343C5864D4DD79AC7
:1044980033335566858594114545CF8AF9F910E976
:1044A800020206047F7F81FE5050F0A03C3C447815
:1044B8009F9FBA25A8A8E34B5151F3A2A3A3FE5D81
:1044C8004040C0808F8F8A059292AD3F9D9DBC2150
:1044D80038384870F5F504F1BCBCDF63B6B6C1776F
:1044E800DADA75AF2121634210103020FFFF1AE598
:1044F800F3F30EFDD2D26DBFCDCD4C810C0C141848
:1045080013133526ECEC2FC35F5FE1BE9797A235F6
:104518004444CC881717392EC4C45793A7A7F2551B
:104528007E7E82FC3D3D477A6464ACC85D5DE7BA37
:1045380019192B32737395E66060A0C081819819B0
:104548004F4FD19EDCDC7FA3222266442A2A7E5468
:104558009090AB3B8888830B4646CA8CEEEE29C701
:10456800B8B8D36B14143C28DEDE79A75E5EE2BCD3
:104578000B0B1D16DBDB76ADE0E03BDB323256641D
:104588003A3A4E740A0A1E144949DB9206060A0C86
:1045980024246C485C5CE4B8C2C25D9FD3D36EBD72
:1045A800ACACEF436262A6C49191A8399595A43149
:1045B800E4E437D379798BF2E7E732D5C8C8438B7F
:1045C8003737596E6D6DB7DA8D8D8C01D5D564B1DD
:1045D8004E4ED29CA9A9E0496C6CB4D85656FAAC98
:1045E800F4F407F3EAEA25CF6565AFCA7A7A8EF460
:1045F800AEAEE94708081810BABAD56F787888F0CF
:1046080025256F4A2E2E725C1C1C2438A6A6F1574D
:10461800B4B4C773C6C65197E8E823CBDDDD7CA1E7
:1046280074749CE81F1F213E4B4BDD96BDBDDC61B9
:104638008B8B860D8A8A850F707090E03E3E427C97
:10464800B5B5C4716666AACC4848D8900303050678
:10465800F6F601F70E0E121C6161A3C235355F6ACA
:104668005757F9AEB9B9D06986869117C1C158991B
:104678001D1D273A9E9EB927E1E138D9F8F813EBBA
:104688009898B32B111133226969BBD2D9D970A973
:104698008E8E89079494A7339B9BB62D1E1E223CB1
:1046A80087879215E9E920C9CECE49875555FFAAD3
:1046B80028287850DFDF7AA58C8C8F03A1A1F859C0
:1046C800898980090D0D171ABFBFDA65E6E631D76B
:1046D8004242C6846868B8D04141C3829999B029DA
:1046E8002D2D775A0F0F111EB0B0CB7B5454FCA858
:1046F800BBBBD66D16163A2CA5C6636384F87C7CC2
:1047080099EE77778DF67B7B0DFFF2F2BDD66B6B5A
:10471800B1DE6F6F5491C5C550603030030201019E
:10472800A9CE67677D562B2B19E7FEFE62B5D7D752
:10473800E64DABAB9AEC7676458FCACA9D1F82824E
:104748004089C9C987FA7D7D15EFFAFAEBB2595944
:10475800C98E47470BFBF0F0EC41ADAD67B3D4D43D
:10476800FD5FA2A2EA45AFAFBF239C9CF753A4A468
:1047780096E472725B9BC0C0C275B7B71CE1FDFDC1
:10478800AE3D93936A4C26265A6C3636417E3F3F9F
:1047980002F5F7F74F83CCCC5C683434F451A5A507
:1047A80034D1E5E508F9F1F193E2717173ABD8D82A
:1047B800536231313F2A15150C0804045295C7C7B6
:1047C800654623235E9DC3C328301818A1379696E3
:1047D8000F0A0505B52F9A9A090E070736241212F3
:1047E8009B1B80803DDFE2E226CDEBEB694E27275D
:1047F800CD7FB2B29FEA75751B1209099E1D83838E
:1048080074582C2C2E341A1A2D361B1BB2DC6E6EE3
:10481800EEB45A5AFB5BA0A0F6A452524D763B3B2D
:1048280061B7D6D6CE7DB3B37B5229293EDDE3E30B
:10483800715E2F2F97138484F5A6535368B9D1D18D
:10484800000000002CC1EDED604020201FE3FCFCBF
:10485800C879B1B1EDB65B5BBED46A6A468DCBCB85
:10486800D967BEBE4B723939DE944A4AD4984C4C4B
:10487800E8B058584A85CFCF6BBBD0D02AC5EFEFE8
:10488800E54FAAAA16EDFBFBC5864343D79A4D4DC3
:104898005566333394118585CF8A454510E9F9F972
:1048A8000604020281FE7F7FF0A0505044783C3C11
:1048B800BA259F9FE34BA8A8F3A25151FE5DA3A37D
:1048C800C08040408A058F8FAD3F9292BC219D9D4C
:1048D8004870383804F1F5F5DF63BCBCC177B6B66B
:1048E80075AFDADA63422121302010101AE5FFFF94
:1048F8000EFDF3F36DBFD2D24C81CDCD14180C0C44
:10490800352613132FC3ECECE1BE5F5FA2359797F2
:10491800CC884444392E17175793C4C4F255A7A717
:1049280082FC7E7E477A3D3DACC86464E7BA5D5D33
:104938002B32191995E67373A0C0606098198181AC
:10494800D19E4F4F7FA3DCDC664422227E542A2A64
:10495800AB3B9090830B8888CA8C464629C7EEEEFD
:10496800D36BB8B83C28141479A7DEDEE2BC5E5ECF
:104978001D160B0B76ADDBDB3BDBE0E05664323219
:104988004E743A3A1E140A0ADB9249490A0C060682
:104998006C482424E4B85C5C5D9FC2C26EBDD3D36E
:1049A800EF43ACACA6C46262A8399191A431959545
:1049B80037D3E4E48BF2797932D5E7E7438BC8C87B
:1049C800596E3737B7DA6D6D8C018D8D64B1D5D5D9
:1049D800D29C4E4EE049A9A9B4D86C6CFAAC565694
:1049E80007F3F4F425CFEAEAAFCA65658EF47A7A5C
:1049F800E947AEAE18100808D56FBABA88F07878CB
:104A08006F4A2525725C2E2E24381C1CF157A6A649
:104A1800C773B4B45197C6C623CBE8E87CA1DDDDE3
:104A28009CE87474213E1F1FDD964B4BDC61BDBDB5
:104A3800860D8B8B850F8A8A90E07070427C3E3E93
:104A4800C471B5B5AACC6666D89048480506030374
:104A580001F7F6F6121C0E0EA3C261615F6A3535C6
:104A6800F9AE5757D069B9B9911786865899C1C117
:104A7800273A1D1DB9279E9E38D9E1E113EBF8F8B6
:104A8800B32B989833221111BBD2696970A9D9D96F
:104A980089078E8EA7339494B62D9B9B223C1E1EAD
:104AA8009215878720C9E9E94987CECEFFAA5555CF
:104AB800785028287AA5DFDF8F038C8CF859A1A1BC
:104AC80080098989171A0D0DDA65BFBF31D7E6E667
:104AD800C6844242B8D06868C3824141B0299999D6
:104AE800775A2D2D111E0F0FCB7BB0B0FCA8545454
:104AF800D66DBBBB3A2C161663A5C6637C84F87CBE
:104B08007799EE777B8DF67BF20DFFF26BBDD66B56
:104B18006FB1DE6FC55491C530506030010302019A
:104B280067A9CE672B7D562BFE19E7FED762B5D74E
:104B3800ABE64DAB769AEC76CA458FCA829D1F824A
:104B4800C94089C97D87FA7DFA15EFFA59EBB25940
:104B580047C98E47F00BFBF0ADEC41ADD467B3D439
:104B6800A2FD5FA2AFEA45AF9CBF239CA4F753A464
:104B78007296E472C05B9BC0B7C275B7FD1CE1FDBD
:104B880093AE3D93266A4C26365A6C363F417E3F9B
:104B9800F702F5F7CC4F83CC345C6834A5F451A503
:104BA800E534D1E5F108F9F17193E271D873ABD826
:104BB80031536231153F2A15040C0804C75295C7B2
:104BC80023654623C35E9DC31828301896A13796DF
:104BD800050F0A059AB52F9A07090E0712362412EF
:104BE800809B1B80E23DDFE2EB26CDEB27694E2759
:104BF800B2CD7FB2759FEA75091B1209839E1D838A
:104C08002C74582C1A2E341A1B2D361B6EB2DC6EDF
:104C18005AEEB45AA0FB5BA052F6A4523B4D763B29
:104C2800D661B7D6B3CE7DB3297B5229E33EDDE307
:104C38002F715E2F8497138453F5A653D168B9D189
:104C480000000000ED2CC1ED20604020FC1FE3FCBB
:104C5800B1C879B15BEDB65B6ABED46ACB468DCB81
:104C6800BED967BE394B72394ADE944A4CD4984C47
:104C780058E8B058CF4A85CFD06BBBD0EF2AC5EFE4
:104C8800AAE54FAAFB16EDFB43C586434DD79A4DBF
:104C9800335566338594118545CF8A45F910E9F96E
:104CA800020604027F81FE7F50F0A0503C44783C0D
:104CB8009FBA259FA8E34BA851F3A251A3FE5DA379
:104CC80040C080408F8A058F92AD3F929DBC219D48
:104CD80038487038F504F1F5BCDF63BCB6C177B667
:104CE800DA75AFDA2163422110302010FF1AE5FF90
:104CF800F30EFDF3D26DBFD2CD4C81CD0C14180C40
:104D080013352613EC2FC3EC5FE1BE5F97A23597EE
:104D180044CC884417392E17C45793C4A7F255A713
:104D28007E82FC7E3D477A3D64ACC8645DE7BA5D2F
:104D3800192B32197395E67360A0C06081981981A8
:104D48004FD19E4FDC7FA3DC226644222A7E542A60
:104D580090AB3B9088830B8846CA8C46EE29C7EEF9
:104D6800B8D36BB8143C2814DE79A7DE5EE2BC5ECB
:104D78000B1D160BDB76ADDBE03BDBE03256643215
:104D88003A4E743A0A1E140A49DB9249060A0C067E
:104D9800246C48245CE4B85CC25D9FC2D36EBDD36A
:104DA800ACEF43AC62A6C46291A8399195A4319541
:104DB800E437D3E4798BF279E732D5E7C8438BC877
:104DC80037596E376DB7DA6D8D8C018DD564B1D5D5
:104DD8004ED29C4EA9E049A96CB4D86C56FAAC5690
:104DE800F407F3F4EA25CFEA65AFCA657A8EF47A58
:104DF800AEE947AE08181008BAD56FBA7888F078C7
:104E0800256F4A252E725C2E1C24381CA6F157A645
:104E1800B4C773B4C65197C6E823CBE8DD7CA1DDDF
:104E2800749CE8741F213E1F4BDD964BBDDC61BDB1
:104E38008B860D8B8A850F8A7090E0703E427C3E8F
:104E4800B5C471B566AACC6648D890480305060370
:104E5800F601F7F60E121C0E61A3C261355F6A35C2
:104E680057F9AE57B9D069B986911786C15899C113
:104E78001D273A1D9EB9279EE138D9E1F813EBF8B2
:104E880098B32B981133221169BBD269D970A9D96B
:104E98008E89078E94A733949BB62D9B1E223C1EA9
:104EA80087921587E920C9E9CE4987CE55FFAA55CB
:104EB80028785028DF7AA5DF8C8F038CA1F859A1B8
:104EC800898009890D171A0DBFDA65BFE631D7E663
:104ED80042C6844268B8D06841C3824199B02999D2
:104EE8002D775A2D0F111E0FB0CB7BB054FCA85450
:104EF800BBD66DBB163A2C1652096AD53036A53882
:104F0800BF40A39E81F3D7FB7CE339829B2FFF87A9
:104F1800348E4344C4DEE9CB547B9432A6C2233D8D
:104F2800EE4C950B42FAC34E082EA16628D924B23E
:104F3800765BA2496D8BD12572F8F664866898165F
:104F4800D4A45CCC5D65B6926C704850FDEDB9DABE
:104F58005E154657A78D9D8490D8AB008CBCD30AAC
:104F6800F7E45805B8B34506D02C1E8FCA3F0F0288
:104F7800C1AFBD0301138A6B3A9111414F67DCEA57
:104F880097F2CFCEF0B4E67396AC7422E7AD3585D0
:104F9800E2F937E81C75DF6E47F11A711D29C589DA
:104FA8006FB7620EAA18BE1BFC563E4BC6D27920BC
:104FB8009ADBC0FE78CD5AF41FDDA8338807C731C5
:104FC800B11210592780EC5F60517FA919B54A0DBD
:104FD8002DE57A9F93C99CEFA0E03B4DAE2AF5B032
:104FE800C8EBBB3C83539961172B047EBA77D6264E
:104FF800E169146355210C7D6BC1BEE22E409F967A
:10500800E93D7E117393172AAE2D8A571E03AC9C77
:105018009EB76FAC45AF8E5130C81C46A35CE411F7
:10502800E5FBC1191A0A52EFF69F2445DF4F9B177B
:10503800AD2B417BE66C371044416AC2D1F53C5830
:105048003303917E6BE9EBE048E31E9E256718F277
:105058009229319C19F15BA4058CCFFDBBCB382D6F
:105068001F6F56585D8A4ADEC34C052CC0DA8D7313
:10507800451AFE5F03BE297FF3F6752AE8D7831128
:1050880038F041560631B1148B79EECC93A0EE5D21
:10509800FF30B4EA21636DA4FACA37E0B0C853738D
:1050A800DF706E73F7C9AF865DF678DD17BA4E7597
:1050B800B61768C6ADEF7C7B4804E1818FE6297599
:1050C80019A3E88C573104138A05FC5E095AF48445
:1050D8008A08D328D3688E3D7BD966D53AD8C1BB18
:1050E80085D2ADFAE87BB104FE3C53653E2F45B549
:1050F8006FCD88B2CC898FF0000102030405060742
:1051080008090A0B0C0D0E0F2B7E151628AED2A619
:10511800ABF7158809CF4F3C0000000000000000E5
:1051280000000000000000008E73B0F7DA0E645231
:10513800C810F32B809079E562F8EAD2522C6B7B89
:105148000000000000000000603DEB1015CA71BEB1
:105158002B73AEF0857D77811F352C073B6108D70F
:105168002D9810A30914DFF43B3FD92EB72DAD209D
:10517800333449F8E83CFB4AC8A64537A0B3A93FF1
:10518800CDE3CDAD9F1CE58B26751F67A3CBB14042
:10519800B1808CF187A4F4DFC04B05357C5D1C0E13
:1051A800EAC4C66F9FF7F2E6CDC80D6FDDF18CAB90
:1051B80034C25909C99A417467CE7F7F8117362155
:1051C800961A2B70171D3D7A2E1E8A1DD59B88B105
:1051D800C8E60FED1EFAC4C9C05F9F9CA9834FA003
:1051E80042AE8FBA584B09FFDC7E84BFDA79164B82
:1051F8007ECD8486985D386039FFED143B28B1C8B0
:1052080032113C6331E5407BDF10132415E54B92E6
:10521800A13ED0A8267AE2F975A385741AB9CEF80A
:105228002031623D55B1E4710000003000000000FB
:105238000000000000000001006CB6DBC0543B59C0
:10524800DA48D90B0000000100E0017B27777F3F97
:105258004A1786F000000001AE6852F8121067CCB9
:105268004BF7A5765577F39E7E24067817FAE0D794
:1052780043D6CE1F325391637691BE035E5020A869
:10528800AC6E618529F9A0DC100000002000000048
:1052980024000000E4095D4FB7A7B3792D6175A319
:1052A800261311B8000000000000000000000000F4
:1052B80000000000000000000000000000000000E6
:1052C800000000005104A106168A72D9790D41EE3A
:1052D8008EDAD388EB2E1EFC46DA57C8FCE630DFA0
:1052E8009141BE28000000000000000000000000FE
:1052F80000000000C1CF48A89F2FFDD9CF4652E932
:10530800EFDB72D74540A42BDE6D7836D59A5CEA80
:10531800AEF3105325B2072F000000000000000074
:105328000000000053696E676C6520626C6F636BE8
:10533800206D7367000000000000000000000000FE
:105348000000000000000000000000000000000055
:1053580000000000000102030405060708090A0B03
:105368000C0D0E0F101112131415161718191A1BFD
:105378001C1D1E1F000000000000000000000000AF
:1053880000000000000102030405060708090A0BD3
:105398000C0D0E0F101112131415161718191A1BCD
:1053A8001C1D1E1F202122230000000000000000F9
:1053B800000000004142434445464748494A4B4C97
:1053C8004D4E4F505152535455565758595A616281
:1053D800636465666768696A6B6C6D6E6F7071721D
:1053E800737475767778797A303132333435363765
:1053F80038392B2F7F7F7F7F7F7F7F7F7F7F7F7FE6
:105408007F7F7F7F7F7F7F7F7F7F7F7F7F7F7F7FA4
:105418007F7F7F7F7F7F7F7F7F7F7F7F7F7F7F3ED5
:105428007F7F7F3F3435363738393A3B3C3D7F7F85
:105438007F407F7F7F000102030405060708090AF1
:105448000B0C0D0E0F101112131415161718197FC7
:105458007F7F7F7F7F1A1B1C1D1E1F202122232474
:1054680025262728292A2B2C2D2E2F303132337F21
:105478007F7F7F7F24486E5687625ABDBF17D9A2A7
:10548800C4171A0194ED8F1E11B3D7090CB6E91091
:105498006F22EE13CAB3070576C9FA316C0834FFD8
:1054A8008DC26C380043E95497AF504BD141BA953F
:1054B800315A0B974A456875566F64695772322F8F
:1054C80046396D6978426361415A54746A78345236
:1054D8007339634A444C6270454738693768504BA2
:1054E8007377634664736E364D5777494E502B4E2B
:1054F800776D773441455070564A657655457652F2
:10550800516271564D566F4C6C773D3D000000005E
:105518000300000005000000070000000B00000069
:105528000D0000001100000013000000170000002B
:105538001D0000001F0000002500000029000000D9
:105548002B0000002F000000350000003B00000089
:105558003D00000043000000470000004900000033
:105568004F000000530000005900000061000000D7
:1055780065000000670000006B0000006D0000007F
:10558800710000007F000000830000008900000017
:105598008B00000095000000970000009D000000AF
:1055A800A3000000A7000000AD000000B300000049
:1055B800B5000000BF000000C1000000C5000000E9
:1055C800C7000000D3000000DF000000E300000077
:1055D800E5000000E9000000EF000000F100000015
:1055E800FB00000001010000070100000D010000A0
:1055F8000F01000015010000190100001B01000047
:1056080025010000330100003701000039010000C6
:105618003D0100004B010000510100005B0100004A
:105628005D01000061010000670100006F010000DA
:10563800750100007B0100007F010000850100006A
:105648008D0100009101000099010000A3010000F4
:10565800A5010000AF010000B1010000B701000082
:10566800BB010000C1010000C9010000CD0100001C
:10567800CF010000D3010000DF010000E7010000B6
:10568800EB010000F3010000F7010000FD0100003C
:10569800090200000B0200001D02000023020000A6
:1056A8002D02000033020000390200003B02000016
:1056B800410200004B0200005102000057020000A6
:1056C800590200005F020000650200006902000044
:1056D8006B020000770200008102000083020000D4
:1056E800870200008D02000093020000950200006E
:1056F800A1020000A5020000AB020000B3020000F6
:10570800BD020000C5020000CF020000D702000061
:10571800DD020000E3020000E7020000EF020000E3
:10572800F5020000F9020000010300000503000073
:10573800130300001D030000290300002B030000D1
:1057480035030000370300003B0300003D03000061
:105758004703000055030000590300005B030000E5
:105768005F0300006D030000710300007303000075
:10577800770300008B0300008F03000097030000ED
:10578800A1030000A9030000AD030000B30300005B
:10579800B9030000C7030000CB030000D1030000D9
:1057A800D7030000DF030000E503000099FFFFFFB7
:1057B800B50200006102000015000000E4060000C8
:1057C800640300001C0000000BB1CD2D06D350204F
:1057D8000100000038411676D99360F272C2AB9A84
:1057E800750657A091F7B5C9A28CD290F607A727DE
:1057F8008EB249DE435CD7C73EF58F671F186EAF80
:105808002FE2850D53F09C65EAA3AE9EEC802D6BCC
:10581800A82B36A6C5864D33FD6658963A099510CD
:1058280078D842CCEF26E5611A3F3B82B6DBD498A4
:10583800E88B02EB0A2C1DB06F8D880E19874E0B72
:10584800A90C79117F22E759E1DA3DC81204745492
:10585800307EB428556850BED0C431CB2AAD0FCAAB
:1058680070FF326908620024D1FBBAED4581736D7F
:10587800849FEE4AC32EC101E6254899B9B37BF946
:10588800CEBFDF7129CD6C13649B639DC04BB7A558
:10589800895FB117F4BCD346CF375E4794FAFC5BF7
:1058A80097FE5AAC3C4C0335F323B85D6A92D52178
:1058B8004451C67D3983DCAA7C7756051BA4153470
:1058C8001E1CF8522014E9BDDDE4A1E08AF1D67A65
:1058D800BBE3404F70822CECB327C0E5E485573515
:1058E800EA0CAE4123EF6B934519A521ED0E4F4EFF
:1058F8001D6592BD86B8AF8F7CEB1FCE3E30DC5F56
:105908005EC50B1AA6E139CAD5475D3DD9015AD6FD
:1059180051566C4D8B0D9A66FBCCB02D74122B2012
:10592800F0B18499DF4CCBC2347E76056DB7A931CE
:10593800D11704D714583A61DE1B111C320F9C167C
:105948005318F222FE44CFB2C3B57A912408E8A8CE
:1059580060FC6950AAD0A07DA1896297545B1E950E
:10596800E0FF64D210C40048A3F775DB8A03E6DAC7
:10597800093FDD94875C8302CD4A90337367F6F361
:105988009D7FBFE2529BD826C837C63B81966F4B96
:1059980013BE632EE979A78C9F6EBC8E29F5F9B6E4
:1059A8002FFDB4597898066AE74671BAD425AB42F8
:1059B80088A28DFA7207B955F8EEAC0A36492A68FA
:1059C8003C38F1A44028D37BBBC943C115E3ADF4EF
:1059D80077C7809E702CB3C0E457EAAE236B45A509
:1059E800ED4F1D9286AF7C1F3EDC5E0BA639D55D60
:1059F800D95A516C8B9AFBB0742BF084DFCB347678
:105A08006DA9D104143ADE11329C53F2FECFC37A49
:105A180024E86069AAA0A162541EE0641000A3757E
:105A28008AE609DD8783CD9073F69DBF52D8C8C634
:105A3800816F1363E9A79FBC29F92FB47806E77132
:105A4800D4AB888D72B9F8AC362A3CF140D3BB434D
:105A580015AD778082EC27E585350C41EF93192148
:105A68000E4E65BDB88FEBCE305FC51AE1CA473D13
:105A780001D6564D0D66CC2D1220B1994CC27E052B
:105A8800B73117D758611B1C0F16182244B2B591AD
:105A980008A8FC50D07D89975B95FFD2C448F7DBF6
:105AA80003DA3F945C024A3367F37FE29B26373B75
:105AB800964BBE2E798C6E8EF5B6FD59986A46BA0D
:105AC8002542A2FA0755EE0A496838A4287BC9C1BD
:105AD800E3F4C79EE00558D9674E81CBC90BAE6A7F
:105AE800D5185D8246DFD6278A324B42DB1C9E9C46
:105AF8003ACA257B0D715F1FF8D73E9D7C60B9BE01
:105B0800BC8B16344DC37295AB8EBA7AB302B4AD62
:105B1800A2ACD89A171A35CCF799615AE82456409E
:105B2800E1630933BF98978568FCEC0ADA6F536222
:105B3800A32E08AF28B074C2BD362238641E392C93
:105B4800A630E544FD889F65876BF4234810D15142
:105B5800C0F9D2A055A141FA4313C42FA8B63C2BD3
:105B6800C1FFC8A52089009047EFEAB71506CDB553
:105B7800127EBB290FB807049B942166E6CEEDE799
:105B88003BFE7FC5A437B14C916E8D76032DDE9612
:105B9800267DC65CD3F24F193FDC791D52EBF36DBD
:105BA8005EFB69B2F0310CD4CF8CE275A94A5784F8
:105BB80011451BF5E40E73AAF1DD59146C9254D00B
:105BC8007870E3498050A7F6779386832AC75BE904
:105BD800EE8F013DA09E667F3BCC908BB67AE8584D
:105BE8004CAA73B2C6EF372FE94F82BE54FF53A5B4
:105BF800F1D36F1C10E527FADE682D1DB05688C258
:105C0800B3E6C1FD0101010100000000010101012D
:105C18000000000001000101010100010101010073
:105C2800010100010001020308090A0B26272425A7
:105C3800171415161BFFFF1AFFFFFFFFFFFFFFFFDB
:105C4800FFFFFFFFFFFFFFFFFFFFFFFF0405060742
:105C58000C0D0E0F10111213FF1819FF1F1C1D1E1B
:105C6800FFFFFFFFFFFFFFFFFFFFFFFFFFFFFFFF3C
:105C7800FFFFFFFF000102033D3E3F3CFFFFFFFF28
:105C88001B18191A23202122FFFFFFFF08090A0BFE
:105C980010111213FFFFFFFF27242526FFFFFFFF28
:105CA8000C0D0E0F3A3B38391F1C1D1EFFFFFFFF5E
:105CB800040506074142434014151617FFFFFFFF6E
:105CC8002B28292A15161714FFFFFFFF121310118E
:105CD8000B08090A0F0C0D0E191A1B181D1E1F1C84
:105CE80012131011FFFFFFFFFFFFFFFF012345679E
:105CF80089ABCDEFFEDCBA98765432100000000074
:105D0800000000000000000000000000000000008B
:105D1800000000000000000000000000000000007B
:105D2800000000000000000000000000012345679B
:105D380089ABCDEFFEDCBA987654321000112233CD
:105D480044556677000000000000000000000000D5
:105D5800000000000000000000000000000000003B
:105D6800000000000000000000000000012345675B
:105D780089ABCDEFFEDCBA9876543210001122338D
:105D8800445566778899AABBCCDDEEFF0000000079
:105D980000000000000000000000000000000000FB
:105DA80000000000000000000000000067673138B4
:105DB800549669730857065648EABE43383C6C2A1D
:105DC800ABEF7FDE25CD470BF774A331B4993401CF
:105DD800B3E996F84EE5CEE7D79B09B9D1763FC02F
:105DE80019D77CC930BFF2A56F7C93649ACC237D08
:105DF800FF16D76C20EF7C919E3A75090503FB10BE
:105E0800AB241E7CF45D8CDEEE47433501234567E9
:105E180089ABCDEFFEDCBA98765432100000000052
:105E28000200000000000000000000000001020362
:105E38000405060708090A0B0C0D0E0F2B7E151614
:105E480028AED2A6ABF7158809CF4F3C000000005A
:105E58000000000000000000000000008E73B0F792
:105E6800DA0E6452C810F32B809079E562F8EAD212
:105E7800522C6B7B0000000000000000603DEB101E
:105E880015CA71BE2B73AEF0857D77811F352C073F
:105E98003B6108D72D9810A30914DFF41607CF49E2
:105EA8004B36BBF00DAEB0B503C831ABA2F2CF672D
:105EB8001629EF7840C5A5DFB50748870F061650A5
:105EC80008CF8B8B5A63586362543E542A4830ABD0
:105ED8005AC4A1A2405955FD2195CF935D5A869B7E
:105EE800D14CE54264F892A6DD2EC3D537D359C309
:105EF800349836D884E310ADDF68C449E6CFA35F91
:105F0800C02B134A4D2C0B6737AC3EDA36CBEB73FC
:105F1800BD504B4070B1B7DE2B21EB50E31A6055F2
:105F2800297D96CA3330CDF1B1860A836BC1BEE2B2
:105F38002E409F96E93D7E117393172AAE2D8A57FE
:105F48001E03AC9C9EB76FAC45AF8E5130C81C4643
:105F5800A35CE411E5FBC1191A0A52EF00000030F6
:105F6800000000000000000000000001006CB6DB2B
:105F7800C0543B59DA48D90B0000000100E0017B0E
:105F880027777F3F4A1786F000000001AE6852F875
:105F9800121067CC4BF7A5765577F39E7E240678CA
:105FA80017FAE0D743D6CE1F325391637691BE03DA
:105FB8005E5020A8AC6E618529F9A0DCD09DC29AFC
:105FC8008214619A20877C76DB1F0B3F000000005B
:105FD80000000000000000000000000000000000B9
:105FE800000000000000000000000000DBF3C78D87
:105FF800C08396D4DA7C907765BBCB442B8E8E0F0A
:1060080031F0DCA72C7417E35360E048000000006F
:10601800000000000000000000000000B19D1FCD3E
:10602800CB75EB882F849CE24D85CF739CE64B2B78
:106038005C9D73F14F2D5D9DCE9889CDDF5086967E
:1060480000000000000000000000000053696E67B7
:106058006C6520626C6F636B206D736700000000D5
:106068000000000000000000000000000000000028
:106078000000000000000000000000000001020312
:106088000405060708090A0B0C0D0E0F1011121350
:106098001415161718191A1B1C1D1E1F00000000C6
:1060A80000000000000000000000000000010203E2
:1060B8000405060708090A0B0C0D0E0F1011121320
:1060C8001415161718191A1B1C1D1E1F2021222310
:1060D80000000000000000000000000010000000A8
:1060E8002000000024000000404142434445464748
:1060F80048494A4B4C4D4E4F07000000080000002D
:106108000C0000000800000010000000140000004F
:106118000400000010000000180000000400000047
:1061280006000000080000007162015B4DAC255DAF
:106138000000000000000000000000000000000057
:106148000000000000000000D2A1F0E051EA5F6208
:10615800081A7792073D593D1FC64FBFACCD0000C6
:106168000000000000000000E3B201A9F5B71A7AA8
:106178009B1CEAECCD97E70B6176AAD9A4428AA5C5
:10618800484392FBC1B099511011121314151617F8
:1061980018191A1B202122232425262728292A2BCF
:1061A8002C2D2E2F3031323334353637000102038F
:1061B8000405060708090A0B0C0D0E0F101112131F
:1061C800A70D00002D2D2D2D2D424547494E20436A
:1061D800455254494649434154452D2D2D2D2D0DE9
:1061E8000A4D494944687A4343416D2B67417749D1
:1061F80042416749424144414E42676B71686B694D
:10620800473977304241515546414441374D5173E2
:1062180077435159445651514745774A4F5444455D
:10622800520D0A4D4138474131554543684D49554E
:1062380047397359584A545530777847544158422A
:10624800674E5642414D5445464276624746795517
:10625800314E4D4946526C6333516751304577484A
:1062680068634E0D0A4D5445774D6A45794D545132
:10627800304E4441775768634E4D6A45774D6A45BD
:10628800794D5451304E444177576A41374D5173D7
:1062980077435159445651514745774A4F544445DD
:1062A800524D4138470D0A4131554543684D4955CE
:1062B80047397359584A54553077784754415842AA
:1062C800674E5642414D5445464276624746795597
:1062D800314E4D4946526C633351675130457767AB
:1062E8006745694D4130470D0A4353714753496229
:1062F8003344514542415155414134494244774123
:10630800776767454B416F494241514441337A664B
:1063180038463776676C70302F687436574D6E3153
:1063280045705261677A5348780D0A6D6454733624
:10633800737438474667496C4B58736D38574C33FC
:10634800786F656D54695A687835377749303533D1
:106358007A6864634867483035375A6B2B69356308
:106368006C48467A714D7755716E790D0A35304211
:1063780077464D74456F6E494C777556412B5437A7
:106388006C7067367A2B65784B593843344B5142D9
:10639800306E466337714B55456B4848787659508F
:1063A8005A5039616C346A77716A2B386E0D0A5904
:1063B8004D50476E38753637474239742B61454D15
:1063C8007235502B31676D49674E62314C54562BEC
:1063D8002F586A6C693577774F51757666777537B8
:1063E800754A42566341304C6E306B636D6E4C0D8E
:1063F8000A5237455551494E395A2F5347396A473A
:106408007238586D6B7372557545766D45462F42D7
:10641800696279632B45316978564130686D6E4DF4
:10642800336F54445062354C6339756E38724E730D
:10643800750D0A4B4E462B416B736A6F4258794F64
:1064480047566B43656F4D626F34624636427879C2
:106458004C4F6279617670772F4C50683561506780
:106468004149796E706C5962364C5641674D4241CC
:1064780041476A0D0A675A5577675A49774441591F
:10648800445652305442415577417745422F7A411C
:106498006442674E564851344546675155744672B2
:1064A8006B70625065306C4C327564576D6C512F4F
:1064B8007250727A480D0A2F6638775977594456C0
:1064C80052306A42467777576F41557446726B70FF
:1064D800625065306C4C327564576D6C512F725038
:1064E800727A482F662B68503651394D4473784379
:1064F8007A414A42674E560D0A42415954416B351A
:106508004D4D524577447759445651514B4577681C
:106518005162327868636C4E545444455A4D426314
:10652800474131554541784D515547397359584A76
:1065380054553077675647567A0D0A64434244519A
:106548005949424144414E42676B71686B6947390A
:106558007730424151554641414F4341514541757C
:10656800503155324142556B49736C734366646CC4
:10657800633269393451484859654A0D0A53735290
:106588003445646748746463695549354936324A05
:10659800364D6F6D2B593064542F37612B38533675
:1065A8004D564D435A503643354E794E79587731CA
:1065B8004757592F5952383258544A38480D0A44C7
:1065C800424A6943546F6B3544625A36537A614F75
:1065D8004E427A645748587757776D6935766731F0
:1065E80064786E375978724D396430496A784D321B
:1065F80037574E4B7334734451685A42516B460DAA
:106608000A706A6D6673326362346F506C3459393C
:1066180054396D6554782F6C76646B52594575679B
:1066280036314A666E3663412B7148707950596429
:1066380054482B55736849546E6D70352F5A746BD6
:10664800660D0A6D2F5554534C424E464E4865739D
:1066580069545A654833314E637859476448536DD5
:1066680065394E632F67666964526130464C4F4303
:10667800665778526C4671414934377A47396A41CE
:1066880051435A0D0A375A326D4347444E4D686A92
:1066980051632B425963646E6C306C50586A644481
:1066A8004B36563071436731645665776855426397
:1066B8005735675A4B7A563765392B447056413DE2
:1066C8003D0D0A2D2D2D2D2D454E44204345525468
:1066D800494649434154452D2D2D2D2D0D0A2D2D6B
:1066E8002D2D2D424547494E204345525449464990
:1066F800434154452D2D2D2D2D0D0A4D49494468F2
:106708007A4343416D2B674177494241674942418A
:1067180044414E42676B71686B6947397730424133
:10672800517346414441374D51737743515944564B
:1067380051514745774A4F544445520D0A4D413807
:106748004741315545436777495547397359584A41
:1067580054553077784754415842674E5642414D18
:106768004D454642766247467955314E4D49465227
:106778006C63335167513045774868634E0D0A4D55
:106788005463774E5441304D5459314E7A417857BD
:1067980068634E4D6A63774E5441314D5459314EBA
:1067A8007A4178576A41374D517377435159445666
:1067B80051514745774A4F544445524D4138470D4A
:1067C8000A41315545436777495547397359584AFE
:1067D80054553077784754415842674E5642414D98
:1067E8004D454642766247467955314E4D494652A7
:1067F8006C6333516751304577676745694D413060
:10680800470D0A4353714753496233445145424146
:1068180051554141344942447741776767454B4177
:106828006F494241514441337A6638463776676C3E
:1068380070302F687436574D6E3145705261677AE3
:106848005348780D0A6D6454733673743847466735
:10685800496C4B58736D38574C33786F656D546974
:106868005A6878353777493035337A6864634867CA
:10687800483035375A6B2B6935636C48467A714D09
:106888007755716E790D0A35304277464D74456FEC
:106898006E494C777556412B54376C7067367A2B96
:1068A80065784B593843344B5142306E46633771E3
:1068B8004B55456B4848787659505A5039616C3475
:1068C8006A77716A2B386E0D0A594D50476E3875C4
:1068D8003637474239742B61454D7235502B316735
:1068E8006D49674E62314C54562B2F586A6C693586
:1068F80077774F51757666777537754A4256634193
:10690800304C6E306B636D6E4C0D0A5237455551E5
:10691800494E395A2F5347396A477238586D6B7345
:1069280072557545766D45462F42696279632B45E8
:10693800316978564130686D6E4D336F54445062FA
:10694800354C6339756E38724E73750D0A4B4E4669
:106958002B416B736A6F4258794F47566B43656F8B
:106968004D626F346246364278794C4F627961766F
:1069780070772F4C5068356150674149796E706C5B
:106988005962364C5641674D424141476A0D0A6784
:106998005A5577675A4977485159445652304F42A9
:1069A800425945464C5261354B577A33744A5339EC
:1069B800726E5670705550367A3638782F332F4DA0
:1069C800474D4741315564497752634D4671410DF2
:1069D8000A464C5261354B577A33744A5339726EB2
:1069E8005670705550367A3638782F332F6F542BAF
:1069F8006B505441374D5173774351594456515157
:106A08004745774A4F544445524D413847413155DF
:106A1800450D0A436777495547397359584A5455BC
:106A28003077784754415842674E5642414D4D455C
:106A38004642766247467955314E4D4946526C6317
:106A48003351675130474341514177444159445686
:106A58005230540D0A42415577417745422F7A41C9
:106A68004E42676B71686B694739773042415173A1
:106A78004641414F4341514541484B2F4848725484
:106A88005A4D6E6E564D70646531696F2B766F4145
:106A980074716C376A0D0A347352684C726A4437E1
:106AA8006F33544874775262446132646943767034
:106AB8007130537132334E67324C4D596F58734FA2
:106AC800786F4C2F52514B33694E37554B785633AC
:106AD8004D4B50457230770D0A5851532B6B4B5123
:106AE80071695432627366726A6E574D56485A74A9
:106AF800554F4D706D36464E716364476D2F527316
:106B08007333764B6461326C634B6C386B556E71C2
:106B18002F796C63312B5162420D0A473641367426
:106B28005576516372325A79576656672B6D4D35D3
:106B3800586B6854724F4F587573324F4C696B627B
:106B480034577745744A544A524E4530662B79502B
:106B58004F4453557A302F765435370D0A417048D3
:106B680030436E42383062594A7368594850484831
:106B7800796D4F746C654142384B535974716D3758
:106B880035672F594E6F626A6E6A4236636D3448B4
:106B98006B57334F5A5256496C366659590D0A6E1F
:106BA80032304E52564131566A73364741524F720F
:106BB800344E7157346B2F2B4C6F66593979304CE2
:106BC8004C44452B70306F49454B5849734976689A
:106BD8005072333973777853413D3D0D0A2D2D2D71
:106BE8002D2D454E4420434552544946494341546E
:106BF800452D2D2D2D2D0D0A2D2D2D2D2D424547A1
:106C0800494E2043455254494649434154452D2D48
:106C18002D2D2D0D0A4D494943556A43434164655D
:106C280067417749424167494A414D4644346E3588
:106C38006951387A6F4D416F4743437147534D341B
:106C48003942414D434D443478437A414A42674E74
:106C580056424159540D0A416B354D4D52457744C2
:106C68007759445651514B45776851623278686379
:106C78006C4E54544445634D426F4741315545412C
:106C8800784D545547397359584A7A63327767565D
:106C980047567A644342460D0A5179424451544159
:106CA80065467730784D7A41354D6A51784E545162
:106CB800354E446861467730794D7A41354D6A4999
:106CC800784E5451354E4468614D443478437A4186
:106CD8004A42674E56424159540D0A416B354D4D53
:106CE800524577447759445651514B45776851621C
:106CF800327868636C4E54544445634D426F474143
:106D080031554541784D545547397359584A7A6336
:106D18003277675647567A644342460D0A5179429C
:106D280044515442324D42414742797147534D34A0
:106D380039416745474253754242414169413249A9
:106D480041424D50614B7A52424E3167766831620A
:106D58002B2F496D364B554E4C547542750D0A779D
:106D6800773558557A4D35574E5253744A47564FD2
:106D780051736A333138584A474A492F4271564B42
:106D88006334734C59664369464B4172395A717181
:106D9800794864754E4D63626C6934797569790D0B
:106DA8000A6159377A516130707737526664616485
:106DB800486239555A4B5656706D6C4D37494C528E
:106DC8006D466D417A48714F426F4443426E54415B
:106DD8006442674E5648513445466751556E5730A0
:106DE800670D0A4A456B425079764C654C555A7680
:106DF80048346B796476374E6E77776267594456B4
:106E080052306A424763775A5941556E5730674A3C
:106E1800456B425079764C654C555A7648346B79B7
:106E28006476370D0A4E6E7968517152414D44347B
:106E380078437A414A42674E5642415954416B352C
:106E48004D4D524577447759445651514B457768D3
:106E58005162327868636C4E54544445634D426FB6
:106E680047413155450D0A41784D545547397359B5
:106E7800584A7A633277675647567A64434246518E
:106E88007942445159494A414D4644346E35695115
:106E9800387A6F4D41774741315564457751464DB2
:106EA800414D42416638770D0A436759494B6F5A3D
:106EB800497A6A304541774944615141775A67496F
:106EC80078414D4F30596E4E574B4A554166586779
:106ED800534A744A7865786E346970672B6B7634D8
:106EE8007A6E755235307635360D0A743464305002
:106EF80043753431326D5543364E6E6437697A7650
:106F08007445324D6749784150316E6E4A516A5A1C
:106F1800384257756B737A4651444734387778430B
:106F28004379636939717064534D760D0A75436A04
:106F38006E387077554F6B4142584B384D737339E3
:106F480030667A436643454F7449413D3D0D0A2DED
:106F58002D2D2D2D454E4420434552544946494335
:106F68004154452D2D2D2D2D0D0A0000AB06000096
:106F78002D2D2D2D2D424547494E2052534120504D
:106F8800524956415445204B45592D2D2D2D2D0D37
:106F98000A4D4949457041494241414B4341514598
:106FA80041794854457A4C6E3574586E7052646B0A
:106FB80055594C423975355079617836664D3630B9
:106FC8004E6A346F38566D586C3345545A7A476157
:106FD800460D0A423958344A37424B4E64426A6E6B
:106FE8006770754737666138483672376777516B0F
:106FF800345A4A4744547A71437253562F5575315F
:107008004339334B59526854594A516A3665565375
:107018004844310D0A626B327931525044306872FB
:1070280074356B507151685472644F724137522FE6
:10703800555630367038366A74307544424D484576
:10704800774D6A4456302F594930465A50526F3757
:1070580079582F6B390D0A5A3547494D43354373D3
:107068007439392B2B554D642F2F734D6342346A75
:10707800372F4366387174624348576A646D4C61B0
:107088006F3576344A76344546624D733434544607
:10709800655930424762480D0A37766B32446D7144
:1070A8005639676D61426D66305A58483479715364
:1070B800784A65442B50497331424765363445391F
:1070C800326866782F2F445A7274656E4E4C514E52
:1070D8006954724D39414D2B760D0A6471427056D0
:1070E8006F4E7130716A553531427835725532427A
:1070F80058634662587649354D5439544E55685848
:1071080077494441514142416F49424147644E7475
:1071180066594469617036627A73740D0A796843F6
:107128006949386D39547472685A77344D69736196
:1071380045614E2F6C6C3358536A614F4732647601
:107148005636784D5A434D562B3554655844484F5A
:10715800415A6E59313859693138767A7A0D0A347C
:10716800557432546E4E467A697A434543594E6196
:107178004132665354335767496E6E78556B5633B0
:10718800595841795036434E784A61436D76326199
:107198004130794672326B46565365614B47740DE0
:1071A8000A796D766C6A4E70324E566B766D37542E
:1071B8006838664251424F3749374158687A343304
:1071C8006B306D5237586D50676577653841705A26
:1071D8004F47336873746B4F614D766257417657EA
:1071E800410D0A7A435A757064446A5A596A4F4A7B
:1071F800716C41346545413448382F773746383308
:107208007235437567654245384C674552456A4C47
:10721800506979656A725535483166756245592BEA
:107228006830640D0A6C35485A424A3638796254D7
:107238005866513555396F2F514B4133646430745A
:107248006F4245686864525544477A57746A76773E
:107258006B455166714631726547576A2F746F6482
:107268002F674370660D0A444669365830454367B0
:1072780059454134774F762F706A534333747936C2
:1072880054754F764B5832724F556942724C585864
:1072980076324A53785A6E4D6F4D69574935697041
:1072A8004C51742B5259540D0A565061664C2F6D2F
:1072B80037446E364D62776A61794F6B635A68421C
:1072C800776B35434E7A35413651346C4A36344DF6
:1072D800712F6C71487A6E52435151324D63314768
:1072E80038657944462F66594C0D0A5A6532704CF8
:1072F800767750395644356A5463326D69446677F7
:107308002B4D6E764A68797752524C63656D4446C8
:1073180050386B34685156746D38504D70335A6D0F
:107328004E45436759454134677A370D0A777A4F96
:10733800625234676E386962653631377551505A12
:107348006A577A556A3964554859642B696E3167AA
:107358007742434972744E6E61526E394939552FDE
:10736800513674656752597069693479730D0A63C7
:107378003137364E6D552B756D7936586D75534BC3
:1073880056357144396253705A5747326E4C466EBF
:10739800736C724E31354C6D3366685A786F654D33
:1073A8004E6842614544546E4C543236796F690DCB
:1073B8000A33336770306D5353577939345A4571EE
:1073C80069706D732B554C46367359315A7446574C
:1073D80036747047466F7938436759415148686E2B
:1073E8006E764A666C4973326B7934713130423645
:1073F800300D0A5A6378467033727444706B70307B
:107408004A7868464C6869697A4672756A4D745A52
:10741800536A594E6D3555374B6B67505648684C13
:10742800454C455576436D4F6E4B54743461702FFF
:10743800765A300D0A42784A4E6531475A483370B9
:107448005736534176474451706C397347377575D1
:107458002F765446502B6C4378756B6D7A78423092
:107468004472724463766F72456B4B4D6F6D375A39
:1074780043435276570D0A4B5A735A365965483268
:107488005A3831426175526A3231386B514B426712
:10749800514355562F44674B503239383578445448
:1074A8005437394E30386A556F33685450354D5615
:1074B800594343756A2F2B0D0A5565457731547624
:1074C8005A6378334C4A627937503658616436616A
:1074D800312F42717665614779464B496645464981
:1074E8006142554249746B38303173444470446189
:1074F800596334674C303058630D0A376C4675420F
:10750800484F5A6B784A596C737335517247707586
:107518004F456C395A775574354972464C4264590F
:10752800614B714E487A4E56433170435066622F14
:107538004A794836447232485578710D0A67785549
:107548007741514B4267514363553647324C384176
:1075580047396439633055704F794C31744D7646EC
:107568006535547477304B6A6C5156647368314D85
:107578005036796967596F3944597577750D0A62BC
:107588004846565732723064425471656750322FFC
:107598004B544F784B7A6148664331716630524795
:1075A8004473556F4A434E4A72643163776F434C54
:1075B8004738503245463477334F42724B71760D17
:1075C8000A38753479745930462B566C616E6A35B1
:1075D8006C6D3354616F48535646312B4E57507972
:1075E8004F5469776576494543474B775378766CAE
:1075F8006B6934664441413D3D0D0A2D2D2D2D2DDD
:10760800454E44205253412050524956415445203A
:107618004B45592D2D2D2D2D0D0A00001705000065
:107628002D2D2D2D2D424547494E20434552544975
:107638004649434154452D2D2D2D2D0D0A4D4949BF
:107648004468544343416D32674177494241674931
:10765800424244414E42676B71686B6947397730E3
:107668004241517346414441374D51737743515913
:10767800445651514745774A4F544445520D0A4D97
:10768800413847413155454367774955473973591B
:10769800584A54553077784754415842674E5642B5
:1076A800414D4D454642766247467955314E4D49E2
:1076B80046526C63335167513045774868634E0DC5
:1076C8000A4D5463774E5441314D544D774E7A5597
:1076D800355768634E4D6A63774E5441324D544D69
:1076E800774E7A5535576A41384D5173774351591A
:1076F800445651514745774A4F544445524D4138B5
:10770800470D0A41315545436777495547397359FC
:10771800584A5455307778476A415942674E56421D
:10772800414D4D455642766247467955314E4D4951
:10773800454E7361575675644341794D49494249ED
:107748006A414E0D0A42676B71686B694739773039
:10775800424151454641414F43415138414D4949C4
:107768004243674B4341514541794854457A4C6EF1
:107778003574586E7052646B55594C423975355092
:1077880079617836660D0A4D36304E6A346F385650
:107798006D586C3345545A7A476146423958344AD1
:1077A80037424B4E64426A6E677075473766613878
:1077B800483672376777516B345A4A4744547A715E
:1077C800437253562F55750D0A314339334B59526D
:1077D8006854594A516A36655653484431626B3287
:1077E800793152504430687274356B507151685415
:1077F80072644F724137522F555630367038366A98
:1078080074307544424D4845770D0A4D6A445630E8
:107818002F594930465A50526F3779582F6B395A79
:107828003547494D433543737439392B2B554D64CE
:107838002F2F734D6342346A372F43663871746251
:107848004348576A646D4C616F35760D0A344A7641
:10785800344546624D733434544665593042476264
:107868004837766B32446D715639676D61426D6683
:10787800305A584834797153784A65442B504973C3
:107888003142476536344539326866782F0D0A2FFC
:10789800445A7274656E4E4C514E6954724D39415A
:1078A8004D2B7664714270566F4E7130716A553542
:1078B80031427835725532425863466258764935B6
:1078C8004D5439544E556858774944415141420DF9
:1078D8000A6F3447534D4947504D4230474131555F
:1078E8006444675157424252786F51427A636B4100
:1078F8007656485A654D2F78536A377A78335774D5
:10790800474954426A42674E5648534D4558444287
:10791800610D0A674253305775536C7339375355A5
:1079280076613531616156442B732B764D66392F5C
:1079380036452F704430774F7A454C4D416B47415F
:1079480031554542684D43546B7778455441504210
:10795800674E560D0A42416F4D434642766247468E
:107968007955314E4D4D526B7746775944565151A2
:10797800444442425162327868636C4E54544342E4
:10798800555A584E3049454E42676745414D416BFF
:1079980047413155640D0A457751434D414177447C
:1079A80051594A4B6F5A496876634E4151454C428A
:1079B80051414467674542414337794F3738364E1E
:1079C800766348704B38556F764B49473963423375
:1079D800326F5351516F6D0D0A4C6F5230654844E8
:1079E800527A6471456B6F713779475A75664846A4
:1079F800695241417A624D714A666F675274786C78
:107A0800725741654234792F6A47614D4256323583
:107A18004962464F49634832570D0A694345614DEB
:107A28004D62472B56514C4B4E76754336336B6D32
:107A3800772F5A6577633954684D365061314863FA
:107A480079306178543066616631422F5530316A39
:107A580030464963772F366D54664B0D0A443877A4
:107A680034384F497763317972304A7475744356A4
:107A78006A696735444330797A6E474D74333252B8
:107A88007973654F4C6355652B6C6671303035766C
:107A980032504169436F7A7235583872450D0A6F12
:107AA80066475A70694D324E715250655067597920
:107AB8002B566337355A6B3238786B525171316EA9
:107AC8006370726751623353347654735A645363E4
:107AD800704D39684C662B654D6C7267716C6A0D18
:107AE8000A6335504C536B5842654C45352B6665D7
:107AF800646B796654614C7878516C674370756F24
:107B08004F684B426D30342F523170574E7A55487A
:107B1800797161676A4F39513D0D0A2D2D2D2D2D33
:107B2800454E442043455254494649434154452D06
:107B38002D2D2D2D0D0A0000AB0600002D2D2D2D0D
:107B48002D424547494E20525341205052495641F3
:107B58005445204B45592D2D2D2D2D0D0A4D4949A4
:107B6800457041494241414B434151454177553266
:107B78006A3365664E4864454531306C79754A6D9F
:107B880073446E6A6B4F6A784B7A7A6F54467442C4
:107B980061354D326A4149696E376835720D0A6C34
:107BA800716453744A44764C584A36506953612F6D
:107BB8004C593072435431642B416D5A497963737F
:107BC8004368396F6472716A4F624A484A61382F54
:107BD80073454555724D32314B5036346246320D3D
:107BE8000A324A44425962526D556A61694A6C4F79
:107BF80071713352654233305A6774737132422B54
:107C080067325130634C556C6D3931736C63306237
:107C18006F4334705061517931414A4468326F4939
:107C2800510D0A5A6E32755643754C5A586D526F3B
:107C3800654A687738314153516A7561417A786984
:107C480034625352722F51754B6F524178352F560B
:107C5800716761486B515944772B466939714C52A9
:107C68004637690D0A474D5A694C38646D6A667023
:107C7800643248337A4A346B7041635751446A38E6
:107C88006E38544449536737763174374878796485
:107C9800727877553965735143504A6F6450672F2E
:107CA8006F4E4A68620D0A79334E4C5570625945D9
:107CB800614973674968704F567254443744655731
:107CC800533852782F6671456745776C7749444138
:107CD800514142416F49424151435852305338450E
:107CE800494846474F525A0D0A2B2B41744F673665
:107CF80065454E78442B7856733066314965477A26
:107D08003537546A6F33516E58583756425A4E6455
:107D18006A2B70314543766843452F4737586E6B59
:107D2800675535684C5A582B470D0A5A306A6B7A92
:107D38002F74714A4F4930765253644C42626970CD
:107D4800486E576F7579425134652F413179494AE8
:107D5800646C42747158784A314B452F6974754880
:107D680052624E63346A346B4C385A0D0A2F72369D
:107D78007076776E54493050537832457173303489
:107D88003859645339324C543671417634666C62D2
:107D98004E44784D6E327559377334796353345184
:107DA8003877314A586E436561416E596D0D0A57EF
:107DB80059493577784F2B627652454C52324D638C
:107DC8007A35446D566E4C386A52796D6C366C361D
:107DD800353832625376356F756652654649627931
:107DE800505A6251576C5867596E70753648650D10
:107DF8000A4754633745317A4B595147472F392B36
:107E08004451556C2F3176517543507151776E79C5
:107E18003074516F5832773574645970644D6456B4
:107E28006D2B7A6B4C7462616A7A645476694A4A3B
:107E3800610D0A54577A4C366C7435416F4742418C
:107E48004E38362B5356654A44636D514A6376342F
:107E580045713655687452723451474D69514D7A9F
:107E680030536F64366574745978597A4D677874ED
:107E78007732380D0A43497267706F7A43632B551E
:107E8800615A4A4C6F375578764336616E38357289
:107E98003162326E4B50434C51466167674A3048F5
:107EA8003451304A2F735A4F68424958616F427AA9
:107EB800577876654B0D0A6E757063654B64567816
:107EC8004773466938434479383644426669794687
:107ED800697666426A2B3437426261517A50426A47
:107EE800374334724B37556C4C6A61623272444185
:107EF8006F4742414E32750D0A414D326763686FD4
:107F080046697534763148464C3844376C77654550
:107F18007069365A6E4D4A6A6E45752F64456747D3
:107F2800514A466A7764704C6E5062736A3463379C
:107F3800356F645134477A38670D0A7377396C6145
:107F48006F3956567A6275736F52452F4A474934CE
:107F58006154644F307041545879473765473151FF
:107F6800752B355963315947586343726C694132EF
:107F7800784D3978782B6437662B730D0A6D507AF3
:107F88004E2B5749456735474A44595A446A417AFE
:107F9800484735424E76692F46664D314339644F1E
:107FA800746A763264416F4741463074354B6D7759
:107FB800626A574842686356714F3449630D0A42F2
:107FC80056764E3342496C6331756532595258457D
:107FD800446C785935623072384E345863654D6751
:107FE8004B6D5731384F4841705A78666C38755028
:107FF800446175575A4C584F676C34756570760DE7
:108008000A77685A43334575577253797949434E0D
:10801800684C5932314168376862494542504633A5
:108028004C335A734F77432B5545724C2B64585732
:108038004C644235364A677933675A614265573727
:10804800620D0A764472456E6F634A6271436D37FA
:1080580049756B6858484F424B38436759454177D3
:1080680071644842306871794E537A494F4759379D
:10807800763961627A42367055644133425A6951A1
:108088007645730D0A334C6A4856643448504A3270
:1080980078304E384367724249574F453071382B14
:1080A8003068534D6D6545393657572F376A443315
:1080B800665057774352357A6C586B6E78425173D5
:1080C80066763067500D0A3342433550523051645A
:1080D80079707A2B642B397A664D663632356B792E
:1080E800697434542F687A77684476655A557A48A3
:1080F8006E6B3143662B494737512B544F456E4CB5
:108108006E5741574245440D0A49534F576D7255B2
:108118004367594146456D5278677741632F752B00
:10812800443674307379437741596836504F7473C5
:10813800637139593069394779576B38394E7A67DD
:1081480043344E6477776242480D0A344167616868
:108158004F78497858783267784A6E713379666B08
:108168004A66496A7766307332447950306B5932BF
:1081780079365561314F656F6D506559396D724962
:1081880053347443754451364C72450D0A54423683
:108198006C3956476F784A4C346679486E5A62385B
:1081A8004C356747766E423162624438634C3659C3
:1081B800506144694F686352736543397642694533
:1081C8007556673D3D0D0A2D2D2D2D2D454E44200C
:1081D8005253412050524956415445204B45592D40
:1081E8002D2D2D2D0D0A0000AD0400002D2D2D2D57
:1081F8002D424547494E204345525449464943413B
:1082080054452D2D2D2D2D0D0A4D4949444E7A43A7
:108218004341682B674177494241674942416A4176
:108228004E42676B71686B694739773042415155E7
:1082380046414441374D5173774351594456515142
:108248004745774A4F544445520D0A4D41384741F6
:1082580031554543684D495547397359584A54551E
:108268003077784754415842674E5642414D5445FD
:108278004642766247467955314E4D4946526C63BF
:10828800335167513045774868634E0D0A4D544560
:10829800774D6A45794D5451304E444132576863A1
:1082A8004E4D6A45774D6A45794D5451304E44419B
:1082B80032576A41304D51737743515944565151A1
:1082C8004745774A4F544445524D4138470D0A4176
:1082D80031554543684D495547397359584A54559E
:1082E800307778456A415142674E5642414D544372
:1082F800577876593246736147397A644443434123
:108308005349774451594A4B6F5A496876634E0D21
:108318000A415145424251414467674550414443EF
:108328004341516F4367674542414D464E6F39336C
:108338006E7A523352424E644A6372695A724135B8
:108348003435446F3853733836457862515775540D
:108358004E0D0A6F774349702B34656135616E5550
:1083680072535137793179656A346B6D7679324E4B
:108378004B776B395866674A6D534D6E4C416F6643
:10838800614861366F7A6D79527957765037424233
:10839800464B7A0D0A4E74536A2B75477864746994
:1083A80051775747305A6C49326F695A5471717412
:1083B800305867643947594C624B7467666F4E6B27
:1083C8004E4843314A5A7664624A584E4736417598
:1083D8004B54326B4D0D0A7451435134647143450B
:1083E800475A39726C5172693256356B614869590E
:1083F80063504E51456B49376D674D385975473055
:108408006B612F304C697145514D656631616F471D
:10841800683545474138500D0A68597661693052C8
:108428006534686A4759692F485A6F333658646803
:10843800393879654A4B5148466B41342F4A2F45A4
:108448007779456F4F373962657838636E6138637D
:108458004650587245416A79610D0A48543450367D
:108468004453595738747A53314B57324247694C01
:1084780049434961546C6130772B77336C6B76458F
:10848800636633366849424D4A6343417745414103
:10849800614E4E4D457377435159440D0A5652303B
:1084A80054424149774144416442674E56485134E9
:1084B80045466751557051586F5A4C6A633332417B
:1084C8005055424A4E594B686B7230324C51354DBB
:1084D80077487759445652306A424267770D0A46C0
:1084E8006F41557446726B70625065306C4C3275D2
:1084F80064576D6C512F7250727A482F66387744E2
:1085080051594A4B6F5A496876634E415145464224
:1085180051414467674542414A786E58436C590D4A
:108528000A6F486B62703730637142727347584CF8
:108538007962413734637A624F3552644C456746F5
:1085480073377248565339722B633239336C75530B
:108558002F4B646C694C53635A71417A5956796C44
:10856800770D0A55665257764B4D6F576848594BE9
:10857800703364454953347854586B362F357A58DC
:108588007868763952773853476338716E3676494A
:1085980054486B3153316D50657674656B67617300
:1085A8005935590D0A695751754D33683459566C08
:1085B8005248334848454D414431546E41657866C8
:1085C80058484844465147652B4264316941627AAC
:1085D800312F73483948386C345374775836656787
:1085E80076544B334D0D0A775852776B4B6B766A3E
:1085F8004B61454441394154625A78306D49384C91
:10860800477378537543716539723964796A6D7443
:10861800746434374A31703152756C7A33434C7A0A
:10862800615263564975530D0A5252516661443876
:108638006E654D396331532F694A2F616D545671F8
:108648004A7841314B4F644F53353738305768506B
:1086580066534172412B673471416D536A656C638F
:108668003370347757706861380D0A7A68755977AE
:108678006A567558364A484730633D0D0A2D2D2DE8
:108688002D2D454E442043455254494649434154B3
:10869800452D2D2D2D2D0D0A000000000C00000089
:1086A800506F6C617253534C546573740000000032
:1086B800F60600002D2D2D2D2D424547494E2052FE
:1086C80053412050524956415445204B45592D2D70
:1086D8002D2D2D0D0A50726F632D547970653A2037
:1086E800342C454E435259505445440D0A44454B89
:1086F8002D496E666F3A204445532D454445332D28
:108708004342432C413841393542303544354237AC
:10871800323036420D0A0D0A3951643947654172C3
:10872800656A6C3147445668326C4C5631624874FD
:108738003063507466626835682F357A56704156D2
:10874800614670717453504D72456C703530526E7D
:10875800746E3965742B4A410D0A37564F79626F2A
:10876800522B497932742F48553457764136383769
:108778006B33427070653947774B486A4868746C48
:108788002F2F3878464B775A7233586235794F35E0
:108798004A5550384155637451710D0A4E62384339
:1087A8004C6C5A797555432B3532524541417468A2
:1087B80064576773582B37644A4F347961627A5526
:1087C800635132325470394A53443068694C3433F7
:1087D800426C6B5759554E4B3364416F0D0A505AD2
:1087E8006C6D6970746A6E7A56546A67314D787325
:1087F800425379645A696E574F4C4256382F4A5142
:10880800677853506F3279443475456669673238F2
:108818007162765132774E496E30706E41620D0A40
:1088280047786E53414F617A6B6F6E67454766763E
:10883800636A4949732B4C5A4E39675846687863BE
:108848004F68366B6334512F633939423751574576
:1088580054774C4C6B59675A2B7A316139565939D0
:108868000D0A67455537437743785943442B683990
:1088780068593646506D734B302F6C43344F37610F
:1088880065524B7059713030725050787336693771
:108898007068696578673661783679544D6D4172CC
:1088A80051710D0A516D4B335441734A6D38562F2F
:1088B8004A354157704C4556366A414667524779A2
:1088C8006D4747486E6F663044587A56575A696400
:1088D80072635A4A57544E7547455839306E423379
:1088E800656532770D0A50584A4546574B6F4433F1
:1088F8004B33614663534C64485972336D4C477827
:108908005037483954685161693956737963785AD0
:108918004B53356B7776424B512F2F594D726D461D
:108928006677506B38780D0A76546559344B5A4D32
:10893800615572766545656C3574575A43393452BA
:10894800534D4B67785236637945316E42587954A6
:10895800516E444F476266704E4E67424B78794B72
:1089680062494E576F4F4A550D0A574A5A41776C1C
:1089780073516E2B517A434477707269372B735653
:10898800316D53336742453655593761516D6E6DB8
:1089980069696143325633486270687863742F6539
:1089A8006E35517366444F7431580D0A4A637A53D1
:1089B800667052574C6C62507A6E5A67384F5168DD
:1089C8002F5667434D4135384E35446A4F7A5449DE
:1089D8004B37734A4A35722B39345A4254437067BD
:1089E800414D624635383866304E54520D0A4B4375
:1089F8006534797278474A52375830324D346E763A
:108A0800443449774F6C707351387851785A744FA1
:108A180053675876344C6B7876645539584A4A4BC4
:108A2800575A2F584E4B4A65577A747853650D0A32
:108A38005A3176645463325966734442413253451D
:108A4800763333767848783267317671747738536D
:108A58006A44525432526151535330517553614DE7
:108A68004A696D644F58366D544F43424B6B314AD7
:108A78000D0A3951356D58547245522B2F4C6E4B97
:108A8800306A456D58734258574135627171565A6C
:108A9800497961685853783456595A376C37772F63
:108AA80050486955447444677952684D4D4B693450
:108AB8006E320D0A6951765163575351546A727078
:108AC8006E6C4A626361312F446B7052743359770C
:108AD80072764A776471623861735A553256724EAB
:108AE8004554683578305156656644524C46695647
:108AF8007069662F0D0A7455616541652F503146BE
:108B0800384F6B53374F495A447331535562762F58
:108B1800734432764D62684E6B556F436D73332FD5
:108B280050764E74646E76674C3446307A68614489
:108B3800704B436D6C540D0A50387678343945378C
:108B480076354379524E6D4544397A5A67346F33D6
:108B5800776D4D7172514F39335074547567334581
:108B680075396F5678317A50514D314E564D79429C
:108B780061322B663239444C0D0A316E75544365A7
:108B880058646F392B6E69343578782B6A414934CB
:108B9800444377725264684A39757A5A7943363948
:108BA80036324833374836442B356E614E76436C3F
:108BB80046523173366C693147620D0A6E71506FD7
:108BC80069792F4F4273457839436144476371513E
:108BD800427035576D652F3358572B367A314953C4
:108BE8004F782B6967774E5456435431346D486437
:108BF800424D6279613065494B6674350D0A582BD0
:108C0800476E777467454D79435979795775556338
:108C180074386734527A45726359392B7957394F0A
:108C28006D35487A7078347A4F7557344E505A6794
:108C3800504454674B2B743252534C2F59710D0AC0
:108C48007245316E6A726765475963566547336680
:108C58002B4F6674483473366650627137743141ED
:108C6800355A67557363624C4D42717239744B2B98
:108C78004F717967523445674B4250734836437A8F
:108C88000D0A4C367A6C762F32525630714148763E
:108C98005675444A6349444967775935724A744955
:108CA8004E456D333272684F65464E4A775A533592
:108CB8004D4E494331637A585A78352F2F75675886
:108CC800376C0D0A49347379356E62566877536A82
:108CD80074416B38586735645A6264545A366D4922
:108CE8007262377871482B6664616B5A6F72316BA8
:108CF8006847376243327549776962443363536C16
:108D080032586B520D0A774E34386C736C62486E69
:108D1800717161677236586D316E4E4F53566C38AB
:108D2800432F366B624A45734D704C6841657A66CD
:108D380052744777764F75636F61452B5762655557
:108D48004E6F6C4764650D0A502F65516964645312
:108D5800663062726E70694C4A526837715A726C2A
:108D68003958757159647055716E6F45644D416617
:108D78006F74444F4944384F7456376774386134B8
:108D880038616438565057320D0A2D2D2D2D2D453A
:108D98004E44205253412050524956415445204B8D
:108DA80045592D2D2D2D2D0D0A0000002D2D2D2D71
:108DB8002D424547494E204345525449464943416F
:108DC80054452D2D2D2D2D0D0A4D494944687A43C2
:108DD80043416D2B674177494241674942414441CC
:108DE8004E42676B71686B6947397730424151551C
:108DF80046414441374D5173774351594456515177
:108E08004745774A4F544445520D0A4D413847412A
:108E180031554543684D495547397359584A545552
:108E28003077784754415842674E5642414D544531
:108E38004642766247467955314E4D4946526C63F3
:108E4800335167513045774868634E0D0A4D544594
:108E5800774D6A45794D5451304E44417757686390
:108E68004E4D6A45774D6A45794D5451304E4441CF
:108E780077576A41374D5173774351594456515189
:108E88004745774A4F544445524D4138470D0A41AA
:108E980031554543684D495547397359584A5455D2
:108EA8003077784754415842674E5642414D5445B1
:108EB8004642766247467955314E4D4946526C6373
:108EC80033516751304577676745694D4130470DE4
:108ED8000A435371475349623344514542415155FE
:108EE8004141344942447741776767454B416F496F
:108EF8004241514441337A6638463776676C703060
:108F08002F687436574D6E3145705261677A5348F1
:108F1800780D0A6D64547336737438474667496C24
:108F28004B58736D38574C33786F656D54695A6870
:108F380078353777493035337A686463486748301D
:108F480035375A6B2B6935636C48467A714D7755BE
:108F5800716E790D0A35304277464D74456F6E490A
:108F68004C777556412B54376C7067367A2B657879
:108F78004B593843344B5142306E466337714B5529
:108F8800456B4848787659505A5039616C346A773D
:108F9800716A2B386E0D0A594D50476E3875363741
:108FA800474239742B61454D7235502B31676D49F5
:108FB800674E62314C54562B2F586A6C6935777757
:108FC8004F51757666777537754A42566341304C0E
:108FD8006E306B636D6E4C0D0A5237455551494ED4
:108FE800395A2F5347396A477238586D6B7372551F
:108FF8007545766D45462F42696279632B4531691F
:1090080078564130686D6E4D336F54445062354C1C
:109018006339756E38724E73750D0A4B4E462B4187
:109028006B736A6F4258794F47566B43656F4D6251
:109038006F346246364278794C4F62796176707740
:109048002F4C5068356150674149796E706C596290
:10905800364C5641674D424141476A0D0A675A5599
:1090680077675A49774441594456523054424155DA
:1090780077417745422F7A416442674E56485134CA
:1090880045466751557446726B70625065306C4C3A
:10909800327564576D6C512F7250727A480D0A2FD1
:1090A800663877597759445652306A424677775727
:1090B8006F41557446726B70625065306C4C3275F6
:1090C80064576D6C512F7250727A482F662B685016
:1090D8003651394D447378437A414A42674E560DAA
:1090E8000A42415954416B354D4D524577447759A1
:1090F800445651514B4577685162327868636C4EDB
:10910800545444455A4D4263474131554541784D81
:10911800515547397359584A545530776756475609
:109128007A0D0A64434244515949424144414E42EE
:10913800676B71686B6947397730424151554641D1
:10914800414F434151454175503155324142556B6C
:1091580049736C734366646C6332693934514848A7
:1091680059654A0D0A5373523445646748746463F9
:10917800695549354936324A364D6F6D2B59306439
:10918800542F37612B3853364D564D435A5036437A
:10919800354E794E795877314757592F59523832C9
:1091A80058544A38480D0A44424A6943546F6B354B
:1091B80044625A36537A614F4E427A645748587718
:1091C80057776D693576673164786E375978724D9F
:1091D800396430496A784D3237574E4B733473448B
:1091E80051685A42516B460D0A706A6D6673326354
:1091F80062346F506C34593954396D6554782F6C1A
:1092080076646B525945756736314A666E366341E6
:109218002B7148707950596454482B5573684954D8
:109228006E6D70352F5A746B660D0A6D2F55545339
:109238004C424E464E48657369545A654833314E20
:10924800637859476448536D65394E632F6766697B
:1092580064526130464C4F43665778526C467141B0
:109268004934377A47396A4151435A0D0A375A32D5
:109278006D4347444E4D686A51632B425963646E8F
:109288006C306C50586A64444B36563071436731C1
:1092980064566577685542635735675A4B7A56372F
:1092A80065392B447056413D3D0D0A2D2D2D2D2D30
:1092B800454E442043455254494649434154452D5F
:1092C8002D2D2D2D0D0A00002D2D2D2D2D4245471C
:1092D800494E2043455254494649434154452D2D52
:1092E8002D2D2D0D0A4D494944687A4343416D2B74
:1092F8006741774942416749424144414E42676B61
:1093080071686B694739773042415173464144412E
:10931800374D517377435159445651514745774A10
:109328004F544445520D0A4D413847413155454344
:109338006777495547397359584A545530777847AC
:1093480054415842674E5642414D4D454642766219
:1093580047467955314E4D4946526C6333516751F2
:109368003045774868634E0D0A4D5463774E544133
:10937800304D5459314E7A41785768634E4D6A637F
:10938800774E5441314D5459314E7A4178576A419C
:10939800374D517377435159445651514745774A90
:1093A8004F544445524D4138470D0A4131554543C4
:1093B8006777495547397359584A5455307778472C
:1093C80054415842674E5642414D4D454642766299
:1093D80047467955314E4D4946526C633351675172
:1093E800304577676745694D4130470D0A435371EA
:1093F80047534962334451454241515541413449EB
:1094080042447741776767454B416F494241514430
:1094180041337A6638463776676C70302F68743611
:10942800574D6E3145705261677A5348780D0A6D11
:1094380064547336737438474667496C4B58736D78
:1094480038574C33786F656D54695A687835377773
:10945800493035337A6864634867483035375A6B22
:109468002B6935636C48467A714D7755716E790D65
:109478000A35304277464D74456F6E494C777556BC
:10948800412B54376C7067367A2B65784B593843C3
:10949800344B5142306E466337714B55456B4848E3
:1094A800787659505A5039616C346A77716A2B381A
:1094B8006E0D0A594D50476E387536374742397424
:1094C8002B61454D7235502B31676D49674E6231BE
:1094D8004C54562B2F586A6C693577774F517576EF
:1094E80066777537754A42566341304C6E306B6308
:1094F8006D6E4C0D0A5237455551494E395A2F5306
:1095080047396A477238586D6B7372557545766D71
:1095180045462F42696279632B4531697856413057
:10952800686D6E4D336F54445062354C6339756EB7
:1095380038724E73750D0A4B4E462B416B736A6F2A
:109548004258794F47566B43656F4D626F34624698
:10955800364278794C4F6279617670772F4C506833
:10956800356150674149796E706C5962364C564185
:10957800674D424141476A0D0A675A5577675A490C
:1095880077485159445652304F42425945464C52F9
:1095980061354B577A33744A5339726E5670705529
:1095A80050367A3638782F332F4D474D474131554D
:1095B80064497752634D4671410D0A464C526135F4
:1095C8004B577A33744A5339726E56707055503609
:1095D8007A3638782F332F6F542B6B505441374DD0
:1095E800517377435159445651514745774A4F541F
:1095F8004445524D413847413155450D0A43677737
:10960800495547397359584A545530777847544122
:109618005842674E5642414D4D454642766247464E
:109628007955314E4D4946526C6333516751304735
:10963800434151417744415944565230540D0A42EE
:10964800415577417745422F7A414E42676B7168A1
:109658006B6947397730424151734641414F434125
:10966800514541484B2F484872545A4D6E6E564DDD
:1096780070646531696F2B766F4174716C376A0D50
:109688000A347352684C726A44376F33544874779B
:109698005262446132646943767071305371323377
:1096A8004E67324C4D596F58734F786F4C2F52514B
:1096B8004B33694E37554B7856334D4B50457230C6
:1096C800770D0A5851532B6B4B51716954326273A1
:1096D80066726A6E574D56485A74554F4D706D36BE
:1096E800464E716364476D2F52737333764B6461D2
:1096F800326C634B6C386B556E712F796C63312B00
:109708005162420D0A4736413674557651637232BA
:109718005A79576656672B6D4D35586B6854724F9A
:109728004F587573324F4C696B6234577745744A9A
:10973800544A524E4530662B79504F4453557A302F
:109748002F765435370D0A41704830436E42383011
:1097580062594A73685948504848796D4F746C6526
:109768004142384B535974716D3735672F594E6FD5
:10977800626A6E6A4236636D34486B57334F5A5289
:1097880056496C366659590D0A6E32304E5256415A
:1097980031566A73364741524F72344E7157346BA3
:1097A8002F2B4C6F66593979304C4C44452B70300F
:1097B8006F49454B58497349766850723339737706
:1097C8007853413D3D0D0A2D2D2D2D2D454E44201C
:1097D80043455254494649434154452D2D2D2D2D7D
:1097E8000D0A00001B0500002D2D2D2D2D4245478B
:1097F800494E2043455254494649434154452D2D2D
:109808002D2D2D0D0A4D494944687A4343416D2B4E
:109818006741774942416749424144414E42676B3B
:1098280071686B6947397730424151734641444109
:10983800374D517377435159445651514745774AEB
:109848004F544445520D0A4D41384741315545431F
:109858006777495547397359584A54553077784787
:1098680054415842674E5642414D4D4546427662F4
:1098780047467955314E4D4946526C6333516751CD
:109888003045774868634E0D0A4D5463774E54410E
:10989800304D5459314E7A41785768634E4D6A635A
:1098A800774E5441314D5459314E7A4178576A4177
:1098B800374D517377435159445651514745774A6B
:1098C8004F544445524D4138470D0A41315545439F
:1098D8006777495547397359584A54553077784707
:1098E80054415842674E5642414D4D454642766274
:1098F80047467955314E4D4946526C63335167514D
:10990800304577676745694D4130470D0A435371C4
:1099180047534962334451454241515541413449C5
:1099280042447741776767454B416F49424151440B
:1099380041337A6638463776676C70302F687436EC
:10994800574D6E3145705261677A5348780D0A6DEC
:1099580064547336737438474667496C4B58736D53
:1099680038574C33786F656D54695A68783537774E
:10997800493035337A6864634867483035375A6BFD
:109988002B6935636C48467A714D7755716E790D40
:109998000A35304277464D74456F6E494C77755697
:1099A800412B54376C7067367A2B65784B5938439E
:1099B800344B5142306E466337714B55456B4848BE
:1099C800787659505A5039616C346A77716A2B38F5
:1099D8006E0D0A594D50476E3875363747423974FF
:1099E8002B61454D7235502B31676D49674E623199
:1099F8004C54562B2F586A6C693577774F517576CA
:109A080066777537754A42566341304C6E306B63E2
:109A18006D6E4C0D0A5237455551494E395A2F53E0
:109A280047396A477238586D6B7372557545766D4C
:109A380045462F42696279632B4531697856413032
:109A4800686D6E4D336F54445062354C6339756E92
:109A580038724E73750D0A4B4E462B416B736A6F05
:109A68004258794F47566B43656F4D626F34624673
:109A7800364278794C4F6279617670772F4C50680E
:109A8800356150674149796E706C5962364C564160
:109A9800674D424141476A0D0A675A5577675A49E7
:109AA80077485159445652304F42425945464C52D4
:109AB80061354B577A33744A5339726E5670705504
:109AC80050367A3638782F332F4D474D4741315528
:109AD80064497752634D4671410D0A464C526135CF
:109AE8004B577A33744A5339726E567070555036E4
:109AF8007A3638782F332F6F542B6B505441374DAB
:109B0800517377435159445651514745774A4F54F9
:109B18004445524D413847413155450D0A43677711
:109B2800495547397359584A5455307778475441FD
:109B38005842674E5642414D4D4546427662474629
:109B48007955314E4D4946526C6333516751304710
:109B5800434151417744415944565230540D0A42C9
:109B6800415577417745422F7A414E42676B71687C
:109B78006B6947397730424151734641414F434100
:109B8800514541484B2F484872545A4D6E6E564DB8
:109B980070646531696F2B766F4174716C376A0D2B
:109BA8000A347352684C726A44376F335448747776
:109BB8005262446132646943767071305371323352
:109BC8004E67324C4D596F58734F786F4C2F525126
:109BD8004B33694E37554B7856334D4B50457230A1
:109BE800770D0A5851532B6B4B517169543262737C
:109BF80066726A6E574D56485A74554F4D706D3699
:109C0800464E716364476D2F52737333764B6461AC
:109C1800326C634B6C386B556E712F796C63312BDA
:109C28005162420D0A473641367455765163723295
:109C38005A79576656672B6D4D35586B6854724F75
:109C48004F587573324F4C696B6234577745744A75
:109C5800544A524E4530662B79504F4453557A300A
:109C68002F765435370D0A41704830436E423830EC
:109C780062594A73685948504848796D4F746C6501
:109C88004142384B535974716D3735672F594E6FB0
:109C9800626A6E6A4236636D34486B57334F5A5264
:109CA80056496C366659590D0A6E32304E52564135
:109CB80031566A73364741524F72344E7157346B7E
:109CC8002F2B4C6F66593979304C4C44452B7030EA
:109CD8006F49454B584973497668507233397377E1
:109CE8007853413D3D0D0A2D2D2D2D2D454E4420F7
:109CF80043455254494649434154452D2D2D2D2D58
:109D08000D0A0000E90000002D2D2D2D2D4245479C
:109D1800494E2045432050524956415445204B4511
:109D2800592D2D2D2D2D0D0A4D4863434151454583
:109D380049506233686D54785A332F6D5A493376D7
:109D4800796B37703355337742662B57496F7036C6
:109D58006844686B467A4A686D4C63716F416F4717
:109D680043437147534D34390D0A417745486F5580
:109D7800514451674145562B5775735850663036D4
:109D880079376B3769422F784B7537755A54724D4E
:109D98003556552F59304473777534324D6C4339E5
:109DA8002B5934764E63594461570D0A774E5559ED
:109DB8004648446C66352F565330555935624273C0
:109DC80031567A346C6F2B48634B506B78773D3D36
:109DD8000D0A2D2D2D2D2D454E4420454320505242
:109DE8004956415445204B45592D2D2D2D2D0D0AF1
:109DF800000000003D0300002D2D2D2D2D4245476C
:109E0800494E2043455254494649434154452D2D16
:109E18002D2D2D0D0A4D4949434C44434341624B76
:109E28006741774942416749424454414B42676719
:109E380071686B6A4F50515144416A412B4D5173BF
:109E480077435159445651514745774A4F544445F1
:109E5800524D4138470D0A4131554543684D4955E2
:109E680047397359584A54553077784844416142C4
:109E7800674E5642414D54453142766247467963B2
:109E8800334E734946526C6333516752554D67518F
:109E98003045774868634E0D0A4D544D774F544905
:109EA800304D5455314D6A41305768634E4D6A4DB7
:109EB800774F5449794D5455314D6A4130576A426C
:109EC800424D517377435159445651514745774A4A
:109ED8004F544445524D4138470D0A413155454389
:109EE800684D495547397359584A54553077784819
:109EF8007A416442674E5642414D54466C427662FE
:109F080047467955314E4D4946526C633351675136
:109F18003278705A573530494449770D0A575441B9
:109F28005442676371686B6A4F5051494242676790
:109F380071686B6A4F50514D4242774E43414152CE
:109F4800583561367863392F54724C7554754948C1
:109F58002F45713775356C4F737A6C56540D0A3925
:109F68006A514F7A43376A5979554C33356A69389B
:109F78003178674E70624131526755634F562F6E84
:109F880039564C52526A6C73477A56585069576A18
:109F98003464776F2B54486F3447644D4947610DDB
:109FA8000A4D416B4741315564457751434D414115
:109FB80077485159445652304F4242594546486FA6
:109FC8004158345A6B2F4F4264355245514F374CE4
:109FD8006D4F38516D50382F694D473447413155D1
:109FE800640D0A4977526E4D475741464A317449C4
:109FF80043524A41543872793369314762782B4A5F
:10A008004D6E622B7A5A386F554B6B5144412B4D2C
:10A01800517377435159445651514745774A4F54E4
:10A028004445520D0A4D4138474131554543684D25
:10A03800495547397359584A5455307778484441F7
:10A048006142674E5642414D544531427662474619
:10A058007963334E734946526C6333516752554D99
:10A0680067513047430D0A43514442512B4A2B59FB
:10A078006B504D3644414B42676771686B6A4F506D
:10A0880051514441674E6F4144426C416A424B5AB8
:10A0980051313749494F696D626D6F442F794E3799
:10A0A8006F38397533424D0D0A6C674F736A6E68A5
:10A0B800773366494F6F4C49577932574F47736B1F
:10A0C8002F4C47462B2B447A7672527A754E69414B
:10A0D800434D5143643869656D315853344A4B37A1
:10A0E80068616A38786F6370550D0A4C776A516AEF
:10A0F800653550444748666433683974503338517D
:10A108006B6E7535624A717773306D64324B4F4BA5
:10A118004879655630553D0D0A2D2D2D2D2D454E6E
:10A12800442043455254494649434154452D2D2D19
:10A138002D2D0D0A00000000E90000002D2D2D2D09
:10A148002D424547494E20454320505249564154D7
:10A1580045204B45592D2D2D2D2D0D0A4D48634376
:10A16800415145454950457145794232416E436FE9
:10A17800504C2F39552F59444876647158596249C3
:10A188006F67547977777970362F55664477366ECE
:10A198006F416F4743437147534D34390D0A417737
:10A1A80045486F555144516741454E3878573258A4
:10A1B800594A486C70795073645A4C6638676275AE
:10A1C80035382B516152644E4374464C58336143C1
:10A1D8004A5A59704A4F355144594978482F0D0AFF
:10A1E80036692F534E4631644672324B694D4A7276
:10A1F800647731567A596F7144766F42794C54744A
:10A208002F773D3D0D0A2D2D2D2D2D454E442045F2
:10A21800432050524956415445204B45592D2D2D28
:10A228002D2D0D0A000000002D0300002D2D2D2DD1
:10A238002D424547494E20434552544946494341DA
:10A2480054452D2D2D2D2D0D0A4D494943487A434E
:10A258004341615767417749424167494243544105
:10A268004B42676771686B6A4F50515144416A416C
:10A278002B4D517377435159445651514745774AAD
:10A288004F544445524D4138470D0A4131554543D5
:10A29800684D495547397359584A54553077784865
:10A2A80044416142674E5642414D544531427662BF
:10A2B80047467963334E734946526C63335167524C
:10A2C800554D67513045774868634E0D0A4D544DDA
:10A2D800774F5449304D5455314D6A413057686372
:10A2E8004E4D6A4D774F5449794D5455314D6A4119
:10A2F80030576A41304D5173774351594456515143
:10A308004745774A4F544445524D4138470D0A4115
:10A3180031554543684D495547397359584A54553D
:10A32800307778456A415142674E5642414D544311
:10A33800577876593246736147397A6444425A4DA0
:10A34800424D4742797147534D3439416745470D6E
:10A358000A43437147534D343941774548413049A1
:10A36800414244664D56746C3243523561636A37D4
:10A37800485753332F4947377566506B476B5854C6
:10A3880051725253313932676957574B5354755587
:10A39800410D0A32434D522F2B6F76306A52645862
:10A3A800526139696F6A436133634E5663324B4B6E
:10A3B8006737364163693037662B6A675A30776783
:10A3C8005A6F774351594456523054424149774164
:10A3D8004441640D0A42674E564851344546675118
:10A3E800555547476C6A3951483264654341517A3B
:10A3F8006C5A582B4D5930616E453734776267591E
:10A40800445652306A424763775A5941556E57301D
:10A41800674A456B420D0A5079764C654C555A7619
:10A4280048346B796476374E6E7968517152414D74
:10A43800443478437A414A42674E5642415954411E
:10A448006B354D4D524577447759445651514B45DC
:10A45800776851623278680D0A636C4E54544445EB
:10A46800634D426F474131554541784D5455473901
:10A478007359584A7A633277675647567A64434223
:10A4880046517942445159494A414D4644346E3502
:10A498006951387A6F4D416F470D0A4343714753ED
:10A4A8004D343942414D43413267414D4755434D43
:10A4B8005143614C467A58707475693557514E3816
:10A4C8004C6C4F3364646831684D787836747A67B9
:10A4D8004C765430334D54564B32530D0A43313277
:10A4E80072304C7A3372692F6D6F5345704E5A57DC
:10A4F80071506A6B434D434532663533475863594B
:10A508004C717966794A52303738632F784E5355F3
:10A5180055352B58786C37565A343134560D0A66EF
:10A528004761356B48764841524250633859414932
:10A538005649714476484831513D3D0D0A2D2D2D1F
:10A548002D2D454E442043455254494649434154D4
:10A55800452D2D2D2D2D0D0A000000000C000000AA
:10A56800506F6C617253534C546573740000000053
:10A578006A0100002D2D2D2D2D424547494E2045BD
:10A58800432050524956415445204B45592D2D2DB5
:10A598002D2D0D0A50726F632D547970653A203451
:10A5A8002C454E435259505445440D0A44454B2DB1
:10A5B800496E666F3A204445532D454445332D4333
:10A5C80042432C33303745414234363939333344EA
:10A5D8003634450D0A0D0A49786272526D4B634153
:10A5E8007A63744A71506454514C413453577942D8
:10A5F800595947594A566B59456E612B4637506130
:10A6080035743559672F674B414472464B636D3635
:10A61800423732653744470D0A69684578745A49A4
:10A6280036343873307A6459773671534A3734760A
:10A638007250537557446535716D3933427173667D
:10A64800564839737674437A57485730706D31706D
:10A65800304B544243466655710D0A55737557542D
:10A668004954774A496D636E6C4173316761525A38
:10A67800337341576D37634F5569644C30666F3299
:10A688004730665955464E63596F43534C66664387
:10A69800465445484275506E6167620D0A61373706
:10A6A800782F735931427669693853392F5868447D
:10A6B80054623670544D783036777A726D0D0A2DA3
:10A6C8002D2D2D2D454E44204543205052495641AD
:10A6D8005445204B45592D2D2D2D2D0D0A000000D8
:10A6E800730300002D2D2D2D2D424547494E204343
:10A6F800455254494649434154452D2D2D2D2D0D84
:10A708000A4D494943556A4343416465674177495E
:10A71800424167494A414D4644346E356951387A59
:10A728006F4D416F4743437147534D343942414D53
:10A73800434D443478437A414A42674E5642415920
:10A74800540D0A416B354D4D52457744775944565F
:10A7580051514B4577685162327868636C4E545456
:10A768004445634D426F474131554541784D5455F5
:10A7780047397359584A7A633277675647567A6425
:10A788004342460D0A517942445154416546773057
:10A79800784D7A41354D6A51784E5451354E44685A
:10A7A80061467730794D7A41354D6A49784E545132
:10A7B800354E4468614D443478437A414A42674E85
:10A7C80056424159540D0A416B354D4D5245774417
:10A7D8007759445651514B457768516232786863CE
:10A7E8006C4E54544445634D426F47413155454181
:10A7F800784D545547397359584A7A6332776756B2
:10A8080047567A644342460D0A51794244515442AC
:10A81800324D42414742797147534D34394167457A
:10A8280047425375424241416941324941424D5084
:10A83800614B7A52424E3167766831622B2F496DEF
:10A84800364B554E4C547542750D0A777735585529
:10A858007A4D35574E5253744A47564F51736A339F
:10A868003138584A474A492F4271564B6334734C22
:10A8780059664369464B4172395A71717948647512
:10A888004E4D63626C6934797569790D0A6159377F
:10A898007A5161307077375266646164486239551D
:10A8A8005A4B5656706D6C4D37494C526D466D413A
:10A8B8007A48714F426F4443426E54416442674E36
:10A8C8005648513445466751556E5730670D0A4A08
:10A8D800456B425079764C654C555A7648346B79BD
:10A8E8006476374E6E7777626759445652306A42BB
:10A8F8004763775A5941556E5730674A456B4250FE
:10A9080079764C654C555A7648346B796476370DB0
:10A918000A4E6E7968517152414D443478437A41F8
:10A928004A42674E5642415954416B354D4D524546
:10A9380077447759445651514B457768516232787C
:10A9480068636C4E54544445634D426F47413155DA
:10A95800450D0A41784D545547397359584A7A6319
:10A968003277675647567A64434246517942445192
:10A9780059494A414D4644346E356951387A6F4DCC
:10A9880041774741315564457751464D414D4241E4
:10A998006638770D0A436759494B6F5A497A6A30C6
:10A9A8004541774944615141775A674978414D4F4C
:10A9B80030596E4E574B4A5541665867534A744A48
:10A9C8007865786E346970672B6B76347A6E755259
:10A9D80035307635360D0A74346430504375343169
:10A9E800326D5543364E6E6437697A767445324D0A
:10A9F8006749784150316E6E4A516A5A38425775E4
:10AA08006B737A465144473438777843437963699E
:10AA180039717064534D760D0A75436A6E387077D4
:10AA2800554F6B4142584B384D73733930667A43F2
:10AA38006643454F7449413D3D0D0A2D2D2D2D2D61
:10AA4800454E442043455254494649434154452DB7
:10AA58002D2D2D2D0D0A00000200000054B10260BA
:10AA68000300000038B10260040000001CB102605D
:10AA78000500000000B1026006000000E4B00260BA
:10AA880007000000C8B0026008000000ACB0026017
:10AA98000900000090B002600A00000074B0026073
:10AAA8000B00000058B002600C0000003CB00260CF
:10AAB8000D00000020B002600E000000E0AF026050
:10AAC8000F000000C4AF026010000000A8AF0260D1
:10AAD8002B00000068AF02602C0000004CAF026041
:10AAE8002D00000030AF026011000000F0AE0260DF
:10AAF80012000000D4AE026013000000B8AE02607D
:10AB0800140000009CAE02601500000080AE0260D8
:10AB18001600000064AE02601700000048AE026034
:10AB2800180000002CAE02601900000010AE026090
:10AB38001A000000F4AD02601B000000D8AD0260EE
:10AB48001C000000BCAD02601D0000007CAD02606E
:10AB58001E00000060AD02601F00000044AD0260EE
:10AB68002E00000004AD02602F000000E8AC026077
:10AB780030000000CCAC0260200000008CAC026009
:10AB88002200000030AC026024000000D4AB026058
:10AB98002100000070AC02602300000014AC0260C9
:10ABA80025000000B8AB02600000000000000000B3
:10ABB80025020000C0000000801A002008000000E4
:10ABC8000000000008000000F0AB02602401000053
:10ABD800C0000000901A00200800000000000000DB
:10ABE80008000000F0AB0260040000002983006048
:10ABF8003D83006000000000000000005D830060ED
:10AC080059830060D98300606183006023020000DB
:10AC180080000000A01A00200800000000000000CA
:10AC2800080000004CAC0260220100008000000017
:10AC3800AC1A002008000000000000000800000016
:10AC48004CAC026003000000298300603D83006073
:10AC58000000000000000000558300605183006080
:10AC6800D983006061830060210200004000000079
:10AC7800E02000200800000000000000080000009C
:10AC8800A8AC02602001000040000000B81A0020B3
:10AC9800080000000000000008000000A8AC0260E6
:10ACA8000300000021830060318300600000000081
:10ACB800000000004D83006049830060F18300605C
:10ACC800758300603008000000010000C01A0020F1
:10ACD8000C000000010000001000000020AD026020
:10ACE8002F080000C0000000D41A00200C0000004B
:10ACF800010000001000000020AD02602E080000D6
:10AD080080000000E81A00200C000000010000008C
:10AD18001000000020AD02600500000000000000E7
:10AD28000000000000000000000000001583006023
:10AD38001583006009840060898300601F06000095
:10AD480000010000FC1A00200C00000001000000B7
:10AD58001000000098AD02601E060000C000000050
:10AD6800101B00200C000000010000001000000073
:10AD780098AD02601D06000080000000241B002022
:10AD88000C000000010000001000000098AD0260F7
:10AD980005000000000000000000000000000000A6
:10ADA80000000000098300600983006021840060BE
:10ADB8009D8300601C05000000010000381B002076
:10ADC8001000000000000000100000000CAF02603E
:10ADD8001B050000C00000004C1B002010000000F4
:10ADE80000000000100000000CAF02601A0500000F
:10ADF80080000000601B0020100000000000000020
:10AE0800100000000CAF02601903000000010000F0
:10AE1800741B00201000000000000000100000005B
:10AE28000CAF026018030000C0000000881B00205F
:10AE38001000000000000000100000000CAF0260CD
:10AE480017030000800000009C1B00201000000079
:10AE580000000000100000000CAF026016020000A5
:10AE680000010000B01B00201000000000000000DE
:10AE7800100000000CAF026015020000C0000000C6
:10AE8800C41B00201000000000000000100000009B
:10AE98000CAF02601402000080000000D81B0020E4
:10AEA8001000000000000000100000000CAF02605D
:10AEB8001301000000010000EC1B0020100000003E
:10AEC80000000000100000000CAF0260120100003A
:10AED800C0000000001C002010000000000000005E
:10AEE800100000000CAF026011010000800000009B
:10AEF800141C0020100000000000000010000000DA
:10AF08000CAF026005000000E1820060E58200608D
:10AF1800F1820060F98200600583006001830060AF
:10AF280039840060B18300602D0800000001000032
:10AF3800281C00200C000000010000001000000088
:10AF480084AF02602C080000C0000000341C002000
:10AF58000C000000010000001000000084AF026037
:10AF68002B08000080000000401C00200C0000009E
:10AF7800010000001000000084AF02600200000021
:10AF880000000000000000000000000000000000B9
:10AF9800D5820060D58200600984006089830060E2
:10AFA80010060000000100004C1C00200C000000EE
:10AFB8000100000010000000FCAF02600F06000056
:10AFC800C0000000581C00200C0000000100000018
:10AFD80010000000FCAF02600E06000080000000B8
:10AFE800641C00200C00000001000000100000009C
:10AFF800FCAF02600200000000000000000000003A
:10B008000000000000000000C9820060C9820060E2
:10B01800218400609D8300600D0500000001000090
:10B02800701C00201000000000000000100000004C
:10B0380070B102600C050000C00000007C1C0020FC
:10B0480010000000000000001000000070B1026055
:10B058000B05000080000000881C00201000000084
:10B06800000000001000000070B102600A03000038
:10B0780000010000941C00201000000000000000E7
:10B088001000000070B1026009030000C000000059
:10B09800A41C0020100000000000000010000000A8
:10B0A80070B102600803000080000000B41C00209A
:10B0B80010000000000000001000000070B10260E5
:10B0C8000702000000010000C41C0020100000005E
:10B0D800000000001000000070B1026006020000CD
:10B0E800C0000000D01C002010000000000000007C
:10B0F8001000000070B1026005020000800000002E
:10B10800DC1C0020100000000000000010000000FF
:10B1180070B102600401000000010000E81C00207A
:10B1280010000000000000001000000070B1026074
:10B1380003010000C0000000F41C00201000000003
:10B14800000000001000000070B102600201000061
:10B1580080000000001D002010000000000000001A
:10B168001000000070B1026002000000A1820060BF
:10B17800A5820060B1820060B9820060C58200606B
:10B18800C182006051840060C58300600102040729
:10B19800080B0D0E10131516191A1C1F202325262F
:10B1A800292A2C2F31323437383B3D3E404345461F
:10B1B800494A4C4F51525457585B5D5E616264670F
:10B1C800686B6D6E70737576797A7C7F80838586FF
:10B1D800898A8C8F91929497989B9D9EA1A2A4A7EF
:10B1E800A8ABADAEB0B3B5B6B9BABCBFC1C2C4C7DF
:10B1F800C8CBCDCED0D3D5D6D9DADCDFE0E3E5E6CF
:10B20800E9EAECEFF1F2F4F7F8FBFDFE01010101C8
:10B2180001010101FEFEFEFEFEFEFEFE1F1F1F1FB6
:10B228000E0E0E0EE0E0E0E0F1F1F1F1011F011F5A
:10B23800010E010E1F011F010E010E0101E001E0C8
:10B2480001F101F1E001E001F101F10101FE01FE6E
:10B2580001FE01FEFE01FE01FE01FE011FE01FE0EE
:10B268000EF10EF1E01FE01FF10EF10E1FFE1FFEA2
:10B278000EFE0EFEFE1FFE1FFE0EFE0EE0FEE0FEA0
:10B28800F1FEF1FEFEE0FEE0FEF1FEF140100010DE
:10B29800001000000000040040100410000000101E
:10B2A80040100010400000000000001040000400A2
:10B2B80000000410401004100010040000100410D6
:10B2C80040100400001000004000000000000410BE
:10B2D8004000001000100010401000000010040092
:10B2E800400004004000041000100410401000004A
:10B2F80000000000000000004000041040000010A2
:10B308000010001040100400000004004010040069
:10B3180000000400001004100010000040000000AD
:10B32800400004100010000040100400001000103D
:10B33800400000004000001000000410400004100D
:10B348000000001000000400401000100000000081
:10B3580040100410400004004000001000000410D9
:10B3680000100010401000100000000040100410F1
:10B3780000100400001004004010000040100000FD
:10B38800400004000000001000100410000020001D
:10B398000200200402080004000000000008000069
:10B3A8000208000402082000000820040208200403
:10B3B800000020000000000002000004020000005D
:10B3C8000000000402002004020800000008000435
:10B3D8000208200002002000000800040200000407
:10B3E80000002004000820040200200000002004BF
:10B3F80000080000020800000208200400082000DD
:10B408000200000000000004000820000000000402
:10B4180000082000000020000208000402080004C0
:10B4280002002004020020040200000002002000A4
:10B4380000000004000800040000200000082004A8
:10B44800020800000208200000082004020800008A
:10B458000200000402082004000020040008200064
:10B4680000000000020000000208200400000000A4
:10B478000208200000002004000800000200000468
:10B48800000800040008000002002000100000204E
:10B4980000004020004000001040402000004020F4
:10B4A8001000000010404020000040000040002034
:10B4B8001040400000004000100000201000400034
:10B4C80000400020000000201040000000000000A4
:10B4D80010004000104000200040000000404000E4
:10B4E80010400020100000001000402010004020F4
:10B4F80000000000104040000040402010400000C4
:10B508000040400000404020000000200040002093
:10B518001000000010004020004040001040402073
:10B528000000400010400000100000200000400013
:10B538000040002000000020104000001000002003
:10B5480010404020004040000000402010404000D3
:10B5580000404020000000001000402010000000C3
:10B568000040000000004020104040000040000063
:10B578001000400010400020000000000040402063
:10B588000000002010004000104000200120800032
:10B5980081200000812000008000000080208000C1
:10B5A80081008000010080000120000000000000F0
:10B5B80000208000002080008120800081000000A1
:10B5C80000000000800080000100800001000000F1
:10B5D80000200000000080000120800080000000A2
:10B5E8000000800001200000802000008100800011
:10B5F8000100000080200000800080000020000082
:10B608008020800081208000810000008000800070
:10B61800010080000020800081208000810000005F
:10B6280000000000000000000020800080200000D2
:10B63800800080008100800001000000012080005F
:10B64800812000008120000080000000812080000F
:10B6580081000000010000000020000001008000BF
:10B66800012000008020800081008000012000006F
:10B678008020000000008000012080008000000081
:10B6880000008000002000008020800020801080C2
:10B698000080008000800000208010000000100062
:10B6A8002000000020001080208000802000008002
:10B6B80020801080008010800000008000800080C2
:10B6C8000000100020000000200010800080100002
:10B6D8002000100020800080000000000000008092
:10B6E8000080000020801000000010802000100062
:10B6F8002000008000000000008010002080000072
:10B7080000801080000010802080000000000000F1
:10B718002080100020001080000010002080008091
:10B728000000108000801080008000000000108061
:10B738000080008020000000208010802080100001
:10B748002000000000800000000000802080000031
:10B7580000801080000010002000008020001000F1
:10B768002080008020000080200010000080100051
:10B7780000000000008000802080000000000080A1
:10B788002000108020801080008010000001000040
:10B798000001080200000802000100420000080041
:10B7A80000010000000000400000080200010840FD
:10B7B80000000800000100020001084000010042EA
:10B7C80000000842000108000000004000000002DC
:10B7D8000000084000000840000000000001004090
:10B7E800000108420001084200010002000008426E
:10B7F80000010040000000000000004200010802B3
:10B8080000000002000000420001080000000800DB
:10B81800000100420001000000000002000000409A
:10B828000000080200010042000108400001000277
:10B838000000004000000842000108020001084022
:10B848000001000000000002000008420001084258
:10B858000001080000000042000108420000080240
:10B86800000000000000084000000042000108003D
:10B878000001000200010040000008000000000074
:10B888000000084000010802000100400802000012
:10B898000002020800000000080002080002000878
:10B8A8000000000008020200000200080800020070
:10B8B800080000080800000800000200080202084A
:10B8C800080002000000020808020000000000084A
:10B8D8000800000000020208000200000002020046
:10B8E8000000020808000208080202000802000816
:10B8F8000002020000000200080200080800000020
:10B908000802020800020000000000080002020805
:10B918000000000808000200080200000000020001
:10B9280000020208000200080000000000020000F7
:10B9380008000200080202080002000808000008C7
:10B9480000020000000000000800020808020008C9
:10B9580000000200000000080802020808000000B9
:10B9680008020200000202000800000800000208A5
:10B97800080200080802000000000208080202008D
:10B98800080000000800020800020200000401018B
:10B99800000000000000010004040101040001018E
:10B9A800040401000400000000000100000400007D
:10B9B8000004010104040101000400000404000162
:10B9C800040001010000000104000000040400005C
:10B9D800000400010004000100040100000401004B
:10B9E800000001010000010104040001040001003D
:10B9F8000400000104000001040001000000000030
:10BA0800040400000404010000000001000001001B
:10BA18000404010104000000000001010004010108
:10BA28000000000100000001000400000400010102
:10BA380000000100000401000400000100040000EF
:10BA480004000000040400010404010004040101CE
:10BA580004000100000001010404000104000001C9
:10BA680004040000040401000004010104040000AF
:10BA780000040001000400010000000004000100AF
:10BA880000040100000000000400010100000000A3
:10BA98000100000000010000010100000000010099
:10BAA8000100010000010100010101000000000186
:10BAB8000100000100010001010100010000010175
:10BAC8000100010100010101010101010000000064
:10BAD8000000000100000100000001010001000059
:10BAE8000001000100010100000101010100000046
:10BAF8000100000101000100010001010101000035
:10BB08000101000101010100010101014E6F7720CF
:10BB1800697320740123456789ABCDEF2345678995
:10BB2800ABCDEF01456789ABCDEF0123CDD64F2FC4
:10BB38009427C15D6996C8FA47A2ABEB832539768D
:10BB480044091A0A6A2A19F41ECA854B03E69F5B40
:10BB5800FA58EB42DD17E8B8B437D23212345678C7
:10BB680090ABCDEF54F15AF6EBE3A4B43576115609
:10BB78005FA18E4DCB191F85D1ED8439129F40B935
:10BB8800D20056B3470EFC9A6B8EE393C5CECF63B3
:10BB9800ECEC514C2D2D2D2D2D424547494E20447E
:10BBA8004820504152414D45544552532D2D2D2D7D
:10BBB8002D0D0A4D494748416F4742414A343139B2
:10BBC8004442454F676D51547A6F3571586C3566EC
:10BBD80051634E39544E343535776B4F4C373035C9
:10BBE80032487A787852564D7968596D775163673B
:10BBF8004A76680D0A317361313866796652394F71
:10BC08006956454D59676C4F706B71566F474C4E6E
:10BC18003771643561514E4E693557372F432B566E
:10BC280042644854424A63475A4A79795035423304
:10BC380071637A33320D0A396D4C4A4B75646C5610
:10BC48007564563051786B3571554A61505A2F7862
:10BC580075707A304E796F567076697569424F49BA
:10BC680031674E69386F765358577A416745430DA7
:10BC78000A2D2D2D2D2D454E44204448205041524B
:10BC8800414D45544552532D2D2D2D2D0D0A0000A3
:10BC98000400180080010000901D00200300170018
:10BCA800000100004C1F002002001500E000000009
:10BCB800581F002001001300C0000000641F00206E
:10BCC800000000000000000000000000FFFFFFFF70
:10BCD800FFFFFFFFFEFFFFFFFFFFFFFFFFFFFFFF6D
:10BCE800FFFFFFFFB1B946C1ECDEB8FE4930247250
:10BCF800ABE9A70FE7809CE5190521643128D2B488
:10BD0800B1C96B1436F8DE99FFFFFFFFFFFFFFFF95
:10BD1800FFFFFFFF1210FF82FD0AFFF40088A14316
:10BD2800EB20BF7CF69030B00EA88D181148791E14
:10BD3800A177F973D5CD246BED11106378DAC8FFBC
:10BD4800952B19070100000000000000000000000A
:10BD5800FFFFFFFFFFFFFFFFFFFFFFFFFFFFFFFFEB
:10BD680000000000B4FF552343390B27BAD8BFD7CA
:10BD7800B7B04450563241F5ABB3040C850A05B44C
:10BD88003D2A5C5C4529DD133EF0B8E0A216FFFFB2
:10BD9800FFFFFFFFFFFFFFFFFFFFFFFF211D5C11FC
:10BDA800D68032342211C256D3C1034AB990133215
:10BDB8007FBFB46BBD0C0EB7347E00859981D54426
:10BDC8006447075AA07543CDE6DF224CFB23F7B53D
:10BDD800886337BDFFFFFFFFFFFFFFFFFFFFFFFF88
:10BDE800000000000000000000000000010000004A
:10BDF800FFFFFFFF4B60D2273E3CCE3BF6B053CC53
:10BE0800B0061D65BC86987655BDEBB3E7933AAA94
:10BE1800D835C65A512563FCC2CAB9F3849E17A700
:10BE2800ADFAE6BCFFFFFFFFFFFFFFFF00000000C9
:10BE3800FFFFFFFF96C298D84539A1F4A033EB2D38
:10BE4800817D0377F240A463E5E6BCF847422CE124
:10BE5800F2D1176BF551BF376840B6CBCE5E316B68
:10BE68005733CE2B169E0F7C4AEBE78E9B7F1AFE2C
:10BE7800E242E34FFFFFFFFF000000000000000068
:10BE8800FFFFFFFFFEFFFFFFFFFFFFFFFFFFFFFFBB
:10BE9800FFFFFFFFFFFFFFFFFFFFFFFFFFFFFFFFAA
:10BEA800FFFFFFFFEF2AECD3EDC8852A9DD12E8A2C
:10BEB8008D3956C65A8713508F081403124181FED4
:10BEC8006E9C1D18192DF8E36B058E98E4E73EE289
:10BED800A72F31B37329C5CC6A19ECEC7AA7B048FF
:10BEE800B20D1A58DF2D37F4814D63C7FFFFFFFFEE
:10BEF800FFFFFFFFFFFFFFFFFFFFFFFFFFFFFFFF4A
:10BF0800FFFFFFFFB70A7672385E543A6C2955BFB7
:10BF18005DF20255382A5482E041F759989BA78B65
:10BF2800623B1D6E74AD20F31EC7B18E37058BBE04
:10BF380022CA87AA5F0EEA907C1D437A9D817E1DE6
:10BF4800CEB1600AC0B8F0B51331DAE97C149A288A
:10BF5800BD1DF4F829DC9292BF989E5D6F2C269641
:10BF68004ADE173600000000000000000000000054
:10BF7800201C000000000000403800000000000005
:10BF88006024000000000000807000000000000035
:10BF9800A06C000000000000C04800000000000085
:10BFA800E05400000000000000E100000000000074
:10BFB80020FD00000000000040D900000000000043
:10BFC80060C5000000000000809100000000000033
:10BFD800A08D000000000000C0A9000000000000C3
:10BFE800E0B500000000000058E2FCCEFA7E3061A7
:10BFF800367F1D57A4E7455AAB6E47D42CEC13BDCA
:10C00800F53A67B21257BDDF4D5C2AF327CD64A617
:10C018002CF35ABD2BA6FAB45BC94FBC3221A5DB61
:10C0280094FAE95AE7121A473612D2E79E3B078577
:10C03800561BE14AACA2FCCB619CC5AEFFFE0BFAD5
:10C04800462AF43C1699D050CD33B28AC773F74BC1
:10C05800A00ED1F3125724352FF58D80033927AB65
:10C068008EF4D4587514F0FB9924A7C8587336BFBA
:10C07800B118024DB8674A142519498E80F1478FC7
:10C0880037BA55BD6D27618C65DCC57FCF623A2410
:10C09800094FCCA40D3533F8DCF566FF291C25BB08
:10C0A800B8568FC3D376A6D9530F8AFBC74536B97E
:10C0B800A963B4F1C4CB738BD0D1C8A799996BF09D
:10C0C800265B98B5D48AB919B094DAC5D93471BD4C
:10C0D800EC1A502270E3CC6C76FC6ECE0F4E1768CB
:10C0E800CDDF8853BB2D551B3A337DBF46A792C47D
:10C0F8005E454913FE2EA8F2A44A8266EE1C8EB055
:10C10800C8B5D4CF5AE9F19A000000000000000039
:10C118000000000000000000000000000000000017
:10C128000000000000000000000000000000000007
:10C1380000000000000000000000000000000000F7
:10C1480000000000000000000388DACE60B6A39269
:10C15800F328C2B971B2FE780000000000000000A8
:10C1680000000000000000000000000000000000C7
:10C1780000000000000000000000000000000000B7
:10C18800000000000000000042831EC221777424D2
:10C198004B7221B784D0D49CE3AA212F2C02A4E0AF
:10C1A80035C17E2329ACA12E21D514B25466931C27
:10C1B8007D8F6A5AAC84AA051BA30B396A0AAC970F
:10C1C8003D58E091473F598542831EC22177742428
:10C1D8004B7221B784D0D49CE3AA212F2C02A4E06F
:10C1E80035C17E2329ACA12E21D514B25466931CE7
:10C1F8007D8F6A5AAC84AA051BA30B396A0AAC97CF
:10C208003D58E0910000000061353B4C2806934AF8
:10C21800777FF51FA22A4755699B2A714FCDC6F82B
:10C228003766E5F97B6C742373806900E49F24B258
:10C238002B097544D4896B424989B5E1EBAC0F07EA
:10C24800C23F4598000000008CE24998625615B636
:10C2580003A033ACA13FB894BE9112A5C3A211A804
:10C26800BA262A3CCA7E2CA701E4A9A4FBA43C90C8
:10C27800CCDCB281D48C7C6FD62875D2ACA41703E1
:10C288004C34AEE500000000000000000000000093
:10C298000000000000000000000000000000000096
:10C2A8000000000000000000000000000000000086
:10C2B8000000000000000000000000000000000076
:10C2C800000000000000000098E7247C07F0FE4111
:10C2D8001C267E4384B0F600000000000000000029
:10C2E8000000000000000000000000000000000046
:10C2F8000000000000000000000000000000000036
:10C3080000000000000000003980CA0B3C00E84132
:10C31800EB06FAC4872A2757859E1CEAA6EFD9841C
:10C32800628593B40CA1E19C7D773D00C144C5258D
:10C33800AC619D18C84A3F4718E2448B2FE324D9C3
:10C34800CCDA2710ACADE2563980CA0B3C00E84184
:10C35800EB06FAC4872A2757859E1CEAA6EFD984DC
:10C36800628593B40CA1E19C7D773D00C144C5254D
:10C37800AC619D18C84A3F4718E2448B2FE324D983
:10C38800CCDA2710000000000F10F599AE14A15464
:10C39800ED24B36E25324DB8C566632EF2BBB34F9C
:10C3A8008347280FC4507057FDDC29DF9A471F7553
:10C3B800C66541D4D4DAD1C9E93A19A58E8B473F6D
:10C3C800A0F062F700000000D27E88681CE3243CDD
:10C3D8004830165A8FDCF9FF1DE9A1D8E6B447EFBB
:10C3E8006EF7B79828666E4581E79012AF34DDD9AD
:10C3F800E2F037589B292DB3E67C036745FA22E71C
:10C40800E9B7373B00000000000000000000000012
:10C418000000000000000000000000000000000014
:10C428000000000000000000000000000000000004
:10C4380000000000000000000000000000000000F4
:10C448000000000000000000CEA7403D4D606B6E6C
:10C45800074EC5D3BAF39D18000000000000000085
:10C4680000000000000000000000000000000000C4
:10C4780000000000000000000000000000000000B4
:10C488000000000000000000522DC1F099567D0701
:10C49800F47F37A32A84427D643A8CDCBFE5C0C9A7
:10C4A8007598A2BD2555D1AA8CB08E48590DBB3DB3
:10C4B800A7B08B1056828838C5F61E6393BA7A0ADD
:10C4C800BCC9F662898015AD522DC1F099567D0719
:10C4D800F47F37A32A84427D643A8CDCBFE5C0C967
:10C4E8007598A2BD2555D1AA8CB08E48590DBB3D73
:10C4F800A7B08B1056828838C5F61E6393BA7A0A9D
:10C50800BCC9F66200000000C3762DF1CA787D32FE
:10C51800AE47C13BF19844CBAF1AE14D0B976AFA8D
:10C52800C52FF7D79BBA9DE0FEB582D33934A4F066
:10C53800954CC2363BC73F7862AC430E64ABE49976
:10C54800F47C9B1F000000005A8DEF2F0C9E53F1C6
:10C55800F75D7853659E2A20EEB2B22AAFDE6419E1
:10C56800A058AB4F6F746BF40FC0C3B780F244454B
:10C578002DA3EBF1C5D82CDEA2418997200EF82E09
:10C5880044AE7E3F000000000000000000000000F4
:10C598000000000000000000000000000000000093
:10C5A8000000000000000000FEFFE9928665731C91
:10C5B8006D6A8F9467308308FEFFE9928665731C65
:10C5C8006D6A8F9467308308000000000000000047
:10C5D8000000000000000000000000000000000053
:10C5E8000000000000000000000000000000000043
:10C5F8000000000000000000000000000000000033
:10C608000000000000000000000000000000000022
:10C618000000000000000000000000000000000012
:10C628000000000000000000000000000000000002
:10C6380000000000000000000000000000000000F2
:10C6480000000000000000000000000010000000D2
:10C65800400000003C0000003C0000003C000000DE
:10C6680000000000000000000000000000000000C2
:10C6780000000000000000000000000000000000B2
:10C6880000000000000000000000000000000000A2
:10C698000000000000000000000000000000000092
:10C6A800CAFEBABEFACEDBADDECAF88800000000CA
:10C6B8000000000000000000000000000000000072
:10C6C8000000000000000000000000000000000062
:10C6D8000000000000000000000000000000000052
:10C6E8009313225DF88406E555909C5AFF5269AA77
:10C6F8006A7A9538534F7DA1E4C303D2A318A728BB
:10C70800C3C0C95156809539FCF0E2429A6B525425
:10C7180016AEDBF5A0DE6A57A637B39B0000000013
:10C728000000000000000000000000000000000001
:10C7380000000000000000000000000000000000F1
:10C7480000000000000000000000000000000000E1
:10C7580000000000000000000000000000000000D1
:10C7680000000000000000000000000000000000C1
:10C7780000000000000000000000000000000000B1
:10C7880000000000000000000000000000000000A1
:10C798000000000000000000000000000000000091
:10C7A8000000000000000000000000000000000081
:10C7B8000000000000000000000000000000000071
:10C7C8000000000000000000000000000000000061
:10C7D8000000000000000000000000000000000051
:10C7E800000000000000000001000000010000003F
:10C7F80001000000020000000C0000000C00000016
:10C808000C0000000C000000080000003C000000C4
:10C818000000000000000000000000000000000010
:10C828000000000000000000000000000000000000
:10C8380000000000000000000000000000000000F0
:10C8480000000000000000000000000000000000E0
:10C85800FEEDFACEDEADBEEFFEEDFACEDEADBEEFFA
:10C86800ABADDAD2000000000000000000000000BC
:10C8780000000000000000000000000000000000B0
:10C8880000000000000000000000000000000000A0
:10C898000000000000000000000000000000000090
:10C8A8000000000000000000000000000000000080
:10C8B8000000000000000000000000000000000070
:10C8C8000000000000000000000000000000000060
:10C8D8000000000000000000000000000000000050
:10C8E8000000000000000000000000000000000040
:10C8F8000000000000000000000000000000000030
:10C90800000000000000000000000000000000001F
:10C91800000000000000000000000000000000000F
:10C9280000000000000000000000000000000000FF
:10C9380000000000000000000000000000000000EF
:10C9480000000000000000000000000000000000DF
:10C9580000000000000000000000000000000000CF
:10C9680000000000000000000000000000000000BF
:10C9780000000000000000000000000000000000AF
:10C98800000000000000000000000000000000009F
:10C99800000000000000000000000000010000008E
:10C9A800010000000100000000000000000000007D
:10C9B8000000000014000000140000001400000033
:10C9C800000000000000000000000000000000005F
:10C9D800000000000000000000000000000000004F
:10C9E800000000000000000000000000000000003F
:10C9F800000000000000000000000000000000002F
:10CA0800D9313225F88406E5A55909C5AFF5269A26
:10CA180086A7A9531534F7DA2E4C303D8A318A722D
:10CA28001C3C0C95956809532FCF0E2449A6B525B3
:10CA3800B16AEDF5AA0DE657BA637B391AAFD2553C
:10CA480000000000000000000000000000000000DE
:10CA580000000000000000000000000000000000CE
:10CA680000000000000000000000000000000000BE
:10CA780000000000000000000000000000000000AE
:10CA8800000000000000000000000000000000009E
:10CA9800000000000000000000000000000000008E
:10CAA800000000000000000000000000000000007E
:10CAB800000000000000000000000000000000006E
:10CAC800000000000000000000000000000000005E
:10CAD800000000000000000000000000000000004E
:10CAE800000000000000000000000000000000003E
:10CAF800000000000000000000000000000000002E
:10CB0800000000000000000000000000000000001D
:10CB1800000000000000000000000000000000000D
:10CB280000000000000000000000000000000000FD
:10CB380000000000000000000000000000000000ED
:10CB480000000000000000000100000001000000DB
:10CB58000100000001000000A0C9AB58F1E2E5A403
:10CB6800DE3EBD4FF73E9C5B64EFD8CA028CF811DD
:10CB780048A584FE69AB5AEE42AA4D42176099D483
:10CB88005E1397DC404D86A37BF55954756951E4D3
:10CB98009A00A2D00ED59BFE31ECB1399B6081483A
:10CBA800D1969D250D3C1E94101098129325CAB855
:10CBB800FCCC2D54731970C0107AA4892519955E80
:10CBC8004BC6001D7F4E6A2BF8A301AB46055C09D6
:10CBD800A67188F1A740EEF3E15C029B44AF0344E1
:10CBE80079349BBF7CDDA5799557866621C9138367
:10CBF8001146733ABF8C35C8C7215B5B96C48E9BC0
:10CC0800338C74E3E99DFEDFC6A16AB8D420706F47
:10CC18000F34AB7FEC5ADCA9D8CA3A133E159CA650
:10CC2800AC43C6F8A2BE22834A4C0A0AFFB10D7172
:10CC380094F1C1A5CF7322EC1AE0964ED4BF122707
:10CC480046E087FDB5B3E91B3493D5BB98FAED49A7
:10CC5800E85F130FC8A459B70800000007000000D8
:10CC680006000000050000000400000003000000AA
:10CC780000000000000000000100000003000000A8
:10CC88000E0000001A0000003E00000050000000E6
:10CC9800D41D8CD98F00B204E9800998ECF8427E43
:10CCA8000CC175B9C0F1B6A831C399E2697726619C
:10CCB800900150983CD24FB0D6963F7D28E17F72C4
:10CCC800F96B697D7CB7938D525A2F31AAF161D0E7
:10CCD800C3FCD3D76192E4007DFB496CCA67E13B92
:10CCE800D174AB98D277D9F5A5611C2C9F419D9F33
:10CCF80057EDF4A22BE3C955AC49DA2E2107B67AD1
:10CD0800000000000000000000000000000000001B
:10CD1800000000000000000000000000000000000B
:10CD280000000000000000000000000000000000FB
:10CD380000000000000000000000000000000000EB
:10CD480000000000000000000000000000000000DB
:10CD5800006100000000000000000000000000006A
:10CD680000000000000000000000000000000000BB
:10CD780000000000000000000000000000000000AB
:10CD8800000000000000000000000000000000009B
:10CD9800000000000000000000000000000000008B
:10CDA8000000616263000000000000000000000055
:10CDB800000000000000000000000000000000006B
:10CDC800000000000000000000000000000000005B
:10CDD800000000000000000000000000000000004B
:10CDE800000000000000000000000000000000003B
:10CDF8000000006D6573736167652064696765731A
:10CE080074000000000000000000000000000000A6
:10CE1800000000000000000000000000000000000A
:10CE280000000000000000000000000000000000FA
:10CE380000000000000000000000000000000000EA
:10CE4800000000006162636465666768696A6B6C0C
:10CE58006D6E6F707172737475767778797A000079
:10CE680000000000000000000000000000000000BA
:10CE780000000000000000000000000000000000AA
:10CE8800000000000000000000000000000000009A
:10CE980000000000004142434445464748494A4B88
:10CEA8004C4D4E4F505152535455565758595A613C
:10CEB80062636465666768696A6B6C6D6E6F7071D2
:10CEC80072737475767778797A30313233343536CF
:10CED80037383900000000000000000000000000A2
:10CEE800000000000000313233343536373839302D
:10CEF80031323334353637383930313233343536E8
:10CF080037383930313233343536373839303132D1
:10CF180033343536373839303132333435363738BB
:10CF280039303132333435363738393031323334B9
:10CF3800353637383930000008000000A8210020B5
:10CF48004000000080000000B5F300609DF3006021
:10CF5800A1F30060BDF300605DF4006001F40060BF
:10CF6800ADF30060B1F30060070000000435002055
:10CF7800300000008000000095F300609DF3006021
:10CF8800A1F30060A5F300605DF4006001F40060A7
:10CF9800ADF30060B1F3006006000000D834002053
:10CFA800200000004000000085F300606DF3006081
:10CFB80071F300608DF3006045F40060EDF30060EC
:10CFC8007DF3006081F3006005000000302100203F
:10CFD8001C0000004000000065F300606DF3006075
:10CFE80071F3006075F3006045F40060EDF30060D4
:10CFF8007DF3006081F30060040000000C21002034
:10D00800140000004000000051F3006055F3006078
:10D0180059F30060A55901602DF40060D9F3006050
:10D028005DF3006061F3006003000000E41F00206E
:10D0380010000000400000003DF3006041F3006074
:10D0480045F3006029F2006015F40060C5F3006044
:10D0580049F300604DF30060FC1F00200900000048
:10D06800DC220020F4220020030100000423002019
:10D0780009000000102300202823002004010000DC
:10D088003823002009000000442300205C230020EE
:10D098000501000070230020090000007C23002007
:10D0A8009423002006010000A823002009000000A6
:10D0B800B4230020CC23002007010000E023002037
:10D0C80009000000EC2300200424002008010000CF
:10D0D8001824002005000000102300202823002029
:10D0E800040100002024002007000000282400205C
:10D0F8003824002004040000482400200800000010
:10D108005424002068240020050400007C2400200A
:10D1180008000000882400209C2400200604000049
:10D12800B024002008000000BC240020D0240020E7
:10D1380007040000E424002008000000F024002078
:10D14800042500200804000018250020090000001C
:10D1580024250020242500200006000000000000EF
:10D1680000000000000000000000000000000000B7
:10D1780014200020030000006C26002084260020D4
:10D188000001000098260020030000009C260020D3
:10D19800AC26002004000000B82600200300000090
:10D1A800BC260020D026002000080000E42600202D
:10D1B80003000000E82600200027002020000000CF
:10D1C800142700200900000020270020382700200D
:10D1D8000000010000000000000000000000000046
:10D1E80000000000000000001820002003000000DC
:10D1F8005427002068270020742700207827002063
:10D20800030000007C27002090270020982700209A
:10D218009C27002003000000A0270020B027002042
:10D22800BC270020C027002003000000C4270020DE
:10D23800D0270020D8270020DC270020030000008A
:10D24800E0270020F8270020082800200C280020CC
:10D258000300000010280020302800203C2800206F
:10D2680040280020090000004C2800205C280020ED
:10D278004C2800206C2800200300000070280020A3
:10D288008428002094280020A428002003000000FF
:10D29800A8280020BC280020CC280020DC2800205A
:10D2A80003000000E0280020F428002000290020C6
:10D2B8000C2900200300000010290020202900204C
:10D2C800282900202C2900200300000030290020F4
:10D2D800402900204C29002050290020030000008C
:10D2E8005429002064290020702900207C2900206E
:10D2F80003000000802900209C290020B429002078
:10D30800C829002003000000CC290020D8290020CB
:10D31800E0290020E829002003000000EC29002073
:10D32800002A0020202A00202C2A002003000000C8
:10D33800302A0020402A00204C2A0020582A0020A9
:10D348000A000000642A0020782A00208C2A002085
:10D35800902A002003000000942A0020AC2A002014
:10D36800C02A0020000000000000000000000000AB
:10D3780000000000000000001C2000200900000040
:10D388008822002098220020010000002820002088
:10D39800070000009C220020AC22002002000000B0
:10D3A800BC22002005000000C4220020CC2200205E
:10D3B8000300000000000000000000000000000062
:10D3C80000000000000000003020002008000000DD
:10D3D800641F0020641F002001000000D00300200B
:10D3E80005000000581F0020581F00200200000000
:10D3F8007C220020080000004C1F00204C1F002049
:10D4080003000000D803002005000000901D002044
:10D41800901D002004000000000000000000000033
:10D428000000000000000000000000003C20002078
:10D4380008000000C0210020E41F002003000000B5
:10D448006020002005000000C8210020D021002015
:10D4580004000000D821002009000000E421002079
:10D46800F021002005000000F8210020090000003C
:10D4780004220020102200200600000018220020AC
:10D4880009000000242200203022002007000000AC
:10D4980038220020090000004422002050220020E9
:10D4A800080000000000000000000000000000006C
:10D4B80000000000000000004820002008000000D4
:10D4C8000821002014210020040000002021002051
:10D4D800080000002C210020382100200500000051
:10D4E800482100200800000054210020602100206D
:10D4F8000600000070210020080000007C210020A8
:10D508008821002007000000982100200800000062
:10D51800A4210020B0210020080000000000000025
:10D5280000000000000000000000000000000000F3
:10D538005420002008000000302500204425002049
:10D5480064250020080000007025002084250020A4
:10D55800A425002008000000B0250020C4250020D4
:10D56800D425002008000000E0250020F825002030
:10D578000C26002008000000182600202C26002079
:10D588003C26002008000000482600205C260020D9
:10D598000000000000000000000000000000000083
:10D5A800682000200500000058220020E02000200C
:10D5B8002100000060220020080000006C220020EA
:10D5C800801A002025000000000000000000000074
:10D5D8000000000000000000000000007020002093
:10D5E8000A0000007C2000209C2000200425000068
:10D5F800BC2000200A000000C8200020E8200020ED
:10D6080004230000000000000000000000000000EB
:10D6180000000000000000000800000008000000F2
:10D6280008000000180000000900000000000000C9
:10D6380004000000040000000400000024000000B2
:10D6480005000000000000000100000002000000CA
:10D658000010000000100000001000000000000092
:10D66800140000001400000014000000190000005D
:10D6780010000000000000000C60C80F961F0E711B
:10D68800F3A9B524AF6012062FE037A6000000000A
:10D698000000000000000000EA6C014DC72D6F8CEF
:10D6A800CD1ED92ACE1D41F0D8DE895700000000D2
:10D6B80000000000000000004B007901B765489A9F
:10D6C800BEAD49D926F721D065A429C100000000C4
:10D6D80000000000000000003D2EEC4FE41C849B7D
:10D6E80080C8D83662C0E44A8B291A964CF2F0708A
:10D6F800380000000000000056FA6AA75548099D46
:10D70800CC37D7F03425E0C300000000000000004B
:10D718000000000000000000000000000000000001
:10D7280000000000000000000000000000000000F1
:10D73800000000000000000070617373776F72646E
:10D7480000000000000000000000000000000000D1
:10D75800000000000000000070617373776F72644E
:10D7680000000000000000000000000000000000B1
:10D77800000000000000000070617373776F72642E
:10D788000000000000000000000000000000000091
:10D79800000000000000000070617373776F72640E
:10D7A80050415353574F524470617373776F72648B
:10D7B80000000000000000007061737300776F7252
:10D7C80064000000000000000000000000000000ED
:10D7D8000000000000000000000000000000000041
:10D7E8000000000000000000000000000000000031
:10D7F800000000000000000073616C74000000006D
:10D808000000000000000000000000000000000010
:10D818000000000000000000000000000000000000
:10D8280073616C740000000000000000000000003C
:10D8380000000000000000000000000000000000E0
:10D84800000000000000000073616C74000000001C
:10D8580000000000000000000000000000000000C0
:10D8680000000000000000000000000000000000B0
:10D8780073616C7453414C5473616C7453414C54D0
:10D8880073616C7453414C5473616C7453414C54C0
:10D8980073616C74000000007361006C7400000018
:10D8A8000000000000000000000000000000000070
:10D8B8000000000000000000000000000000000060
:10D8C8000000000000000000000000000000000050
:10D8D8000000000000000000000000000000000040
:10D8E800000000000000000005000000542D00208A
:10D8F800D11B0160C51B016000000000DD1B016039
:10D90800291C0160000000000D1D0160051D01605B
:10D91800A51C016000000000040000005C2D002030
:10D92800D51A0160B91B0160D91A0160FD1A01609E
:10D938000000000000000000951B0160ED1C016064
:10D94800911C0160991B016003000000642D0020F8
:10D95800D51A0160AD1B0160000000000000000046
:10D968000000000000000000951B0160D51C01604C
:10D978007D1C0160991B0160020000006C2D0020D5
:10D98800D51A0160C91A0160051B0160491B0160B5
:10D998000000000000000000951B0160D51C01601C
:10D9A8007D1C0160991B0160010000009822002085
:10D9B80071190160611901607D190160C91901605F
:10D9C800051A0160551A01609D1A0160B91C0160B1
:10D9D800691C0160A11A0160A9993E364706816A4F
:10D9E800BA3E25717850C26C9CD0D89D84983E442C
:10D9F8001C3BD26EBAAE4AA1F95129E5E54670F151
:10DA080034AA973CD4C4DAA4F61EEB2BDBAD27313D
:10DA18006534016F616263000000000000000000CF
:10DA280000000000000000000000000000000000EE
:10DA380000000000000000000000000000000000DE
:10DA480000000000000000000000000000616263A8
:10DA58006462636465636465666465666765666772
:10DA680068666768696768696A68696A6B696A6B22
:10DA78006C6A6B6C6D6B6C6D6E6C6D6E6F6D6E6FD2
:10DA8800706E6F7071000000000000000000000060
:10DA9800000000000000000000000000000000007E
:10DAA800000000000000000000000000000000006E
:10DAB800000000000000000000000000000000005E
:10DAC8000300000038000000E8030000982F8A4295
:10DAD80091443771CFFBC0B5A5DBB5E95BC25639B8
:10DAE800F111F159A4823F92D55E1CAB98AA07D8D0
:10DAF800015B8312BE853124C37D0C55745DBE72F3
:10DB0800FEB1DE80A706DC9B74F19BC1C1699BE472
:10DB18008647BEEFC69DC10FCCA10C246F2CE92D02
:10DB2800AA84744ADCA9B05CDA88F97652513E9826
:10DB38006DC631A8C82703B0C77F59BFF30BE0C62D
:10DB48004791A7D55163CA0667292914850AB727BB
:10DB580038211B2EFC6D2C4D130D385354730A6558
:10DB6800BB0A6A762EC9C281852C7292A1E8BFA22F
:10DB78004B661AA8708B4BC2A3516CC719E892D197
:10DB8800240699D685350EF470A06A1016C1A4191A
:10DB9800086C371E4C774827B5BCB034B30C1C3919
:10DBA8004AAAD84E4FCA9C5BF36F2E68EE828F74D8
:10DBB8006F63A5781478C8840802C78CFAFFBE90F2
:10DBC800EB6C50A4F7A3F9BEF27871C623097D2245
:10DBD8003405D8228642A477BDA255B32AADBCE449
:10DBE800BDA0B3F7E36C9DA70000000075388B1645
:10DBF800512776CC5DBA5DA1FD890150B0C6455C60
:10DC0800B4F58B195252252500000000207946559D
:10DC1800980C91D8BBB4C1EA97618A4BF03F42583F
:10DC28001948B2EE4EE7AD6700000000BA7816BF9B
:10DC38008F01CFEA414140DE5DAE2223B00361A3EC
:10DC480096177A9CB410FF61F20015AD248D6A61B5
:10DC5800D20638B8E5C026930C3E6039A33CE45997
:10DC680064FF2167F6ECEDD419DB06C1CDC76E5C05
:10DC78009914FB9281A1C7E284D73E67F1809A4844
:10DC8800A497200E046D39CCC7112CD003000000D6
:10DC980038000000E8030000616263000000000033
:10DCA800000000000000000000000000000000006C
:10DCB800000000000000000000000000000000005C
:10DCC800000000000000000000000000000000004C
:10DCD8000061626364626364656364656664656663
:10DCE8006765666768666768696768696A68696AB0
:10DCF8006B696A6B6C6A6B6C6D6B6C6D6E6C6D6E60
:10DD08006F6D6E6F706E6F70710000000000000024
:10DD180000000000000000000000000000000000FB
:10DD280000000000000000000000000000000000EB
:10DD380000000000000000000000000000000000DB
:10DD4800000000000000000022AE28D7982F8A4269
:10DD5800CD65EF23914437712F3B4DECCFFBC0B518
:10DD6800BCDB8981A5DBB5E938B548F35BC2563918
:10DD780019D005B6F111F1599B4F19AFA4823F9202
:10DD880018816DDAD55E1CAB420203A398AA07D8A6
:10DD9800BE6F7045015B83128CB2E44EBE853124A0
:10DDA800E2B4FFD5C37D0C556F897BF2745DBE72FA
:10DDB800B196163BFEB1DE803512C725A706DC9B5F
:10DDC800942669CF74F19BC1D24AF19EC1699BE444
:10DDD800E3254F388647BEEFB5D58C8BC69DC10F5E
:10DDE800659CAC77CCA10C2475022B596F2CE92DBE
:10DDF80083E4A66EAA84744AD4FB41BDDCA9B05C56
:10DE0800B5531183DA88F976ABDF66EE52513E9846
:10DE18001032B42D6DC631A83F21FB98C82703B036
:10DE2800E40EEFBEC77F59BFC28FA83DF30BE0C613
:10DE380025A70A934791A7D56F8203E05163CA06C5
:10DE4800706E0E0A67292914FC2FD246850AB72757
:10DE580026C9265C38211B2EED2AC45AFC6D2C4D90
:10DE6800DFB3959D130D3853DE63AF8B54730A658A
:10DE7800A8B2773CBB0A6A76E6AEED472EC9C281E6
:10DE88003B358214852C72926403F14CA1E8BFA241
:10DE9800013042BC4B661AA89197F8D0708B4BC2E0
:10DEA80030BE5406A3516CC71852EFD619E892D168
:10DEB80010A96555240699D62A20715785350EF480
:10DEC800B8D1BB3270A06A10C8D0D2B816C1A41994
:10DED80053AB4151086C371E99EB8EDF4C774827BE
:10DEE800A8489BE1B5BCB034635AC9C5B30C1C390A
:10DEF800CB8A41E34AAAD84E73E363774FCA9C5B47
:10DF0800A3B8B2D6F36F2E68FCB2EF5DEE828F74C1
:10DF1800602F17436F63A57872ABF0A11478C8849B
:10DF2800EC39641A0802C78C281E6323FAFFBE90D6
:10DF3800E9BD82DEEB6C50A41579C6B2F7A3F9BE31
:10DF48002B5372E3F27871C69C6126EACE3E27CA4B
:10DF580007C2C021C7B886D11EEBE0CDD67DDAEA6C
:10DF680078D16EEE7F4F7DF5BA6F1772AA67F0060B
:10DF7800A698C8A2C57D630AAE0DF9BE04983F11E4
:10DF88001B471C13350B711B847D0423F577DB2895
:10DF98009324C7407BABCA32BCBEC9150ABE9E3C9F
:10DFA8004C0D109CC4671D43B6423ECBBED4C54C35
:10DFB8002A7E65FC9C297F59ECFAD63AAB6FCB5F79
:10DFC8001758474A8C19446CCB00753F45A35E8BA4
:10DFD800B5A03D699AC65007272C32AB0EDED16337
:10DFE8001A8B605A43FF5BED8086072BA1E7CC2391
:10DFF80058BAECA134C825A70000000000000000B2
:10E00800000000000000000009330C33F71147E856
:10E018003D192FC782CD1B4753111B173B3B05D218
:10E028002FA08086E3B0F712FCC7C71A557E2DB91A
:10E0380066C3E9FA9174603900000000000000002E
:10E0480000000000000000009D0E1809716474CBE8
:10E05800086E834E310A4A1CED149E9C00F2485209
:10E068007972CEC5704C2A5B07B8B3DC38ECC4EBC8
:10E07800AE97DDD87F3D89850000000000000000D4
:10E088000000000000000000DDAF35A193617ABAFE
:10E09800CC417349AE20413112E6FA4E89A97EA2DD
:10E0A8000A9EEEE64B55D39A2192992A274FC1A88A
:10E0B80036BA3C23A3FEEBBD454D4423643CE80E31
:10E0C8002A9AC94FA54CA49F8E959B75DAE313DA5B
:10E0D8008CF4F72814FC143F8F7779C6EB9F7FA147
:10E0E8007299AEADB6889018501D289E4900F7E485
:10E0F800331B99DEC4B5433AC7D329EEB6DD26549F
:10E108005E96E55B874BE909E718483D0CE76964CB
:10E118004E2E42C7BC15B4638E1F98B13B204428CD
:10E128005632A803AFA973EBDE0FF244877EA60A26
:10E138004CB0432CE577C31BEB009C5C2C49AA2E02
:10E148004EADB217AD8CC09B0300000070000000FC
:10E15800E8030000616263000000000000000000A6
:10E1680000000000000000000000000000000000A7
:10E178000000000000000000000000000000000097
:10E188000000000000000000000000000000000087
:10E198000000000000000000000000000000000077
:10E1A8000000000000000000000000000000000067
:10E1B8000000000000000000000000000000000057
:10E1C80000000000006162636465666768626364FA
:10E1D8006566676869636465666768696A646566D1
:10E1E8006768696A6B65666768696A6B6C666768A1
:10E1F800696A6B6C6D6768696A6B6C6D6E68696A71
:10E208006B6C6D6E6F696A6B6C6D6E6F706A6B6C40
:10E218006D6E6F70716B6C6D6E6F7071726C6D6E10
:10E228006F707172736D6E6F70717273746E6F70E0
:10E238007172737475000000000000000000000097
:10E2480000000000000000000000000000000000C6
:10E2580000000000000000000000000000000000B6
:10E2680000000000000000000000000000000000A6
:10E278000000000000000000000000000000000096
:10E288000000000000000000000000000000000086
:10E298000000000000000000000000000000000076
:10E2A800000000000000000009C000005C310020F0
:10E2B8000504040003000000010000000300000042
:10E2C80003000000000000000AC000008C3100209C
:10E2D8000704040003000000010000000300000020
:10E2E800030000000000000023C00000B43100203B
:10E2F80005060400030000000300000003000000FE
:10E3080003000000000000002BC00000DC310020EA
:10E318000E060400030000000300000003000000D4
:10E32800030000000000000024C0000004320020A8
:10E3380007070400030000000300000003000000BA
:10E3480003000000000000002CC000002C32002058
:10E358001007040003000000030000000300000091
:10E368000300000000000000ADC00000543200208F
:10E378002D06040003000000030000000300000055
:10E388000300000000000000AFC000007832002049
:10E398002D06040003000000030000000300000035
:10E3A8000300000002000000ACC000009C32002006
:10E3B8002B06040003000000030000000300000017
:10E3C8000300000000000000AEC00000C0320020C2
:10E3D8002B060400030000000300000003000000F7
:10E3E800030000000200000072C00000E4320020B8
:10E3F80014060400030000000100000003000000F0
:10E40800030000000000000073C000001433002067
:10E4180016070400030000000100000003000000CC
:10E42800030000000000000086C000004433002004
:10E438001D060400030000000300000003000000A4
:10E44800030000000000000087C0000074330020B3
:10E458001F07040003000000030000000300000081
:10E46800030000000000000008C00000A4330020E2
:10E478002504040003000000010000000300000060
:10E48800030000000000000013C00000CC3300208F
:10E498000504030003000000010000000300000061
:10E4A800030000000000000014C00000F03300204A
:10E4B800070403000300000001000000030000003F
:10E4C800030000000000000027C0000014340020F2
:10E4D800050603000300000003000000030000001D
:10E4E80003000000000000002FC000003C340020A2
:10E4F8000E060300030000000300000003000000F4
:10E50800030000000000000028C000006434002060
:10E5180007070300030000000300000003000000D9
:10E52800030000000000000030C000008C34002010
:10E5380010070300030000000300000003000000B0
:10E54800030000000000000076C00000B434002082
:10E55800140603000300000001000000030000008F
:10E56800030000000000000077C00000E034002035
:10E57800160703000300000001000000030000006C
:10E5880003000000000000008AC000000C350020D5
:10E598001D06030003000000030000000300000044
:10E5A80003000000000000008BC000003835002088
:10E5B8001F07030003000000030000000300000021
:10E5C800030000000000000012C0000064350020B5
:10E5D8002504030003000000010000000300000000
:10E5E80003000000000000009F00000088350020A4
:10E5F80010070200030000000300000003000000F1
:10E6080003000000000000009E000000AC35002060
:10E618000E060200030000000300000003000000D3
:10E62800030000000000000067000000D035002053
:10E6380005060200030000000300000003000000BC
:10E6480003000000000000006B000000F43500200B
:10E65800070602000300000003000000030000009A
:10E6680003000000000000003300000018360020FE
:10E678000504020003000000000000000300000081
:10E688000300000000000000390000003C360020B4
:10E69800070402000300000000000000030000005F
:10E6A80003000000000000009FC00000603600204A
:10E6B8002D06020003000000030000000300000014
:10E6C8000300000000000000A3C000008036002006
:10E6D8002D060200030000000300000003000000F4
:10E6E80003000000020000009EC00000A0360020C9
:10E6F8002B060200030000000300000003000000D6
:10E708000300000000000000A2C00000C036002086
:10E718002B060200030000000300000003000000B5
:10E728000300000002000000BE000000E0360020E8
:10E7380014060200030000000300000003000000AC
:10E748000300000000000000C40000000C37002097
:10E75800160602000300000003000000030000008A
:10E7680003000000000000004500000038370020CA
:10E778001404020003000000000000000300000071
:10E78800030000000000000088000000603700203F
:10E79800160402000300000000000000030000004F
:10E7A80003000000000000007CC000008837002043
:10E7B8001D06020003000000030000000300000023
:10E7C80003000000000000007DC00000B4370020F6
:10E7D8001F07020003000000030000000300000000
:10E7E800030000000000000016000000E0370020D1
:10E7F80025040200030000000000000003000000E0
:10E8080003000000000000009D0000000438002004
:10E8180010070100030000000300000003000000CF
:10E8280003000000000000009C00000024380020C5
:10E838000E060100030000000300000003000000B2
:10E8480003000000000000003C00000044380020E5
:10E85800050601000300000003000000030000009B
:10E8680003000000000000003D00000064380020A4
:10E878000706010003000000030000000300000079
:10E8880003000000000000002F0000008438002072
:10E898000504010003000000000000000300000060
:10E8A800030000000000000035000000A43800202C
:10E8B800070401000300000000000000030000003E
:10E8C80003000000000000009DC00000C4380020C4
:10E8D8002D060100030000000300000003000000F3
:10E8E8000300000000000000A1C00000E038002084
:10E8F8002D060100030000000300000003000000D3
:10E9080003000000020000009CC00000FC3800204A
:10E918002B060100030000000300000003000000B4
:10E928000300000000000000A0C00000183900200B
:10E938002B06010003000000030000000300000094
:10E948000300000002000000BA0000003439002073
:10E95800140601000300000003000000030000008B
:10E968000300000000000000C00000005C39002027
:10E978001606010003000000030000000300000069
:10E98800030000000000000041000000843900205E
:10E998001404010003000000000000000300000050
:10E9A800030000000000000084000000A8390020D7
:10E9B800160401000300000000000000030000002E
:10E9C80003000000000000007AC00000CC390020DD
:10E9D8001D06010003000000030000000300000002
:10E9E80003000000000000007BC00000F439002094
:10E9F8001F070100030000000300000003000000DF
:10EA080003000000000000000A0000001C3A00207B
:10EA180025040100030000000000000003000000BE
:10EA280003000000000000000EC000003C3A002077
:10EA380005040900030000000100000003000000B5
:10EA480003000000000000000FC00000603A002032
:10EA58000704090003000000010000000300000093
:10EA6800030000000000000029C00000843A0020D4
:10EA78000506090003000000030000000300000071
:10EA8800030000000000000031C00000AC3A002084
:10EA98000E06090003000000030000000300000048
:10EAA80003000000000000002AC00000D43A002043
:10EAB800070709000300000003000000030000002E
:10EAC800030000000000000032C00000FC3A0020F3
:10EAD8001007090003000000030000000300000005
:10EAE800030000000000000078C00000243B002064
:10EAF80014060900030000000100000003000000E4
:10EB0800030000000000000079C00000503B002016
:10EB180016070900030000000100000003000000C0
:10EB280003000000000000008CC000007C3B0020B7
:10EB38001D06090003000000030000000300000098
:10EB480003000000000000008DC00000A83B00206A
:10EB58001F07090003000000030000000300000075
:10EB680003000000000000000DC00000D43B00209E
:10EB78002504090003000000010000000300000054
:10EB8800030000000000000004C00000F83B002063
:10EB980005040A0003000000010000000300000053
:10EBA800030000000000000005C000001C3C00201D
:10EBB80007040A0003000000010000000300000031
:10EBC800030000000000000025C00000403C0020B9
:10EBD80005060A000300000003000000030000000F
:10EBE80003000000000000002DC00000683C002069
:10EBF8000E060A00030000000300000003000000E6
:10EC0800030000000000000026C00000903C002027
:10EC180007070A00030000000300000003000000CB
:10EC280003000000000000002EC00000B83C0020D7
:10EC380010070A00030000000300000003000000A2
:10EC4800030000000000000074C00000E03C002049
:10EC580014060A0003000000010000000300000081
:10EC6800030000000000000075C000000C3D0020FB
:10EC780016070A000300000001000000030000005E
:10EC8800030000000000000088C00000383D00209C
:10EC98001D060A0003000000030000000300000036
:10ECA800030000000000000089C00000643D00204F
:10ECB8001F070A0003000000030000000300000013
:10ECC800030000000000000003C00000903D002089
:10ECD80025040A00030000000100000003000000F2
:10ECE8000300000000000000A8000000B83D00205C
:10ECF8000E060500030000000300000003000000EA
:10ED08000300000000000000A9000000D83D00201A
:10ED180010070500030000000300000003000000C6
:10ED28000300000000000000AE000000F83D0020D5
:10ED380005060500030000000100000003000000B4
:10ED48000300000000000000AF000000183E002093
:10ED58000707050003000000010000000300000091
:10ED680003000000000000008C000000383E002076
:10ED78000504050003000000000000000300000077
:10ED880003000000000000008D000000583E002035
:10ED98000704050003000000000000000300000055
:10EDA8000300000000000000A5C00000783E00201D
:10EDB8002D0605000300000003000000030000000A
:10EDC8000300000000000000A9C00000943E0020DD
:10EDD8002D060500030000000300000003000000EA
:10EDE8000300000002000000A4C00000B03E0020A4
:10EDF8002B060500030000000300000003000000CC
:10EE08000300000000000000A8C00000CC3E002065
:10EE18002B060500030000000300000003000000AB
:10EE2800030000000200000094C00000E83E00203B
:10EE380014060500030000000100000003000000A4
:10EE4800030000000000000095C00000103F0020F3
:10EE58001607050003000000010000000300000081
:10EE680003000000000000008EC00000383F0020B2
:10EE78001D06050003000000030000000300000059
:10EE880003000000000000008FC00000603F002069
:10EE98001F07050003000000030000000300000036
:10EEA80003000000000000008B000000883F0020E5
:10EEB8002504050003000000000000000300000016
:10EEC8000300000000000000AA000000A83F002086
:10EED8000E06060003000000030000000300000007
:10EEE8000300000000000000AB000000CC3F002041
:10EEF80010070600030000000300000003000000E4
:10EF08000300000000000000B2000000F03F0020F5
:10EF180005060600030000000100000003000000D1
:10EF28000300000000000000B300000014400020AF
:10EF380007070600030000000100000003000000AE
:10EF4800030000000000000090000000384000208E
:10EF58000504060003000000000000000300000094
:10EF68000300000000000000910000005C40002049
:10EF78000704060003000000000000000300000072
:10EF88000300000000000000A7C00000804000202F
:10EF98002D06060003000000030000000300000027
:10EFA8000300000000000000ABC00000A0400020EB
:10EFB8002D06060003000000030000000300000007
:10EFC8000300000002000000A6C00000C0400020AE
:10EFD8002B060600030000000300000003000000E9
:10EFE8000300000000000000AAC00000E04000206C
:10EFF8002B060600030000000300000003000000C9
:10F00800030000000200000096C00000004100203C
:10F0180014060600030000000100000003000000C1
:10F02800030000000000000097C000002C410020F1
:10F03800160706000300000001000000030000009E
:10F04800030000000000000090C0000058410020AC
:10F058001D06060003000000030000000300000076
:10F06800030000000000000091C00000844100205F
:10F078001F07060003000000030000000300000053
:10F0880003000000000000008F000000B0410020D5
:10F098002504060003000000000000000300000033
:10F0A800030000000000000037C00000D441002029
:10F0B800050608000300000001000000030000002E
:10F0C800030000000000000038C00000FC410020E0
:10F0D800070708000300000001000000030000000B
:10F0E800030000000000000035C00000244200209A
:10F0F80005040800030000000100000003000000F0
:10F10800030000000000000036C000004842002054
:10F1180007040800030000000100000003000000CD
:10F1280003000000000000009AC000006C420020AC
:10F13800140608000300000001000000030000009E
:10F1480003000000000000009BC00000984200205F
:10F15800160708000300000001000000030000007B
:10F16800030000000000000034C00000C44200207A
:10F17800250408000300000001000000030000004F
:10F188000300000000000000AC000000E84200207E
:10F198000E06070003000000030000000300000043
:10F1A8000300000000000000AD0000000C43002038
:10F1B8001007070003000000030000000300000020
:10F1C8000300000000000000B600000030430020EB
:10F1D800050607000300000001000000030000000E
:10F1E8000300000000000000B700000054430020A6
:10F1F80007070700030000000100000003000000EB
:10F208000300000000000000940000007843002084
:10F2180005040700030000000100000003000000CF
:10F228000300000000000000950000009C4300203F
:10F2380007040700030000000100000003000000AD
:10F24800030000000000000098C00000C043002038
:10F25800140607000300000001000000030000007E
:10F26800030000000000000099C00000EC430020EB
:10F27800160707000300000001000000030000005B
:10F28800030000000000000092C0000018440020A5
:10F298001D06070003000000030000000300000033
:10F2A800030000000000000093C000004444002058
:10F2B8001F07070003000000030000000300000010
:10F2C80003000000000000009300000070440020CC
:10F2D80025040700030000000100000003000000EF
:10F2E800030000000000000000000000382000209B
:10F2F8000000000000000000000000000000000006
:10F308000000000000000000A8CC0000A9CC00000C
:10F31800AACC00002CC0000030C000009F000000F4
:10F32800ADC000009FC0000024C0000028C000003D
:10F338006B0000000AC0000014C000003900000083
:10F34800AFC00000A3C0000087C000008BC0000051
:10F358007DC0000073C0000077C00000C40000003A
:10F36800880000005DC0000061C0000053C00000BC
:10F3780049C000004DC0000045C000002BC000007F
:10F388002FC000009E000000ACC000009EC000001E
:10F3980023C0000027C000006700000009C000006B
:10F3A80013C0000033000000AEC00000A2C000007F
:10F3B80086C000008AC000007CC0000072C0000047
:10F3C80076C00000BE000000450000005CC00000E0
:10F3D80060C0000052C0000048C000004CC00000DF
:10F3E80044C0000008C0000012C000001600000061
:10F3F800ACCC0000ADCC0000AB000000A7C0000002
:10F4080038C00000B300000036C0000091000000C2
:10F4180091C000009BC0000097C00000ABC0000076
:10F428006DC0000071C0000067C00000AA000000A5
:10F43800A6C0000037C00000B200000035C00000C0
:10F448009000000090C0000096C000009AC0000024
:10F45800AAC000006CC0000070C0000066C00000B8
:10F4680034C000008F000000FFC000009D000000B5
:10F478009DC000003D0000003500000032C00000C3
:10F488002AC000000FC000002EC0000026C00000E7
:10F4980005C00000A1C000007BC00000C000000043
:10F4A800840000008DC0000079C0000089C0000001
:10F4B80075C000005FC0000063C0000051C00000BC
:10F4C8004BC000004FC000003DC000009C00000081
:10F4D8009CC000003C0000002F00000031C000006C
:10F4E80029C000000EC000002DC0000025C000008B
:10F4F80004C00000A0C000007AC00000BA000000EC
:10F50800410000008CC0000078C0000088C00000E6
:10F5180074C000005EC0000062C0000050C000005F
:10F528004AC000004EC000003CC000000A000000B5
:10F538000DC0000003C00000AECC0000AD0000000C
:10F54800B70000009500000093C0000099C00000BB
:10F558006FC0000069C00000AC000000B6000000E9
:10F568009400000092C0000098C000006EC0000027
:10F5780068C0000093000000ABCC0000A9000000A8
:10F58800A5C00000AF0000008D0000008FC0000083
:10F5980095C00000A9C000006BC0000065C0000055
:10F5A800A8000000A4C00000AE0000008C0000000D
:10F5B8008EC0000094C00000A8C000006AC000000F
:10F5C80064C000008B00000007C0000011C00000EC
:10F5D80033C000008E000000050000000400000099
:10F5E8000CC0000002C00000920000008A00000069
:10F5F800150000000900000006C0000010C000004F
:10F608003BC000003AC0000039C00000B50000004F
:10F61800B40000002D0000003B00000002000000C4
:10F62800010000000BC0000001C00000B90000008C
:10F63800B80000002E000000B1000000B00000007B
:10F648002C0000000000000001000000A848002075
:10F65800020000003C490020040000006C49002022
:10F6680008000000B449002010000000F049002004
:10F6780020000000244A002040000000384A0020F2
:10F6880080000000504A002000010000784A002055
:10F6980000020000A84A002000040000D84A002008
:10F6A80000080000F44A002000100000204B002051
:10F6B80000200000544B002000400000844B002034
:10F6C80000800000BC4B002000000100084C002016
:10F6D800000002005C4C0020000004008C4C00205C
:10F6E80000000800D04C00200000000000000000CE
:10F6F800F0000000FFFFFF0FFFFFFF0F00080000F2
:10F70800600000000A0000000C000000000000007B
:10F71800E0000000FFFFFF0FFC08000000080000E9
:10F728000101010116035500530042002000530057
:10F7380065007200690061006C0000001803540045
:10F74800650065006E00730079006400750069004B
:10F758006E006F000403090409024B00020100C097
:10F7680032080B0002020201000904000001020233
:10F7780001000524001001052401010104240206EA
:10F788000524060001070582031000100904010082
:10F79800020A000000070503024000000705840272
:10F7A8004000000009024B00020100C032080B00B3
:10F7B80002020201000904000001020201000524FE
:10F7C8000010010524010101042402060524060095
:10F7D800010705820310000509040100020A000060
:10F7E800000705030200020007058402000200006A
:0CF7F8000A060002EF02014001000100BF
:10F8040000000000000000000000000000000000F4
:10F8140000000000000000000000000000000000E4
:10F8240010B5054C237833B9044B13B10448AFF336
:10F8340000800123237010BDA88E0020000000006A
:10F8440004880100084B10B51BB108490848AFF300
:10F8540000800848036803B910BD074B002BFBD098
:10F86400BDE81040184700BF00000000AC8E002027
:10F8740004880100C06600200000000000207047DA
:10F88400704700BF10B50446C06808B111F068FEA7
:10F89400204610BD08B5234B0A2223492DED028BC7
:10F8A400B2EE048AD3ED007A67EE887AFDEEE77A49
:10F8B40017EE900A11F026FE1C4B1B7B13B31C4B56
:10F8C4000A221C49D3ED007A67EE887AFDEEE77AC6
:10F8D40017EE900A11F016FE174BD3ED007A0A22A8
:10F8E400164927EE888AFDEEC87A17EE900A11F0C1
:10F8F40009FE0A2212490020BDEC028BBDE8084033
:10F9040011F000BE0C4B0A220A49D3ED007A67EECF
:10F91400887AFDEEE77A17EE900A11F0F3FD044BB6
:10F92400DBE700BF28E2002060EB0020F862002043
:10F93400B099002068EB0020B49B002070EB0020FD
:10F944007CEB00202DE9F041114C94F85B50C5F19B
:10F954005A05002D1ADD94F85910002794F85860C0
:10F9640021440C4814F80680A75512F087FE042D94
:10F9740004F806800ADD94F8545094F85510665D36
:10F9840021440548675512F079FE6655BDE8F081BB
:10F9940050EC0020F0EF0020ACED002010490022D4
:10F9A40030B4134601F1440411F8010F0344A14299
:10F9B400DBB21A44D2B2F7D10A490B4D91F8460092
:10F9C4000A4C98422B70227002D0002030BC704741
:10F9D40091F84700801AB0FA80F030BC40097047B3
:10F9E400315F0020305F00200EF000200FF0002077
:10F9F4002DE9F0419FED670A82B002200FF076FCFA
:10FA04009FED640A03200FF071FC022122200EF006
:10FA140047FE022120200EF043FE022125200EF095
:10FA24003FFE012104200EF03BFE052129200EF0AB
:10FA340037FE052118200EF033FE574804F028FB4A
:10FA4400554818F0CDFA554804F042FA002850D031
:10FA54001021534810F0F8FE5248534F0EF016F997
:10FA6400524C00200EF0B2FE207001200EF0AEFECB
:10FA74006070B4F90030B3F5166F45D04FF41663D7
:10FA840002A80422002140F8043D0FF02FF81022B0
:10FA94000A2147480FF02AF8DFF814810D222821A3
:10FAA4004448444E0FF022F803223C2142480FF010
:10FAB4001DF898F80110F0EE086A98F805303279CC
:10FAC4005B1A3E4907EE903AF8EEE77A87EEA67A9B
:10FAD40081ED007A002A58D13B78002B3BD12121BB
:10FAE400374810F0B1FE2F480EF0D0F802B0BDE850
:10FAF400F0810446152133482B4F10F0A5FE294808
:10FB04000EF0C4F83C70ABE72F4C04F1010804F18B
:10FB14001006C8F10B0528190EF058FE04F8010F61
:10FB2400A642F8D1234E28243546204601340EF04F
:10FB34004DFE05F8010B352CF7D11F4C3C200EF07F
:10FB440045FE20703D200EF041FE60703E200EF018
:10FB54003DFEA070ADE728211C4810F075FE114849
:10FB64000EF094F800210C200EF08EFD01210B20E4
:10FB74000EF08AFD8021094804F0A8F90021074805
:10FB840004F0A0F902B0BDE8F081012103200EF0D9
:10FB940087FDA1E70000F44288550020A4E400207A
:10FBA400780F0020A852002030630020FCEF0020D2
:10FBB40008630020F8620020606200205CEB0020F3
:10FBC400D00F00208C0F002007630020A40F00201A
:10FBD400F0B50B4C83B0526805460E46094F0192AE
:10FBE40069461A462046009704F02AFF3246294601
:10FBF400204604F039FF204604F02AFF03B0F0BD8C
:10FC0400D0900020C00600202DE9F043A84C89B014
:10FC1400204604F0AFFF80B2042802D809B0BDE842
:10FC2400F083A44D18222046294604F045FF2B7882
:10FC3400802BF3D16B78812BF0D1AB787F2BEDD176
:10FC4400EB78FE2B63D0FC2B00F06E81FB2B00F0D5
:10FC5400B781C82B00F02382C92B00F03682CA2B4F
:10FC6400DCD12A79934B032AD8D15A79CA2AD5D11F
:10FC74009B79CA2BD2D1904B4FF0800E94F814800C
:10FC84008127DA78CB2693F800C007208DF812205C
:10FC940017218DF8182004AD5A789B788DF815C07B
:10FCA4000DF11B0C8DF81730637D8DF816200DF1C6
:10FCB4001102A47D8DF81A3000238DF819808DF877
:10FCC4001B408DF810E08DF811708DF813608DF8DD
:10FCD40014008DF81C1012F8011F0B4462459EB2EB
:10FCE40033B2F8D1FF24754F284642F20F7302AAAB
:10FCF4000D218DF81C6002978DF80C408DF80D4095
:10FD04008DF80E408DF80F40FFF762FF86E76C4BCD
:10FD14001B78002B82D095F909202B7AB5F80510B1
:10FD240043EA0223674E06EE101A674907EE103ABB
:10FD3400664CB8EEC66B0A78B8EEC77BEB793270C6
:10FD4400D71A2468624A18BF01270B7061486249B8
:10FD5400624E1460DA0737709FED514B9FED525B92
:10FD640027EE047B26EE056BB7EEC77BB7EEC66BBA
:10FD740080ED007A81ED006A40F1D681584B1B7802
:10FD8400012B00F0D181574B00221A7056492723CA
:10FD94009FED567A0F22D1ED007AB820544C2221DF
:10FDA40067EE877A534E2372534BFDEEE77A534F37
:10FDB400E2711A78CDED017ABDF90430B6F800C0CD
:10FDC40097F900E01E126371A671BEF1020F4C4E4A
:10FDD4006072AF7AA172E2724A49E87A2A7B4A4B8E
:10FDE40084F80CC0377008701A7040F3CA8102227C
:10FDF400002013460133A25CDBB21044734500B209
:10FE04001A46F7DBDFF81C8104AD404F0E2104F8DD
:10FE14000E002A46D8F80460284C3B8834480596DE
:10FE24000494FFF7D5FE3A4B1A7A1AB95B7A002B81
:10FE34003FF4F4AE374E33785A1C022B32707FF6FF
:10FE4400EDAE354B354AD3ED007A92F900E0FCEE85
:10FE5400E77ADFF8CCC0BEF1020F17EE903A8CF8C7
:10FE6400053040F3908102224FF00009134601331C
:10FE74001CF80220DBB24A4473450FFA82F91A4691
:10FE8400F5DBD8F804002A463B880E210590244867
:10FE94000CF80E900494FFF79BFE00233370BDE62C
:10FEA4007B14AE47E17A843F9A9999999999B93F1D
:10FEB400D0900020C8E40020CC900020C006002090
:10FEC4003063002028F0002020F00020E0EF002024
:10FED40058EB0020C4ED002054EB002021F000205A
:10FEE400386300203A630020BCED00200000C842C3
:10FEF4009852002002F0002033F0002032630020EA
:10FF040035F000202DF000202EF00020BC620020EF
:10FF1400F862002017F00020A4ED002031630020D7
:10FF240088520020C49000209D4B1B78002B3FF486
:10FF340075AE287A10222B7B0A2107EE900A994C81
:10FF440006EE103A6B7AB8EE677AEF7A05EE903ADD
:10FF5400B8EE466AAB7AB7EEC77A6E79F8EE655AB0
:10FF640043EA0723B7EEC66AAD796380C4ED025A4B
:10FF740020712046267065719FED854B9FED865B51
:10FF840027EE047B26EE056BB7EEC77BFCEEC77A43
:10FF9400B7EEC66B17EE903A84ED036A63700EF009
:10FFA400A5FD6379F0EE086A61787F4A5B1A07EE73
:10FFB400903AF8EEE77A87EEA67A82ED007A2DE69B
:10FFC4006B797A4C13F0010218BF0122227003F0FE
:10FFD400020202F0FF01002A00F0A48001226270F4
:10FFE40003F0040202F0FF01002A00F099800122CC
:0CFFF400A27003F0080202F0FF01002AD6
:02000004600397
:1000000000F08E800122E27003F0100202F0FF0186
:10001000002A00F083800122227103F0200202F006
:10002000FF01002A78D00122627103F0400202F041
:10003000FF01002A6ED00122A2711B06AA794CBFD3
:1000400001230023A272E3712B7A594A13F00101B4
:1000500018BF0121D17203F0020202F0FF01002A51
:1000600056D00122227203F0040202F0FF01002A9E
:100070004CD00122627203F0080303F0FF02002B50
:1000800042D0012323730D22282149480EF030FD70
:100090002379002B3FF4C4AD012103200EF002FBB5
:1000A000BEE5404B1B78002B44D1424B1B78002B04
:1000B0003FF4B6AD404804AA404B0B214568404C84
:1000C0001B88404805950494FFF784FDA8E52B792B
:1000D000052B7FF4A5AD6B793B4CC92B7FF4A0AD0C
:1000E000A379C92B7FF49CAD384B0322E6793C21E0
:1000F000257A1846647A1E705D709C700EF0F8FCCC
:10010000334B344A1A608BE52273BCE76172B2E765
:100110002172A8E7A17190E7617186E721717CE700
:10012000E17071E7A17066E761705BE72A4B6622B8
:100130001A702DE6294B04AA9FED297A0B21D3EDE5
:10014000007A1D4867EE877A264B274DB3F90030B9
:10015000FDEEE77A4068254C2F781D12CDED017A2F
:100160000590BDF90400154E4FEA202E2572144D5E
:10017000E37160712046338884F806E06772049565
:10018000FFF728FD91E700203EE64FF000097AE6F0
:10019000AFF30080333333333333F33F7B14AE4755
:1001A000E17A843F30630020086300205CEB00208C
:1001B000F86200203EF00020C4900020BC620020C5
:1001C000C0060020EC610020C8E40020606200202E
:1001D0000CED00E00400FA053A630020BCED0020BD
:1001E0000000C842FEEF002033F00020E061002054
:1001F000364BB0EE086A3648D3ED006A354BFDEE5B
:10020000E67A354910B417EE904A027883B0002C94
:1002100007EE102A314AB8BF6442B8EEC77A07EE3B
:10022000904A27EE267AF8EEE77AFDEEC76A83ED6C
:10023000007AF4EEC67AC2ED007ACDED016AF1EEF5
:1002400010FABDF904300B8031D54278002B07EE4F
:10025000102A234AB8EEC77AD2ED006AA7EEA67A32
:10026000FDEEC77ACDED017ABDF9042022DB03D083
:10027000007903441BB20B809A4201DA13460A80CC
:1002800052429342174BB8BF0A809A7812B10A883B
:1002900052420A80DB7A33B1B1F9003013F1FA0F20
:1002A0000DDA41230B8003B05DF8044B7047002B3F
:1002B0004279DCDA00791B1A1BB20B80DCE7FA2BDF
:1002C000A8BFFA239B1080331BB2EBE7C0ED0020E0
:1002D000086300204CEC002004F0002070E70020B0
:1002E0005CEB0020F8620020214B10B51979214CFD
:1002F000A1B1B4F9001040221F4B00291EDBC3F846
:1003000084205B685A0602D41C4B1D4ADA62022024
:100310000EF08AFF22881B4B1A8010BDB4F9003002
:10032000002B17DD03200EF07FFFB4F90010022030
:100330000EF07AFF2288134B1A8010BDC3F8882074
:100340005B685B0602D40D4B3822DA62494209B27F
:100350002180DCE75B42022023800EF065FFB4F9C8
:10036000001003200EF060FF2288064B1A8010BD9B
:10037000F862002004F0002000C0004200801F400E
:1003800038F0010002F00020000000002DE9F04FDD
:1003900083B0BE4DFFF73AFCBD492A680B68BD48E3
:1003A000D31A0260182B18D8BB4EBC4A2B681168B0
:1003B000B64A5B1AB3F57A7F80F04E81B84913686C
:1003C00008681B1AC82B00F202813378B24C002B4C
:1003D00040F0218103B0BDE8F08FDFF81C830120DD
:1003E000AD4E98F800300A60FA2B307000F22C8184
:1003F0000344AC4F88F80030DFF800932220AA4C69
:100400000EF04AF989F8000020200EF045F96379D2
:10041000A64A012B107002D1012800F0AC82A44B37
:100420001B7823B1A34B1B78012B00F02C823B7867
:100430009C4A002B00F02E82DFF880A29E4B002207
:100440001A6020B99AF80030012B00F01482E37989
:100450008AF800009949944A2BB1994B927A1B78FB
:100460009A4240F28C81237ADFF83CB2002B40F0B4
:100470009281637A002B40F01D8225200EF00CF94A
:100480003978830099F80020DFF874E243EA4103E9
:10049000DFF870C2E17813438CF800008EF800306A
:1004A00009B14FF48041DFF860B2864803F00EFDD9
:1004B000844803F033FDABF80000824803F066FD8A
:1004C000BBF90020804952108048DFF84092114467
:1004D00013B222780180ABF800307D49002A00F089
:1004E000C0804A8891ED027AC2F56542B1EE477A42
:1004F0006B3213441BB207EE903AABF80030F8EEC3
:10050000E76AC6EE877AF5EEC07AC9ED007AF1EEB9
:1005100010FA00F119826F4A92ED007AB4EEE77A90
:10052000F1EE10FA07DCD2ED146AF4EEE76AF1EEB0
:1005300010FA40F1168101236621DFF8B8E10020AE
:1005400088F800103B708EF800308AF80000B4EE96
:10055000E77AF1EE10FAC0F2F8805F4BD3ED007A43
:100560006329C9ED007A00F2D38023794E4A002B2B
:1005700000F07C815378002B00F0ED8100210320F6
:100580000EF084F8554B564A93ED007AD9ED007A77
:10059000D2ED006A534B77EEE66AB7EEC77A9FED6D
:1005A000355BC3ED006AB4EEC57BF1EE10FA01D500
:1005B00000221A60FFF71CFEFFF796FE01210C20B7
:1005C0000EF064F800210B200EF060F8EDE64348D1
:1005D000136890ED007A0B60B7EEC77A424B9FED3F
:1005E000276BB4EEC67BF1EE10FA36DD18780022E8
:1005F000294C9FED246B27EE067BB7EEC77BFCEE04
:10060000C77ACDED017ABDF804100DF0FDFB33780B
:10061000002B3FF4DFAE25200EF03EF8334B34497B
:100620001A78087082423FF4D5AE187000283FF463
:10063000D1AE2378002B3FF4CDAE214A00211378B0
:10064000217001331370C5E66622164F294B88F8D6
:10065000002038701870CFE6234B18780DF06EFC30
:10066000B3E64A8891ED027AA2F5D452153A40E7F2
:10067000AFF300809A9999999999C93F295C8FC2E3
:10068000F528BC3FF54A5986380E4240E0EF00207D
:100690007C5F0020805F00201DF0002058EB0020D0
:1006A000B8ED002038630020F86200202CF0002014
:1006B00021F0002020F0002044E4002029F0002058
:1006C0002AF00020A4E4002070E5FFFFFEEF0020E8
:1006D00008630020F86100206862002054EB0020CD
:1006E000C4ED0020C0ED00203963002024F000207C
:1006F00034F00020376300203A6300203FF00020F0
:1007000033F000202FF0002008F00020BCED002086
:100710002179B04B002900F0A5805978002900F01C
:100720001F81012103200DF0B1FF0024AA4B1C8082
:10073000FFF7DAFDA94B01210B201C700DF0A6FF7D
:1007400021460C200DF0A2FF2FE692ED147AA44B67
:10075000B4EEE77AF1EE10FA4ED8A24BD3ED147A4C
:10076000FEE6A14BF3EE096A93ED006AB4EEE66A89
:10077000F1EE10FA3FF7DFAE98F80010E7E601233C
:100780009A480022DFF84CB23B700370237A0A705B
:10079000002B3FF46EAE18200DF036FD06EE100A69
:1007A0009BF80A30BAEECF6A914A06EE903A914B26
:1007B0009FED804BB7EEC67A93ED005AF8EEE66AED
:1007C00082ED006AB7EEC55A27EE047B9FED7B4BA6
:1007D000A5EE047BB7EEC77BB4EEE67A83ED007A34
:1007E000F1EE10FAFFF645AE0123804900223B707E
:1007F0000B708AF800203CE693ED017AB4EEE77ABC
:10080000F1EE10FA40F1D28001230133DBB29800FF
:100810009E46171897ED007AB4EEE77AF1EE10FADB
:10082000F3D4B4EE677AF1EE10FA00F0B7806FF00F
:1008300040436C4F734438449B00D0ED006A1A4427
:100840003B44D2ED005A93ED006A77EEE57A76EEFE
:10085000C66A37EE657A66EEA77AC7EE876A76EEE5
:10086000867A7DE604200DF011FF5EE70121042069
:100870000DF00CFF86E65D4A1178012900F09380A7
:1008800013703B70E3E5594BDFF880A100221A702A
:100890003A70D3E5584B1B78002B7FF4CDAD574908
:1008A0000B6803F1010E1E2BC1F800E05CDCDFF8E1
:1008B0005CA1C6E529200DF0A7FC07EE900A4D4A81
:1008C000B8EEE77ADFED4E7A92ED004A9FED4D5A91
:1008D00077EEC77AA17AB7EEC44A05EE901AFDEE1C
:1008E000E77AF8EEE55A17EE903A002BB8BF5B4274
:1008F00007EE103ABAEEEF7B3D4B9FED322BB7EE91
:10090000C77B9FED323BB7EEC76A83ED007A26EED8
:10091000027BA4EE037BB7EEC77BB4EEC57AF1EEA3
:1009200010FA58BFB0EE457AF4EEC75A82ED007A5D
:10093000F1EE10FA3FF6A1AD01232C4900223B70E5
:100940000B708AF8002098E591ED037A67EE877ABC
:10095000C9ED007ADFE5012103200DF097FE11E6D5
:1009600003200DF093FEE0E601232049DFF89CA070
:100970000B70137065E5244901221C4BDFF88CA035
:1009800009781A703A708AF8002000293FF456ADB1
:10099000194A1278012A7FF451AD77E7114B1844B8
:1009A000D0ED007ADCE51070387050E504204FF08F
:1009B000010E36E79A9999999999D93F3333333390
:1009C0003333E33F333333333333D33F66666666C3
:1009D0006666E63FF862002004F000202AF000205E
:1009E000F86100206862002054EB0020376300208B
:1009F000A8ED0020A4ED002020F0002044E4002019
:100A000000C0414400007F4321F0002029F0002075
:100A100038B50546018088000C46E98010F09AFD43
:100A2000E86090B100210E4B00226980A980AA6085
:100A30002B616B613CB12146013989B200EB810326
:100A40001A600029F8D1284638BD054B00222880BD
:100A50006880A8802846AA602B616B6138BD00BF02
:100A60000000C07F10B50A4C00224FF4E13120682D
:100A70000CF02EFD20684FF4007206490CF0A4FE25
:100A800020684FF400720449BDE810400CF082BEAB
:100A900044540020B89D0020B89B0020042970B465
:100AA0001CD0841C0D1F4FF6FF720E4E254414F807
:100AB000013B5340AC42DBB236F8133083EA1222DA
:100AC000F5D1014411F8010C11F8023C03EB0020B0
:100AD000801AB0FA80F070BC400970474FF6FF7280
:100AE000EFE700BFC40600202DE9F8435A4DDFF8B8
:100AF0009C812E46594C5A4F286803681B699847B9
:100B0000002800F09380306803685B699847237879
:100B1000C0B2524A032B62D8DFE803F06C6755027B
:100B200098F800C0DFF868E10CF101014D4B9EF828
:100B300000E0C9B203F80C000EF1040088F80010C0
:100B400088424CDA00214648117099780023DFF87A
:100B50001491053103704846C9B2FFF79FFF002882
:100B6000CAD0414B414A196899F803301160162BDD
:100B70005ED0232BBFD199F80B0099F80C2099F87F
:100B80000D103B4B99F8134018705A7099F80E00ED
:100B9000384A997099F80F10D870117099F8103080
:100BA00099F8110099F8121053709070D170324B6F
:100BB00099F8140099F8151099F816201C705870BF
:100BC0009970DA7096E7DFF8C8900322254B3B282E
:100BD00089F80000987088F8002012DC22703B78B9
:100BE0001F48002B88D01F4BAFE7552819D0002392
:100BF0002370F4E7AA28F2D11A4B01221870227050
:100C0000EDE7002319211D4823700FF01FFE99F80E
:100C100000101B4805310DF093F819480DF038F815
:100C2000DDE7104B022258702270D8E7BDE8F88348
:100C300099F81120134902F00702134B99F80B4061
:100C40000A7099F80C0099F80D1099F80E201C7094
:100C500058709970DA704DE74454002026F0002057
:100C60001FF0002070990020E0EF0020B89F0020C6
:100C7000B49B0020B099002028E200200010002042
:100C8000A85200202BF0002024E2002027F00020B2
:100C900025F00020F0B58025A3B006460F462A4671
:100CA000002102A810F0CAFFB46881217E22DD2352
:100CB000782C8DF808508DF809108DF80A208DF8E1
:100CC0000B3036DCA51C00233046621C0DF10F01F1
:100CD0008DF80C508DF80D700DF07CFA231D04F189
:100CE00008052FDBA01D02A90DF10902002308440D
:100CF00012F8011F0B44904299B20BB2F8D1CBB25B
:100D000022AA1148114E69461444114A47681288B4
:100D1000104804F8793C8DE8C00003F093FE2A46A1
:100D200002A90C4803F0A2FE0A4803F093FE23B088
:100D3000F0BD332108480FF089FD08480CF0A8FFEA
:100D400023B0F0BD0023DBE7C4900020C0060020E4
:100D5000BC620020D09000201C100020A85200206F
:100D6000F0B52C2183B064480FF070FD63480CF09F
:100D70008FFF4FF47A620021614803F063FC03F0B7
:100D8000A1FD002800F08B8003F08CFD022800F00C
:100D9000AB805C4B5C485D4C19785D789A78037841
:100DA00021706570A270002B76D178200346E07028
:100DB000574E58488DF8041069468DF806208DF876
:100DC00007308DF80550009603F08CFD1421524831
:100DD0000FF03CFD49480CF05BFF11214F480FF02C
:100DE00035FD684603F070FD444968464C4D0CF0F3
:100DF00035FE42480CF04CFFA278FF232778667836
:100E00001921AA71EB7147482F716E710FF01EFD09
:100E1000684603F059FD39496846434C0CF01EFE04
:100E200036480CF035FF182140480FF00FFD3349CC
:100E300028460CF013FE31480CF02AFF1A213C48DA
:100E40000FF004FD3B4900230A2209682B480CF0EF
:100E500037FF2A480CF01CFF2188374803F09CFD1F
:100E600030BB364C3648218803F096FD70BB354CBC
:100E70003548218803F090FD60B1362133480FF0EA
:100E8000E5FC216800230A221C480CF019FF1B48CE
:100E90000CF0FEFE03B0F0BD7E23E37088E7302146
:100EA0002B480FF0D3FC15480CF0F2FE03B0F0BD58
:100EB000242128480FF0CAFC216800230A220F4889
:100EC0000CF0FEFE0D480CF0E3FECAE72621224896
:100ED0000FF0BCFC216800230A2208480CF0F0FE49
:100EE00006480CF0D5FEC2E74A211C480FF0AEFCC4
:100EF00002480CF0CDFE4CE750100020A852002014
:100F00004C6200206062002030630020CC90002002
:100F1000C006002060910020001100201811002060
:100F2000C49000202C110020C06200204811002035
:100F300064110020BC620020309100205852002033
:100F40000091002054520020D0900020D0110020A9
:100F50008010002080110020A8110020B410002073
:100F6000F8B54FF4FA709E4D0DF0F6FA9D480DF06D
:100F700091F912219C480FF069FC9C4900230A2238
:100F800009689B480CF09CFE99480CF081FE0121F9
:100F90000D200DF087FB012105200DF083FB0121C1
:100FA00006200DF07FFB012109200DF07BFB0121C4
:100FB0000A200DF077FB01210B200DF073FB0121BE
:100FC0000C200DF06FFB95F87C708A4B012FEB65C0
:100FD00040F29C800A20884C0DF0BEFA0B21874815
:100FE0000FF034FC82480CF053FE206800224FF4CE
:100FF000E1210CF06DFA20684FF4007280490CF08A
:10100000C9FB20684FF400727E490CF0DDFB0A201A
:101010000DF0A2FA00224FF4E1317B480CF058FAAF
:101020007A4C4FF400727A4977480CF0B3FB0A20EF
:101030000DF092FA206800224FF4E1210CF048FAFA
:1010400020684FF4007273490CF0A4FB4FF4007257
:10105000206871490CF0B8FB3A2170480FF0F6FB9C
:1010600063480CF015FE17216D480FF0EFFB604848
:101070000CF00EFE6B4CFEF7BDFC16216A480FF01B
:10108000E5FB5B480CF004FEFFF76AFE674B0022AD
:101090004FF4E13118680CF01BFA654B1A68D2075F
:1010A00002D4012221681A60FFF7DCFCC8200DF091
:1010B00053FAFFF719FD5F4A2368182112689B1A3B
:1010C000502B17D95C480FF0C1FB49480CF0E0FDEC
:1010D0001E215A480FF0BAFB45480CF0D9FD01F02B
:1010E0006BFB212156480FF0B1FB4148BDE8F840A9
:1010F0000CF0CEBD53480FF0A9FB3D480CF0C8FDE5
:10110000514B01221A70FEF7C7FBE1E7002F45D0D3
:1011100095F864302D2B01D0472B3FD14B4E4C48D6
:101120003346341D10F8012F13F8011F8A4218BFEF
:101130002D2A01D02D2932D19C42F3D195F864306B
:101140002D2B01D0472B47D1424E41483346341D09
:1011500010F8012F13F8011F2D2A18BF8A4201D061
:101160002D2902D19C42F3D134E7012303EB430341
:101170000027394C05EB830396E80300586683F893
:10118000681095F87C3003EB4302013305EB8202D3
:1011900085F87C3082F86970D4661BE72B4E07EB2C
:1011A00047032E4C002705EB830396E8030058669F
:1011B00083F8681095F87C3003EB43020133DBB20F
:1011C00005EB8202012B85F87C3082F86970D466C9
:1011D0003FF600AF0BB1B1E701231E4EC6E700BFDB
:1011E00050EC00208074D21A181200208452002083
:1011F000A852002081000000385400202C1200204A
:101200006895002068970020185300203C54002067
:10121000B4990020689100206893002038120020C3
:1012200074120020E0EF00208C12002040540020B7
:101230002CE20020B89F0020C0120020DC12002009
:10124000FC120020A41200203EF00020101200200A
:10125000B4EC00200812002045010000451C0000ED
:101260002DE9F041174E82B073782A2B27D0711CDC
:1012700000225A4011F8013F2A2BFAD1111102F035
:101280000F04114B002702AD0E48D3F80080ADF8D3
:10129000007018F8013005F8083D11F053FA29469E
:1012A000304410F0EFFF18F8043002A9ADF80470D4
:1012B00001F8043D11F0E4F902B0BDE8F08100242A
:1012C0002146DEE7E4EB0020785F0020454B1B78E9
:1012D00070B5454D82B0002B7ED1444B93E803009E
:1012E00085E803002C24404811F02CFA404928449A
:1012F00010F0C8FF3F490470013010F0C3FF3E49B1
:101300000470013010F0BEFF3C490470013010F051
:10131000B9FF3B490470013010F0B4FF3949047043
:10132000013010F0AFFF38490470013010F0AAFF0F
:1013300036490470013010F0A5FF354904700130C2
:1013400010F0A0FF33490470013010F09BFF3249C8
:101350000470013010F096FF30490470013010F035
:1013600091FF2F490470013010F08CFF2D4904705B
:10137000013010F087FF2C490470013010F082FF1B
:101380002A4B1B880380FFF76BFF174811F0DAF92F
:10139000274A03462C181688811C9278EE52124870
:1013A000A2700FF053FA104811F0CCF9214B224AE9
:1013B00004465D686946214B128821488DE8280063
:1013C00003F040FB224608491D4803F04FFB1C4830
:1013D00003F040FB02B070BD1A4B93E8030085E8B0
:1013E00003007FE73DF00020E4EB002028130020FD
:1013F0007CE70020A4EB0020A0EB0020B8EB00204D
:10140000B4EB002078E7002048EC00206899002029
:10141000BCE40020B0E40020ACED002060EB002034
:1014200070EB002068EB00207CEB002030130020E4
:1014300034130020C4900020BC620020C0060020AD
:1014400030910020201300202DE9F0418D4C90B008
:1014500094F85B50C5F15A05002D40F3948094F840
:101460005910002794F858602144874814F80680E2
:10147000A75511F005F9012D04F8068000F08380CE
:1014800094F8581094F857602144804814F8068066
:10149000A75511F0F5F8022D04F8068073D094F8E2
:1014A000571094F856602144794814F80680A755DF
:1014B00011F0E6F8032D04F8068064D094F8561075
:1014C00094F855602144734814F80680A75511F02C
:1014D000D7F8042D04F8068055D094F8551094F8E8
:1014E000546021446C4814F80680A75511F0C8F8E0
:1014F000052D04F8068046D094F8541094F85360F3
:101500002144664814F80680A75511F0B9F8062D55
:1015100004F8068037D094F8531094F852602144B0
:101520005F4814F80680A75511F0AAF8072D04F8B3
:10153000068028D094F8521094F8516021445948FC
:1015400014F80680A75511F09BF8082D04F80680C2
:1015500019D094F8511094F850602144524814F86E
:101560000680A75511F08CF80C2D04F806800ADDD2
:1015700094F84C5094F84D10665D21444B486755E3
:1015800011F07EF866554A4C0D2021780DF07EF85A
:101590002178484B81F001011B78217013B1464B33
:1015A00001221A70454B1C78D4B1454C0122454BA1
:1015B00045492068454D1A700860FFF787FE2B7873
:1015C000012B07D9424A4EF66021236810681B1A86
:1015D0008B4216D822683F4B1A6010B0BDE8F081EC
:1015E00009200DF053F821460A20354C0DF04EF835
:1015F0000A2239494FF6FF700FF086FFFFF766FEAB
:10160000E8E7236808A8354913600CF04BFD344B1C
:10161000022104A893ED000A0CF076FD04A908A8A5
:101620000CF0C2FD2F490CF0C7FD2B780646052BA8
:1016300025D82D4A52F823100CA80CF033FD0CA924
:1016400030460CF0B1FD014668460CF03FFD0CA899
:101650000CF0E8FC04A80CF0E5FC08A80CF0E2FC97
:10166000694622480CF0EEFA20480CF011FB68465F
:101670000521FFF70FFB68460CF0D4FCAAE71C49D4
:10168000DAE700BF50EC00207CE70020A4EB00204C
:10169000A0EB0020B8EB0020B4EB002078E700209E
:1016A00048EC002068990020BCE40020B0E4002051
:1016B00018F000203DF000201BF000203EF000203C
:1016C000E0EF002022F0002078EB00202BF000203B
:1016D000E0E400206491002060EB0020381300203B
:1016E00024E200204813002094050020A852002086
:1016F000F40F002038B5634B6348DA7F997F93F885
:10170000205001EB022193F8214001EB054202EB4E
:10171000046207EE902A90ED006BB8EEE77B5B4821
:101720009FED4C4B9FED4D5BA7EE046BB4EEC56B8C
:10173000F1EE10FAA8BF36EE456BB5EEC06B80ED4A
:10174000006BF1EE10FA5FD4DD7E9A7EDC7D02EB59
:1017500005221D7F997D02EB05425D7F01EB04218F
:101760001C7E02EB05624A4D01EB04415C7E07EEF4
:10177000102A93F9292004EE102A01EB0462B8EE36
:10178000C77B444C00EE102A93F92820B8EEC44BD6
:1017900093F8423005EE102AB8EEC00B83F0020138
:1017A00083F00402B8EEC55BC1F34001C2F38002CE
:1017B0009FED2C3B9FED2D2B0A43A4EE037BA5EE62
:1017C000030B26EE026B84ED007B85ED000B80EDB4
:1017D000006B18D103F0010282F001059AB1C3F346
:1017E000C103022B15D02C4B0A202C4A93ED007B11
:1017F0009FED206B117827EE067B83ED007B0CF0CC
:1018000045FF274B1D7038BD9FED147B36EE076BEF
:101810009AE7B5EE407BF1EE10FA03D137EE037B89
:1018200084ED007B80EE070B0FF0CCF91A4B012101
:101830000A209FED127B20EE070B83ED000B0CF0CE
:1018400025FF184B1B780BB1FEF726F8144B01222D
:101850001A7038BD2D431CEBE2361A3F0000000021
:101860000020AC407B14AE47E17A843F9A99999965
:101870009999B93FCDCCCCCCCCCCEC3FF8C1631A14
:10188000DCA54CC0305F0020204E0020908E002050
:10189000988E0020808E0020A08E002018F000205E
:1018A0001CF000203EF00020F8B5384D0721384CE0
:1018B0004FF47A7728460826FFF7AAF82846354AD3
:1018C00035490FF0DFFB25683448002321684FF0CD
:1018D000010E334A0560116020683249324A0860BF
:1018E000324D33483349137113735361136253629A
:1018F0009362D36297601560106196772E4A0B71E0
:101900000B734B610B624B628B62CB62137113736F
:101910008F600D6008618E7797605A27156010619F
:10192000264DD4F800C05361136253629362D362B0
:1019300021689677224A0D442168224EA1F57A71DA
:10194000C6F800C082E809001F4A20481560204AF6
:101950000160D365136682F87C3082F87E3082F8AD
:10196000803082F8813082F87D3082F85A3082F8F7
:101970007FE082F85B700CF007FF4821154802F009
:1019800097FA2268144B1A60F8BD00BFCCEB002018
:10199000E0EF00205052002085000000B89F00209A
:1019A00078EB0020E0E4002030910020F8050020D2
:1019B000C006002000910020D0900020F0D8FFFF4A
:1019C000C4900020B8ED00206491002074E700204E
:1019D00050EC0020A4E4002058EB00202DE9F84F43
:1019E000A84D01F0EBFB286803681B6998470028A5
:1019F00040F09A80A4480BF0A3FC002840F08A80B5
:101A0000A24803F0B9F880B1B0F5007FA04928BF23
:101A10004FF4007004469D48224603F04FF82868B2
:101A200022469B4903685B6898479A4C237823B108
:101A3000994D2B78002B40F08880984C20680368E3
:101A40001B699847002855D1954C2368472B4ADCE1
:101A5000FFF74AF8934B944C1B782BB1934A2368B9
:101A600012689B1A462B1AD8914B1B78A3B1FEF72C
:101A70008DFC904942F21072236809685B1A934208
:101A800025D88D4D42F2107223682968864C5B1A66
:101A900093420DD8BDE8F88FFEF7B8F8E9E7874B19
:101AA0001A78002AE0D000221A70FDF7F5FEDBE775
:101AB00002F0F8FE012806465CD0012105200CF05A
:101AC000E5FD00210620BDE8F84F0CF0DFBD002148
:101AD00009200CF0DBFD00210A200CF0D7FD784B2B
:101AE00000221A70CDE7FDF75BFF002838D10023F4
:101AF0002360ADE720686A4C03685B6998472268F9
:101B0000C0B2032A27DC6F4B9B5C8342EFD10132CA
:101B100022609DE72C685C480BF026FC2368C1B26C
:101B200020461B6898476BE72868674C03685B6929
:101B3000984794F87D30C6B2062B00F2DD80DFE8CE
:101B400003F091C53953718B2500FFF7BFFB0023CC
:101B500023702B7071E75B49531C8854236075E731
:101B6000002109200CF092FD554B01221A70FFF75D
:101B7000C1FDBCE72368002105202B600CF086FD29
:101B800031460620BDE8F84F0CF080BD0A2E00F06B
:101B9000F4800122E36D84F87E2003B1984700238E
:101BA0005A2284F87D3084F85A3084F87E3084F8E4
:101BB0005B201FE794F85A1094F85B20424B914247
:101BC00080F0BC802A2E00F0F9802C2E40F0EC80B2
:101BD00093F88000013A80F02C00D2B283F88000A4
:101BE00083F85B20995405E7A6F13003092B40F2F6
:101BF000968030460FF062FC462E00F28580002869
:101C000000F08280A6F137035BB2581CC1D094F873
:101C10008120DBB2042142EA031384F87D1084F8AA
:101C20008130E7E6A6F13003092B40F2858030468B
:101C30000FF044FC002874D0462E72D8A6F137036A
:101C40005BB2591CA5D094F8811005220B4384F88F
:101C50007D2084F88130CDE60D2E9AD1062384F8BC
:101C60007D30C7E60022242E174B4FF0010184F887
:101C70007E2000F09480DA6D83F87E10002A8ED0EA
:101C800090478CE738540020185300200091002022
:101C9000C48E00201BF000201CF000203C540020CB
:101CA000D4EC00203EF00020E0EF002078EB002094
:101CB000306300206491002074E7002022F00020AF
:101CC0003DF00020305F002050EC002030460FF047
:101CD000DDFB002839D094F85A2094F85B106D4B46
:101CE00091422BD9042A40F2CA800321DA6D83F88D
:101CF0007E10002AC4D152E70522E36D84F87E20CD
:101D0000002B7FF44BAF4AE730460FF0C9FB662E3D
:101D10003FF63FAF00283FF43CAFA6F157035BB25C
:101D200073E730460FF0BCFB662E3FF632AF00285B
:101D30003FF42FAFA6F157035BB282E70221DA6DC1
:101D400083F87E10002A9BD129E72A2E42D02C2E20
:101D50007FF41FAF94F85B30022094F88020013BA1
:101D600094F85A1082F02C0284F87D00DBB284F8DB
:101D7000802084F85B30E1543CE694F87F20454BAA
:101D8000BAB393F8811093F88020914231D00421A6
:101D9000DA6D83F87E10002A7FF472AFFFE683F8D5
:101DA000802083F87D1025E693F88020481C5E543F
:101DB000564083F85A0083F880601BE6013A0024FD
:101DC0000320D2B283F8814083F87D0083F85B2042
:101DD00099540FE694F85B30032194F85A20013BA4
:101DE00084F8810084F87D10DBB284F85B30E25423
:101DF00000E694F859C0002694F87C9014F80CA0E2
:101E0000244F04F80C60B9F1000F31D017F8658B3E
:101E1000B8F12D0B18BF4FF0010B17F8013C4345EB
:101E200018BF2D2B02D0BBF1000F1CD1194807F1B0
:101E3000040E3B4613F8012B10F8011F8A4218BF0D
:101E40002D2A01D02D290ED19E45F3D176B204F86A
:101E50000CA0104B721C0DD006EB460603EB860659
:101E6000F36E98479BE601360C37F6B24E45D4D157
:101E700004F80CA0236E002B7FF490AE8FE693F84D
:101E80008010501C9E544E4083F85A0083F88060A6
:101E9000B0E500BF50EC002000207047034B1868ED
:101EA00010B103681B681847704700BFE0E30020CB
:101EB0002DE9F04344F260235D4C91B0DFF884E1FA
:101EC000C1501646206810AC5A4B00901B6A5A4805
:101ED000C3F30123056802462344046805F08075B6
:101EE00013F8407C44F0A0430EFB07FE0360BEFBEA
:101EF000F1F0BEFBF0F7CF1B1368DC01FCD5052821
:101F000040F2938000221446931C0132B0FBF3FC94
:101F1000BCF1190F0CFB03F3F6D84FF00108BEFB20
:101F2000F3F3CB1A002BB8BF5B42BB426CDB18BF8C
:101F30004FF00008ACF10C03062B03D8B8F1000FEA
:101F400018BF1446BCF1050FDED8631CB7F5967FA9
:101F5000B0FBF3F0A0F1050E59DCBEF1140F56D81A
:101F6000364FE84607F130093868103757F80C1C2F
:101F7000C44657F8082C08F1100857F8043C4F45A0
:101F8000ACE80F00F0D10EEB4E0E10AB3868022E0D
:101F900073447968BA68B7F80CE0BF7BA8E807001B
:101FA000A8F800E088F8027013F8400C13F83F1C02
:101FB00000F0070013F83E3C4FEAC141204A40F4CC
:101FC00080004FEA034301F4601103F4E02341EA87
:101FD000000143EA010343F4804343EA04641460CC
:101FE000136814BF23F0080343F00803136045B9D6
:101FF000114B19681A4621F0805119601368DB01F2
:10200000FCD411B0BDE8F0831F46144692E7002DC2
:10201000F7D1094B19681A4621F0805119601368ED
:10202000D901FCD411B0BDE8F083012300248DE771
:102030007003002000C00F4000801D40740300208A
:1020400004801D4040420F00002070470020704770
:1020500008207047104A1149136808681268096817
:1020600002F07F02C1F3036101320431B2EB410F90
:1020700010D303F07F03C0F30360053B0130A3EBF3
:102080004000C3B2044A106800F07F000130C01A5B
:10209000C0B270470023F5E700801D4034801D402A
:1020A000034901220B6802FA00F003430B607047FA
:1020B00030801D402DE9F84F724B1C6818461A6895
:1020C00004F0807442F0A0421A6003686D4ADD019A
:1020D000FBD5156800236C4F964625F000556B4ED6
:1020E000184615601D463B6033601368684B00F16D
:1020F000010C684A00270344624E02445FFA8CF0E8
:102100001B019200DD609D605D601D601560DEF862
:10211000003003F07F0301339842E7D35E48DFF8D5
:1021200084E15E4DCEF800700760D5F800E073469C
:10213000D0F820E047EA0E022B60026233680029E3
:1021400043D14FF000680D46DFF83CB14FF0010974
:10215000DFF838A1524F1BE0306800F07F000130FB
:10216000B1EB900F2CBF4FF08C614FF0806111608C
:102170003A6812F4803218BF4FF080421A60336818
:10218000013503F07F03EDB2013329469D422CD285
:1021900033683F4A03F07F033E482A440133284412
:1021A0001201B1EB530F4FEA8003D5D3C2F8008080
:1021B00033689A0054D41F2D09FA05F257D8DAF87B
:1021C00000301343CAF80030D9E743F000533360BE
:1021D000356815F0005515D0FFF73CFF336805460C
:1021E00003F07F03013398420DD3002C3DD1254BE2
:1021F00019681A4621F0805119601368DB01FCD47C
:10220000BDE8F88F33681F4F1F4EDFF8808011E064
:1022100001231F2D03FA05F31AD8D8F80020134321
:10222000C8F800303B68013503F07F03EDB201339D
:102230009D42DAD2164B4FF000622B441B011A600C
:102240003B689900E4D5FFF705FFA842EAD8DFE72D
:10225000A5F12001012332688B4013433360E1E78D
:10226000FFF7F8FEA8428AD8A5E7BDE8F88FA5F1E8
:102270002003DBF8002009FA03F31343CBF8003006
:102280007DE700BF00801D4024801D4028801D4048
:1022900008D801042062071010801D402C801D40CA
:1022A00034801D4048801D40604B00226049F0B5DD
:1022B000054683B018686A6001900B6AAA60C3F390
:1022C0000123EA602A6102AA134413F8043C002B9C
:1022D00000F09080564944F25C209A24554B564AAF
:1022E00044F2652E2C504FF0030CC3F8A822192499
:1022F000D1F8843041F2B000504A002743F47073A3
:102300004F4EC1F884304F4B05F80EC0C2F8A440C0
:102310001946C2F89402C6F88C73C2F8A840C2F8F5
:1023200098021A6822F000421A601A6842F0A0422D
:102330001A600B68434ADE01FBD543481146036827
:1023400043F008030360136843F0804313600B6895
:102350003C4ADC02FBD41368114643F0007313605F
:102360000B689801FCD4374A1368364CD901FBD569
:1023700023680021354A284643F40033236023684C
:1023800043F480332360236843F48053236023683D
:1023900043F400532360236843F4800323602368DD
:1023A00043F400232360236823F408432360136865
:1023B00043F4E0231360236843F40013236023688D
:1023C00043F080632360FFF775FE2368224623F005
:1023D000805323601368DB01FCD444F25C230122A8
:1023E0001B49EB5803F01F005B09824041F8232092
:1023F00003B0F0BD0B6A174A23F47F73106843F4EF
:1024000080730B6200283FF465AF01F55C2144F254
:102410006022036804315B68096811F0080FA9584D
:1024200014BF02220022984754E700BF7003002027
:1024300000C00F40006400209926000000801F406B
:1024400000841F4000801D4004801D4034801D40DA
:1024500000E100E0E0E300204A4B1A68920065D5F5
:1024600049481A4600682DE9F04FC0F303681C681C
:10247000186883B04FEAC80804F0807440F0A040A8
:1024800008F10808019418601368DE01FCD50024E7
:102490008A463E4E3E4F2146DFF8E8B0DFF8F49022
:1024A0000DE035B93560DBF800309A0025D4C9F865
:1024B0000010013404370436E3B2984528D99AF85D
:1024C0000050012DEDD1DBF8003013F4407F0BD12B
:1024D0004FF0FF333360DBF800309D0027D46FF0FE
:1024E0004043C9F80030E4E7DBF80030C3F30123D0
:1024F000012B29D0DBF80030DBE70091FFF7AAFDC4
:1025000020280099A8BF20208442D0DA3D60CEE781
:10251000019B43B91B4B19681A4621F08051196081
:102520001368DB01FCD403B0BDE8F08F7047009165
:10253000FFF790FD20280099A8BF20208442CEDA22
:102540006FF040433B60CAE74FF0FF333360DBF886
:102550000030980004D46FF08023C9F80030A8E759
:102560000091FFF777FD20280099A8BF2020844222
:10257000F1DA6FF080233B606FF08023C9F8003000
:1025800097E700BF00801D4034801D40E0801D4063
:1025900080881D4048801D402DE9F8437D4D2C6802
:1025A00014F000547FD07C4C2468C4F30364E4002E
:1025B00008348C4274D92F682E462C6807F0807737
:1025C00044F0A0442C603468724DE401FBD5984679
:1025D0002B6891460E4613F4407F04464DD198F87F
:1025E0000000012800F09180089BD2046B491B7801
:1025F0003144DFF8B4E1022B694D4FEA810102EA70
:102600000E0E0CBF4FF0004300234EEA0303614A55
:102610000B60136899006AD4012806EB4600614AF2
:102620006FF0404104EBC00018BF002343F2507428
:1026300008BF4FF48033116043F2547503510022F8
:10264000035943F2587143F25C7C43F2607E03F419
:10265000702333430351035943F08003035103595B
:1026600043F00053035143F2647340F80590425025
:1026700040F80C2040F80E20C250464B1868C0F3BA
:102680000120012812D047B9424B19681A4621F09F
:10269000805119601368DB01FCD40120BDE8F88388
:1026A0000020BDE8F8832046BDE8F8833B4B98F84E
:1026B00000203344012A4FEA830444D0089B1B784E
:1026C000022B62D04FEAC94037494FEAC90243F6AC
:1026D000F8730140354D13400B4323602D4B1B68AD
:1026E0009A0026D42F4B6FF080221A60CBE7FFF7B9
:1026F000B1FC2028A8BF2020864248DA2C4B98F84D
:10270000000033449B001D6086E75300089A23496C
:102710004FF0FF3512783144DFF898E0022A03EADF
:102720000E0E4FEA81010CBF4FF040434FF0804343
:102730006BE7FFF78FFC2028A8BF20208642D1DA64
:10274000C4F8A057CEE7089B1B78022B4FF040231C
:1027500003D1012A43F0802308D14FEAD9324FF048
:10276000FF3542EA024213432360B7E74FEAC90547
:1027700043F6F8704FEAC9420B4928406FF007153D
:10278000114001430B432360A8E70023E1E798F8D9
:10279000000041E700801D4034801D403860071074
:1027A0000100F8FF48801D400000F83FF87FF87FE7
:1027B00020620710FEFFFF3F334A344B1268344853
:1027C00070B584B001261A60FFF76EFD04AC0022DC
:1027D00030492F48FFF76CFB31462D48FFF76AFC64
:1027E0002D4D04F8016D21462948FFF735FE4FF4C1
:1027F0007A700BF0B1FE2B681A21B3F5803F28DB0D
:1028000026480EF023F829680023102224480BF0F4
:1028100057FA23480BF03CFA2A68002500940DF182
:102820000E031B4829468DF80E608DF80F50FFF7F8
:10283000B3FE1C4B1B7833B112211B480EF006F877
:1028400017480BF025FA40F6B8300BF085FE04B0BF
:1028500070BD164803260DF0F9FF296800231022E9
:102860000F480BF02DFA0E480BF012FA2A680025DB
:1028700000940DF10E03064829468DF80F508DF88F
:102880000E60FFF789FED4E7E0EF00209CEB00200C
:10289000BC9F002090D0030074520020F41300204D
:1028A000A85200201AF000202C1400201014002040
:1028B00043F25073C358DB004BD5414B2DE9F04335
:1028C0001E680025C6F30366F600083605EB450EC4
:1028D00043F2507200EBCE04224413685B0F012BCD
:1028E0000DD013685B0F022B28D013685B0F052BEC
:1028F00031D00135B542E9D10020BDE8F083176839
:1029000017F4607FF5D043F254773C59A14253D07D
:1029100094464FEA4E0EDFB2DCF800207B1CC2F377
:10292000C2120EEB0304974204F6D454E1D250F8DD
:102930002440A142EFD10120BDE8F08343F254735B
:102940001B598B42D5D843F258731B599942D0D8A2
:10295000F1E701207047136813F4607FC9D043F298
:10296000647C43F25473A4442344DCF800401F68A1
:10297000DCF800300C403B409C42DCD04FEA4E0774
:10298000012314680133C4F3C214DBB2013407EB32
:10299000030EA3420EF6D45EABD2DCF8008050F8F2
:1029A0002E90DCF8004001EA080E09EA0404A6456E
:1029B000E7D10120BDE8F0831846BDE8F08300BFF1
:1029C00034801D4030B401EB410143F65024C9006E
:1029D000044460586318C0002AD56058400F01288D
:1029E00029D06058400F022838D06058400F052881
:1029F00002D0002030BC70476058C0F3C210C0B194
:102A000058695C68596910402140884210D0012102
:102A10001C680131C4F3C214C9B20134A142E8D226
:102A20005C6953F821505869144028408442EFD122
:102A3000012030BC70476158C1F3C211B9B1596867
:102A40008A42F6D01968C4B2C1F3C211601C8C422C
:102A5000CFD253F820109142F4D1E9E759688A4265
:102A6000C7D3986882428CBF00200120E1E7084666
:102A7000DFE700BF0B78632B70B5044615460FD017
:102A800000EB830344F254029B580BB1284698474D
:102A900044F25413E3584BB12846BDE87040184740
:102AA00044F25403C358002BF0D1F1E770BD00BFCE
:102AB00038B504461A2500206388DBB205FB0343C2
:102AC00083F806016388DBB205FB034383F8072123
:102AD0006088C0B205FB004000F584700FF04AF832
:102AE0006288238892B29BB283F480739A420DD09D
:102AF00063880133C3F308036380A3889BB2FF2B71
:102B000003D8A38801339BB2A38038BD2388013347
:102B1000C3F308032380EBE72DE9F04F8E468DB019
:102B200007460E466C464FF001093D4607F1100876
:102B3000DFF8A8A0BEE80F000FC49EE8030084E8F9
:102B4000030055F8044F64B19DF91420D4E9020143
:102B500009FA02F30021184050EA010327D1237C2F
:102B6000C3B94545EDD144F25003FB5C53B3306823
:102B700006AC7168B268F3680FC4306918227169D5
:102B800003C40DEB020107F11400FFF791FF0DB034
:102B9000BDE8F08F2368D3F800B0D345E1D02046DC
:102BA0009DF815304FF0FF326946D847D9E72368C2
:102BB000D3F800B0D345D2D09DF8153069462046F1
:102BC000D847CCE7337D0CA93846324601F8183D8A
:102BD000FFF750FF0DB0BDE8F08F00BF9526000055
:102BE00044F25103C35C002B00F0AC802DE9F04FA0
:102BF0000D468BB00F46064604ACDFF868E20FCDF9
:102C00000FC495E8030084E80300DEF800309B0061
:102C100053D5934B00254FF0630A1B68C3F3036938
:102C20004FEAC90909F108090CE01868400F0228A9
:102C300000F095801868400F052800F0AC80013541
:102C40004D453AD097F91430EAB2632B35D005EBF5
:102C5000450843F2507306EBC8010B44186810F0A6
:102C6000604FECD01868400F0128DED11A68F9795E
:102C7000C2F300429142E2D11A6812F4607FDED0C2
:102C80004FEA48089B46002206E0DBF80010E2B25B
:102C9000C1F3C2118A42D2D2541C049A08EB040335
:102CA00003F6D45356F823309A42EED104A93046A5
:102CB0008DF824A0FFF730FFE7E70023694D8DF87A
:102CC00016302C6814F000543DD12B68DFF8948145
:102CD00008E0D8F80030013403F07F03E4B2013398
:102CE0009C4239D297F91430A342F2D004EB44014C
:102CF00043F6502306EBC1021344186810F0604FEE
:102D0000E7D01868FD79C0F3C0608542E1D118684A
:102D1000400F012871D01968490F022900F09180F5
:102D20001B685B0F052BD4D1049A21463046FFF770
:102D300049FE0028CDD004A930468DF82440FFF785
:102D4000EBFEC6E77047FFF785F92B68044603F0F2
:102D50007F0301339842B9D30BB0BDE8F08F1B68F5
:102D6000FA79C3F300439A427FF469AF43F2547394
:102D7000049A0B441B689A42FFF461AF43F2587304
:102D80005B589A423FF65BAF04A930468DF824A009
:102D9000FFF7C2FE53E7186810F4607F3FF44FAFAF
:102DA00043F2647B019301238B4409E001990133D1
:102DB0000968DBB2C1F3C21101318B42BFF43FAFEE
:102DC00003EB4801DBF80000049C01F6D4512040DD
:102DD00056F821E0DBF800100EEA01018842E5D147
:102DE00004A9304603938DF8162002928DF824A092
:102DF000FFF792FE039B029AD8E71A6812F4607FED
:102E00003FF467AF1D464FEA410A002307E02A68F6
:102E10005FFA89F3C2F3C2129342BFF45AAF03F1CF
:102E20000109049A0AEB090303F6946356F8233068
:102E30009A42ECD104A930468DF82440FFF76CFE8D
:102E4000E5E743F65423049913441B689942FFF4C1
:102E500040AF43F658239B5899427FF66CAF38E752
:102E600034801D4000801D402F4AF8B5136813F0D0
:102E7000005353D0136813F400434BD02B4B1B6803
:102E800013F020034AD02A4B0C462A4A05461B68F9
:102E900044F26520DFF8A4E0632103F40016C3F3D5
:102EA0000347A380E772002E12680CBF122600268B
:102EB00022F06042204F22FA06F214BF01260026BB
:102EC0002260DEF80020E671E273160C4FEA122E43
:102ED000120E667384F80EE0C3F300562273DB0D06
:102EE0003A682672E274170A160C120EA7746674FA
:102EF00022740D4A285CA3716075217513681B0448
:102F00000ED521462846FFF76BFE21682846FFF7BD
:102F1000CFFCF8BD283212689206AFD51846F8BD2E
:102F20000520FFF7BDF8ECE700801D4030801D4014
:102F300080801D4084801D408C801D4088801D4005
:102F4000974B1B682DE9F04F13F0005385B089466D
:102F5000039040F01E810293914E44F26422039943
:102F60003368885C03F07F030133984200F20381E9
:102F700044F26428039B03279844E0E0002B00F010
:102F8000ED80B3FA83F2C2F140029042C0F2E380D6
:102F9000306810F0005040F0F280013F88F80000E7
:102FA00017F0FF0700F0E78033689C0006D5029A0F
:102FB000824203D9501EC0B288F80000336803F083
:102FC0007F03013398420BD3306810F0005040F07B
:102FD000C980013F88F8000017F0FF0700F0CB80A0
:102FE000704BC0F1200E704AA0F120011B68D2F88E
:102FF00000C0019300230093DDE9002342EA0C02A4
:1030000022FA00F403FA0EFE23FA01F1002344EA47
:103010000E040C4304F00102134340F08680634B1E
:1030200003441B011A6811017FD4110E01F00B0E2D
:10303000BEF1020F79D102F4001E5868C2F3005CA1
:1030400001F00F01BEF1000F20F0604089F808C0C8
:1030500015BF4FF0000C4FF0120C4FF0010E4FF067
:10306000000E20FA0CF0062989F807E0C9F80000E4
:1030700000F08B80C2F3034044F2652189F80B0015
:103080000398014498F8000000F1010E88F800E070
:1030900089F81400A9F804200A7899F8071089F82B
:1030A00015209A68002989F80F2008BF4FF0806129
:1030B0009A6818BF4FF08C61120A89F80E209A683E
:1030C000120C89F80D209A68120E89F80C20DA6823
:1030D00089F81320DA68120A89F81220DA68120CCB
:1030E00089F81120DA68120E89F81020196099F811
:1030F00014002F4B1F281B6844D9203801222D4B68
:1031000002FA00F01B6818432A4B186049460398DE
:10311000FFF766FDD9F8002099F814100398FFF71F
:1031200051FC002839D198F800000130C0B288F86D
:103130000000336803F07F03013398421BD81E4A16
:103140004FF0000A1B4B1B6811684AEA010252EA61
:1031500003017FF413AF98F8000025E7B2FA82F27A
:10316000203210E7013FFEF775FF88F8000017F0E6
:10317000FF077FF435AF002005B0BDE8F08FFEF704
:1031800069FF0AE7FEF78CFFC0E7012189F8091003
:1031900070E7FEF75FFF0290DEE60120ECE700BF7C
:1031A00000801D4024801D4028801D4008D8010457
:1031B00008801D402C801D4030801D4070B50221CC
:1031C00000200AF025FF002834D1474B1B689900E6
:1031D00030D5464B1B689A062CD4454B1B689B0682
:1031E00028D544494448FFF73FFE002828D0434DE6
:1031F000404E2B782BBB424C6368A26833441B7B48
:1032000013421DD03F49404A0B6810681B1AB3F5A2
:103210007A7F3DD909682B781160384D002B3CD15D
:103220003A4C2278012A34D00121394B00222170F6
:103230001A7070BD2F493048FFF782FE0028D6D1A2
:1032400070BD0B2133480DF001FB002310223168C3
:1032500031480AF035FD2A4C022130480DF0F6FACB
:103260001B212F480DF0F2FA61682B480AF068FD27
:1032700009212C480DF0EAFA61680023102231443C
:103280002548097B0AF01CFD23480AF001FDB3E73D
:1032900070BD1F4923700A70D2E7162122481B4CCB
:1032A0000DF0D4FA1C480AF0F3FC2378012B0AD065
:1032B0002B78002BB8D014211C480DF0C7FA164803
:1032C0000AF0E6FCB0E7002011492A7820700B7064
:1032D000002AB5D0112116480DF0B8FA0E48BDE805
:1032E00070400AF0D5BC00BF00801D4028801D4002
:1032F00030801D405C520020BC9F00201AF000204E
:1033000074520020E0EF00209CEB00203763002087
:103310003863002040140020A85200204C140020E4
:10332000501400206C14002078140020A4140020F5
:10333000901400201F2938B50D46144634D91C4975
:10334000A5F1200001230A68834013430B60194B49
:103350004FF00061E2792B441B011960BAB1217A68
:103360002268002922F0604214BF4FF4E0014FF4BC
:10337000C0015A60E06800BA9860206900BAD8605D
:10338000E27A41EA024242F040621A6038BD2268A5
:10339000207A9104084A002802EA01020CBF0021A9
:1033A0004FF480115A60E5E70846FEF779FECEE754
:1033B0002C801D4008D801040000FC1F2DE9F04FAF
:1033C00008219DB00025DFF898C0DFF898E0224C76
:1033D0002A460C950A958DF833100B950D950E9590
:1033E0000F95DCF800C0DEF800E024686346DFF8E3
:1033F00078C042EA0E0A2146184C03909B462846A4
:10340000DCF80050236840EA05001D04CDE9040102
:1034100003D42368990000F10982DDE9042342F016
:103420000102002B00F0FE81B3FA83F5DFF82C8057
:10343000C5F14005D8F80040EDB214F0005440F05A
:103440007A81D8F8003044F26523039AD318CDE985
:10345000006708938BE000BF2C801D4000801D405A
:1034600024801D4028801D4030801D4000F4001C39
:10347000D3F804E0BCF1000F2EF060460DBF4FF012
:10348000120E4FF0000E0127002726FA0EFE062925
:103490008DF82F70CDF828E000F059820899C0F31C
:1034A000034E8DF83C40BCF1000F09788DF833E0F5
:1034B00008BF4FF0806E8DF83D1018BF4FF08C6E36
:1034C00099681F2CADF82C008DF8371099684FEAD9
:1034D00011218DF8361099684FEA11418DF8351099
:1034E00099684FEA11618DF83410D9688DF83B1056
:1034F000D9684FEA11218DF83A10D9684FEA114185
:103500008DF83910D9684FEA11618DF83810C3F879
:1035100000E0BC4B1B6840F216820121BA4B01FA55
:1035200002F21B681A43B84B1A600A9A21460398A4
:10353000FFF748FA002840F001820AA90398FFF734
:103540004FFB0AA8AFF300800AA8AFF300800AA8D7
:10355000AFF30080AD4B01341B68E4B203F07F038E
:1035600001339C4280F0F480A54240F2F1802AFAB7
:1035700004F2C4F1200300920BFA03F0009EA4F1C0
:10358000200206432BFA02F1304608432BFA04F1DD
:1035900000900191DDE90001002100F001000143EC
:1035A000D8D0DDE9046707FA03F326FA04F83946B0
:1035B00048EA0308D14048EA0108002108F0010068
:1035C00050EA0103C6D0924B23441B011868010E38
:1035D00001F00B0E01F00F01BEF1020F3FF446AFF8
:1035E000042900F0CE810829B4D1C0F30341089E1C
:1035F000D3F804C096F800E08DF8331000F4001101
:103600008DF83DE041F2560E8DF83C400029996856
:10361000A644ADF82C002CF0604C8DF8371018BF84
:103620000020996808BF1220039E4FEA11212CFA4E
:1036300000F056F82E6018BF4FF0010E8DF83610CE
:1036400008BF4FF0000E99680A90090C8DF82FE022
:103650008DF835109968090E8DF83410D9688DF8F9
:103660003B10D968090A8DF83A10D968090C8DF811
:103670003910DB681B0E8DF838301EB10AA806928F
:10368000B047069A44F2582303990B441B681BB1B8
:103690000AA806929847069A039941F61A33CB185E
:1036A0001846069319469B889BB2002B00F05D815B
:1036B00010AA03884FF01A0E0DF1580CDBB2104619
:1036C000099267460EFB031E02460EF5817E1646E2
:1036D0005EF8060FDEF80410DEF80820DEF80C3085
:1036E000ACE80F00DEF81000DEF81410ACE80300C0
:1036F0000FCF0FC697E8030086E803009DF954300A
:103700005A1C00F0D6819C427FF424AF099AE1B2A2
:103710000398FFF70FFE06990B880133C3F30803E4
:103720000B808B889BB2002B3FF414AF8B88013B3E
:103730009BB28B800EE7FEF78DFCD8F80030044674
:1037400003F07F030133834202D985423FF67BAE0B
:10375000304B314C18682168304A41400A40002AF9
:1037600047D0039A43F2206313449A8892B20F2AF7
:103770003FD89A8892B20F2A40F2F28043F2206634
:10378000039A59885D88925B01F00F01ADB292B245
:10379000023182F0100243F82100954200F0688166
:1037A000598843F2E862039E01311D4D324401F015
:1037B0001F0159802E689388B6B29BB20F2B40F23E
:1037C000CA8043F2E867039B51885588DB5B01F0B0
:1037D0000F01ADB29BB202EB410183F01003CE802A
:1037E0009D4200F03E8153882060013303F01F03A7
:1037F0005380084A136803431360BFF34F8F1DB013
:10380000BDE8F08F08801D402C801D4000801D40C9
:1038100008D8010420801D4048E40020BFFF0700B5
:103820001C801D40B2FA82F52035FFE50AF0200227
:10383000002313433FF4F1AD00F0200200231343B3
:103840003FF4EBAD9F4A44F265210398632512686B
:10385000415CC2F3034402F400109B4B8DF83340EB
:1038600000281B684FEAD25014BF0024122423F012
:1038700060438DF82E00ADF82C20C2F3005223FADD
:1038800004F3924C4FF005000A9323688DF8302022
:1038900018BF01228DF8373008BF002223688DF849
:1038A0002F201B0A8DF8363023681B0C8DF835301D
:1038B0002268874B120E8DF834201A688DF83B2051
:1038C0001A68120A8DF83A201A68120C8DF83920FD
:1038D0001B68804A1B0E8DF83D108DF83C508DF80A
:1038E00038301368FEF7DCFBDDE90423002302F027
:1038F0004002134340F0D580DDE90423002302F0A9
:103900008002134340F0C980039C0AA92046FFF7B8
:1039100067F90AA8AFF300800AA8AFF300800AA8ED
:10392000AFF300800A992046FEF7C2FF00283FF45B
:1039300074AD0AA90398FFF7EFF86EE50AA903989A
:10394000FFF7EAF8F9E52046FEF7AAFBEDE50121CD
:103950008DF83110A2E5938801339BB2938030E754
:103960009A88013292B29A8008E71F2C40F29D801B
:103970000121594B01FA02F21B681343564A1360A6
:10398000E8E5C0F30341089ED3F804C096F800E0D0
:103990008DF8331000F400118DF83DE041F2560E21
:1039A0008DF83C4000299968A644ADF82C002CF015
:1039B000604C8DF8371018BF0020996808BF12209E
:1039C000039E4FEA11212CFA00F056F82E6018BF22
:1039D0004FF0010E8DF8361008BF4FF0000E9968B9
:1039E0000A90090C8DF82FE08DF835109968090EB2
:1039F0008DF83410D9688DF83B10D968090A8DF814
:103A00003A10D968090C8DF83910D968090E8DF86B
:103A100038102EB10AA809920693B047099A069B5E
:103A200044F2582103980144096829B10AA809926F
:103A300006938847099A069B41F61A310398411864
:103A40000E460691898889B2C9B133884FF01A0EA3
:103A50000DF1580C10AADBB2674609920EFB036EFB
:103A600033E60399CB5B013303F01F03CB53BAE674
:103A700003998A5B013202F01F028A5390E61F2CE1
:103A80001AD90120144900FA02F209680A431249BE
:103A90000A604FF000621A605CE50720FEF700FB49
:103AA00032E70620FEF7FCFA26E72046FEF7F8FA92
:103AB00050E5099A21462BE620460693FEF7F0FAD8
:103AC000069BE6E780801D4084801D4088801D4065
:103AD0008C801D4008801D402C801D4044F2500306
:103AE000C25C2DE9F04305468FB00AB90122C254E9
:103AF0002B8B9BB2002B54D144F25C2341F61A3637
:103B000001227149EB58B0462E4403F01F005B09B7
:103B1000824041F82320B3889BB263B335F8083064
:103B20001A240DF1200E02AFDBB2F446B94604FBB5
:103B3000036404F5817454F8060F6168A268E368B1
:103B4000AEE80F0020696169AEE80300BCE80F0031
:103B5000A9E80F009CE8030089E803009DF91C1008
:103B60004B1C5FD0594B0B441B011B68C3F3036311
:103B7000082B00F0878044F25C2301225449EB5863
:103B800003F01F005B09824041F8232000212B8BAA
:103B9000B0889BB280B21B0380B218430FB0BDE85F
:103BA000F0832A461A2408AE02AF32F8143FB5F863
:103BB00014E0DBB20EF1010E04FB0324CEF3080E79
:103BC00004F5817454F8060F6168A268E3680FC6B3
:103BD0002069002361690824A5F814E02A8BBB60E2
:103BE00092B202937B60FB603B617B618DF8134076
:103BF00003C61AB12B8B013B9BB22B8308AC3E460C
:103C00000DF1380E0FCC0FC694E803003A4686E853
:103C100003009DF81C3028460EF8313D7146FEF732
:103C200029FF69E7DFF8AC80D8F8004014F00054B1
:103C30003ED1D8F80030DFF89C8008E0D8F800309A
:103C4000013403F07F03E4B201339C4293D21F4B53
:103C500023441B011B68C3F30363082BEED13A46D0
:103C600021462846FFF766FB33880133C3F3080378
:103C70003380B3889BB2002BE0D0B388013B9BB26A
:103C8000B380DBE73A46C9B22846FFF753FB35F865
:103C900008300133C3F3080325F80830B3889BB21A
:103CA000002B3FF468AFB388013B9BB2B38062E75F
:103CB000FEF7D0F9D8F80030044603F07F03013353
:103CC0008342B8D857E700BF80E100E008D801047C
:103CD00000E100E000801D4070B50D4686B006464C
:103CE000496828686C46AA68EB680FC428691822DE
:103CF000696903C441F61A3069463044FEF7D8FEBC
:103D000006B070BDF0B58B7D0546474C87B00E46BA
:103D10002068002B38D110F0005062D12368014692
:103D2000424B0B441B011B68C3F30363082B24D0D5
:103D30003D4A04E02368C3F30363082B1DD01368D6
:103D4000481C3A4C03F07F03C1B201330C44994242
:103D50004FEA0414EED30FCE6C46FF270FC496E84B
:103D6000030084E80300284669468DF81470FFF7C5
:103D7000B3FF4FF0FF3007B0F0BD28463246FFF7E3
:103D8000D9FA012007B0F0BD10F0005033D12368FC
:103D9000264B044603441B011A68110114D422491E
:103DA00002E01A6812010FD40A6801301F4B02F0BA
:103DB0007F02C0B201320344044690424FEA03132B
:103DC000EFD31B4B4FF0FF341B68C3F30363082B87
:103DD0001AD128463246E1B2FFF7ACFA012007B00B
:103DE000F0BDFEF737F92368014603F07F03013386
:103DF000834295D8AFE7FEF72DF9236803F07F03E0
:103E000001338342C4D8DCE70FCE6F460FC796E874
:103E1000030087E80300284669468DF81440FFF741
:103E20005BFF4FF0FF30A6E700801D4008D801047B
:103E300070801D401B4B002241F61A3143F2246072
:103E400043F2E86CF0B59A8241F61C37DA8241F60B
:103E50001E351A8343F2206E5A5243F2226443F213
:103E6000EA6643F2EC61DA5344F250075A5344F2E3
:103E7000510523F80E2044F25C2E1A5344F26024BC
:103E80001A5244F2642023F80C209A535A52064ED8
:103E90000649DA5543F80E201E605A551A511A5435
:103EA0000B60F0BDBC9F0020D4050020E0E30020A3
:103EB00030B44FF4806500248022017045808480F6
:103EC000827130BC704700BF41807047818070476D
:103ED0008171704770B5012503780F4C0646AB40E1
:103EE0000021204684F8305184F8A53084F82F5101
:103EF00000F09AF82946204600F078F92B463178F0
:103F00002046022200F0E2F994F8A30094F8A230CF
:103F1000C01A18BF012070BD8855002070B501255A
:103F20000378194C0646AB400021204684F83051F6
:103F300084F8A53084F82F5100F076F82946204601
:103F400000F054F9317802222B46204600F0BEF9E9
:103F500094F8A22094F8A3108A4211D25319A01801
:103F6000DBB290F91A00994284F8A2304FEA00209F
:103F700006D9234402329B7E84F8A220184370BDE8
:103F80004FF0FF3070BD00BF88550020F8B5818824
:103F9000054642880126AF7948F203130A432D787B
:103FA0000E4C31463A43B540204684F83061134305
:103FB00084F8A55084F82F619DB200F035F82046B2
:103FC000290A00F031F82046E9B200F02DF8314618
:103FD0002046BDE8F84000F009B900BF8855002030
:103FE00090F8A32090F8A200101A704790F8A23021
:103FF00090F8A3209A4205D95A1C034480F8A220C5
:10400000987E70474FF0FF30704700BF90F8A230A5
:1040100090F8A3209A4202D90344987E70474FF04B
:10402000FF307047704700BFB0F8303193B190F85F
:104030002F31882B0BD8C21810B45C1C012380F8D8
:104040002F41184682F8A5105DF8044B70470122F5
:10405000002302711846704738B50546B0F83001A4
:1040600090B195F82F311446C3F1890294420CD8CF
:1040700005F1A500224618440AF052FD95F82F31AB
:1040800020461C4485F82F4138BD144601222A7170
:10409000EEE700BF704700BF2DE9F04F8346404870
:1040A00083B01525DBF814A09BF818609BF8193035
:1040B0000AEB06163B490AEB0313DFF8ECE0367A0D
:1040C0000C4693F828303601DFF8E0901B01871981
:1040D00050F8068000EB030CC658F8687B68DCF8E3
:1040E0000C7000931D60C8F88400D8F80430DCF828
:1040F000042003430192C8F804301560C6F88470A8
:1041000073683B4373600968DEF80030A9FB033233
:10411000920C02EB8202520023685B1A9A42FBD88F
:10412000204A0925DFF884C09146D8F808301842A3
:1041300002D0B3681F4231D1C6F888701468DEF827
:104140000010ACFB0131890C01EB810113681B1BD2
:104150009942FBD8C6F88470D9F80040DEF8001008
:10416000ACFB0131890C01EB810113681B1B9942E7
:10417000FBD8013DD9D128469BF81830009A0AEBAC
:104180000313DB6813609BF81930019A0AEB031ADA
:10419000DAF82C30136003B0BDE8F08F0120EBE7B4
:1041A000040A0020041000E08452002083DE1B4338
:1041B0000D49026910B50C6805E0DB0107D40B68F6
:1041C0001B1B102B08D8536913F0007FF5D14FF457
:1041D000FE430120536110BD0446FFF75DFF002838
:1041E000F9D02269F3E700BFE0EF00202DE9F047A6
:1041F00090F82FA1BAF1000F02D10420BDE8F0879A
:1042000005460E46FFF7D4FF0028F6D02E4F0024B7
:104210004FF40079D7F80080544529691AD8CB6D3E
:1042200003F00703032B09D914E095F8A520013307
:10423000012442F48062042B0A660BD02A19002C58
:10424000F3D0A24527D9013392F8A5200134042BDD
:104250000A66F3D14B69180522D45A0527D498046D
:1042600004D43A68C8EB0202322A09D90B694FF428
:104270000072042043F440730B610A66BDE8F087C6
:10428000544505D9CA6D520702D19B0519D4C6B150
:104290000CF062FBC0E70EB1C1F860900134D9E7C1
:1042A0000B69042043F440730B61BDE8F0870B6990
:1042B0004FF40072022043F440730B610A66BDE8BC
:1042C000F0870020BDE8F087E0EF00202DE9F84FEF
:1042D0000C46154698468146FFF76AFF10B9042040
:1042E000BDE8F88F00226300002D40F2014A144619
:1042F000DBB23D4E08BF0125022C43EA0A0AD6F87C
:1043000000B089F8A22089F8A32048D9D9F8103044
:1043100099F8A320872A12D8D96DC1F3024111B9A7
:104320000DE0882A0BD002F1010E09EB02000139E1
:104330005FFA8EF289F8A3201F6F8776F1D15A6950
:1043400010054CD412F4105F04D13168CBEB01019D
:10435000322912D91A694FF4007142F440721A617D
:104360001966DA6D12F4E02F03D01A6942F4007274
:104370001A6199F8A300BDE8F88F99F8A310A94233
:1043800009D3022C07D9D96D490704D19205E8D485
:10439000B8F1000FE5D00CF0DFFA022CB6D8D9F84E
:1043A0001020D36D03F00703032B0DD8691E4FF4C3
:1043B000007041F480714CB9C2F860A0013B013437
:1043C000032B01D8022CF6D91346A1E7012C04D007
:1043D000B8F1000FF2D01066F0E71166EEE71A6947
:1043E00042F440721A61BCE7E0EF0020036970B547
:1043F000D3F81451044615F4706201D0C3F81421A7
:10440000AE070BD5D3F87011080442D50022012065
:1044100084F8A220224484F8A3009176EA0710D5FC
:1044200094F8306116B394F82E6194F82F21B242BB
:104430002BD9721C264484F82E2196F8A520C3F8A7
:104440006021AB0511D594F8A30018B1D4F83C3124
:1044500003B19847002384F8A23084F8A33084F88D
:104460002E3184F82F3184F8303170BDD4F83821E2
:104470000AB1904723690122002184F8302194F881
:104480002F2184F82E11B242D3D80022C3F8602124
:10449000D7E794F8A320872AC0D8501CC0B2B9E748
:1044A0000148FFF7A3BF00BF485400200148FFF7B1
:1044B0009DBF00BF885500200148FFF797BF00BF90
:1044C000C856002088B181B10288012A30B410D0CA
:1044D0001030002203E030F8104B012C0AD00132DA
:1044E00005469142F7D130BC70474FF0FF329A60D9
:1044F000704705462A7A01211A746A7A5A74AA7A90
:104500009A74EA7A9960DA7430BC70474B684360F9
:10451000704700BFF0B589B00D460446084601A9B2
:10452000164603F0B7F9013004D0019B01207360F7
:1045300009B0F0BD002301221B494FF45450A36081
:1045400005930293039304930793ADF80420ADF809
:1045500014200691ADF8060004F03EFE04F0B4FF0E
:1045600027796179A279E379029001A804950794EB
:104570008DF80C708DF80D108DF80E208DF80F3021
:1045800001F0C0FF0028D3D0A368002BFCD0A368A3
:10459000013302D0A068012802D0002009B0F0BD8C
:1045A0002369736009B0F0BDC14C00000020704762
:1045B000704700BF014B1868704700BFE0EF002054
:1045C00010B5044609F0FAFA204610BD0029194B2F
:1045D00014BF0121002130B5197083B013D01546E6
:1045E000044604F0F9FD04F009FE00238DF80430C0
:1045F0008DF805308DF806308DF80730019B834229
:1046000008D003B030BD01F013FF03B0BDE8304067
:1046100001F002BF084B18461C6001F08FFE002815
:10462000EFD0204601F004FF296803B0BDE8304018
:1046300001F02CBF12F000204CE40020704700BFB6
:10464000704700BF2DE9F04F844F93B08946049224
:104650000390D7F8008004F0BFFD04F013FD00289C
:1046600040F0CD807E4B1B681BB94FF480337C4AF1
:1046700013607C4B1B68002B00F0E980DFF81CA264
:10468000DAF800301BB94FF40063CAF80030DFF8E5
:1046900010B29BF80000002800F0D0808000724E1D
:1046A0000AF0D8FA9BF80030306098000AF0D2FA8D
:1046B0009BF800306D497060580001910AF0CAFA09
:1046C0009BF80030B06058000AF0C4FA9BF8003044
:1046D000F06098000AF0BEFA9BF800303061980054
:1046E0000AF0B8FA624A9BF80030106058000AF0ED
:1046F000B1FA9BF80030706158000AF0ABFA5D4ADD
:104700009BF80030106098000AF0A4FA5A4B186029
:104710009BF800000AF09EFA01999BF800300860AF
:104720007BB30024CDF81480234625B2D6F8008050
:10473000DAF80000029301910AF08CFA48F825009B
:10474000D6F80480DAF800000AF084FA48F8250068
:104750000420D6F810800AF07DFA454B48F8250071
:1047600004F1010E1A680199029B42F825300A688B
:1047700013555FFA8EF49BF80020A242D5D8DDF8DD
:104780001480384B0AA81A68354B0A921B683B4ABA
:104790000B933B4B0C920D9305F0EAFF01303AD09E
:1047A00003990622374804F00FFE013033D004F09D
:1047B00013FD80B304F010FD334A344913680790A9
:1047C00013F0010F0891324B03D1012104981160BD
:1047D000186007A8099302F0D7F845F6BF522D4993
:1047E0002D4809F08BF904F0F7FC01F021FE01F0EF
:1047F0001BFEB0B93B68C8EB03034B450BD204F07A
:10480000EBFC01F015FE01F00FFE50B93B68C8EB60
:1048100003034B45F3D3002013B0BDE8F08F0A9B90
:104820008BB904F0D9FC01F003FE0AA901F01AFECD
:104830003B68C8EB03039945F1D8ECE70823202037
:104840008BF800302BE7012013B0BDE8F08F044B4C
:1048500018680AF0FFF9034B18600FE7E0EF00203B
:10486000FCE30020F8E300200000202010E40020FA
:10487000F0E3002008E400200CE40020C40800203D
:10488000D4080020985F002030E20020C94D0000CD
:104890005CE4002059B00000A0590020F4E300209F
:1048A00011F00020064B1B7803F0FF002BB1A0F1A4
:1048B0000100B0FA80F0400970470220704700BF45
:1048C00012F000200320704710B5044604F084FC69
:1048D00004F094FC024B60602046236010BD00BFD2
:1048E000C006002038B50D4604F076FC04466D681D
:1048F00004F072FC04F08CFC024629462046BDE818
:10490000384004F041BC00BF30B4054B0024054DD5
:104910005C601D60044A0549054830BC0CF0B2BB20
:1049200000E40020C006002050520020BD4D0000D1
:10493000A059002003689B6B184700BF4969024AD1
:1049400041600260704700BFC0060020008B7047C6
:10495000C0897047808B80B2704700BF10B582B0AD
:104960000468012202AB03F8011D194663689847E9
:1049700002B010BD704700BF38B5064D837F2A785E
:104980009A4205D90446184600F08EF92B78A37791
:1049900038BD00BF11F00020104B1A7870B50446E6
:1049A0000E460F4D82B100212A7819708277314668
:1049B000022000F09DF92B78A07783420BD90023C9
:1049C000E6810120A38370BD807F2B788342EED9DE
:1049D00000F06AF9EBE7002070BD00BF34630020EF
:1049E00011F00020F0B500238BB0154C0D46174692
:1049F000069309930646029305940894019404F0E3
:104A0000EBFB04F00FFC03A9049005A80394FFF747
:104A10007DFD294605A841F2883301AAFFF77AFDFA
:104A2000012801D00BB0F0BD33683A46029D03A9BE
:104A30009B6A30460394049598470BB0F0BD00BFC5
:104A4000C006002008B5002304314383807F00F0B6
:104A5000FFFA08BD08B50021807F00F035FB08BDD6
:104A600008B5807F00F030FB08BD00BF10B50446DC
:104A700093B2807F0A46618B00F0B6FA638B0344E1
:104A8000638310BD838B9BB213B94FF0FF30704727
:104A900010B582B004460122807F0DF1070100F0BD
:104AA00035FA002807DDA38B9DF80700013B9BB278
:104AB000A38302B010BD4FF0FF30FAE7838B9BB2A7
:104AC000CBB1838B9BB2934210B504460CD912B282
:104AD000807F00F01BFA0246002A0FDDA38B1046F0
:104AE0009B1A9BB2A38310BD828B807F12B200F011
:104AF0000DFA0246F0E74FF0FF3070474FF0FF30FD
:104B000010BD00BF074A08B5837F12789A4202D9C8
:104B1000828B92B212B94FF0FF3008BD184600F0F8
:104B200055FA08BD11F00020F0B5114D0446807F04
:104B300083B02B780F461646834215D80D4B32466C
:104B40007F68694682208DE8880000F08DF92B7817
:104B5000A077834205D900230120E681A38303B017
:104B6000F0BD002003B0F0BD00F09EF8E6E700BF06
:104B700011F00020C0060020F0B5044687B0807F09
:104B800000F00AFAA08308B907B0F0BD1B4B0C2750
:104B90001B4906ADA27F0DEB0706186800230968C4
:104BA000DFF864E051F8221050F82200DEF800200F
:104BB00045F8107D0096019505F0F0F9114A0023A3
:104BC000A17F126822F81130421C13D09842DBDD1D
:104BD000BDF80E309DF814605BBA9DF815509DF835
:104BE00016109DF81720238326756575A175E2754B
:104BF00007B0F0BD184607B0F0BD00BFF0E30020DD
:104C00000400202014002020F4E30020224B1A6826
:104C100052F82030C3B152F82000204910B584B0BA
:104C2000012403AA0DF10B0303940092072205F05F
:104C3000B3FA01301CD09DF80B30042B15D8DFE8F7
:104C400003F005080B0E110018467047002004B051
:104C500010BD1C2004B010BD132004B010BD1720DF
:104C600004B010BD142004B010BD012004B010BD6C
:104C700002F016FA04460A2109480BF0E7FD0BF092
:104C800019FE2146074809F05BF8064809F000F8CC
:104C90000BF010FECFE700BFF0E3002017E50300A4
:104CA000BC140020A852002070B50E4D04462B689D
:104CB0001A5C034452B986000B4D00242A681C700C
:104CC000905905F0CBF82B689C5170BD074A03B290
:104CD00012689E0052F8230001F080FE2B682344E6
:104CE000EAE700BF10E40020F0E300200CE400201D
:104CF0002DE9F047564F88B097F80090B9F1000FB2
:104D000000F08580DFF85C810E460546D8F800305B
:104D10001C68F4B10433002402E053F8042BC2B140
:104D20000134E4B2A145F8D14FF0000A534601E046
:104D3000994517D918461C46FFF768FF00F0FB009D
:104D40000AF1010A18285FFA8AF3F1D12046FFF729
:104D5000ABFF404B0121022D1B680391029352D0FF
:104D6000212D03D0387808B0BDE8F087002208462E
:104D7000D8F800A00FFA84F905F018FB4AF82900CA
:104D80004FEA8909D8F80030DFF8D88053F80930A5
:104D9000002BE7D00C22002105A876BA05F02AFEE8
:104DA000D8F800304FF0000E05A953F80900012390
:104DB0000C22ADF81660ADF81430CDF81CE005F00B
:104DC00059FB0130D8F8003023D0042653F80900ED
:104DD000062202AB2049009605F056F9D8F80010DB
:104DE00002AB052251F809001B49009605F04CF969
:104DF000212D13D0194B002220461B6823F81420C4
:104E000008B0BDE8F087084600222946B0E74846CA
:104E1000A9E753F8090005F021F8A3E7D8F80050F6
:104E200003AB0F49102255F8095008680621009677
:104E30000490284605F028F9D8F8001004AB0322A6
:104E400051F809000449009605F01EF9D2E700BFA9
:104E500011F00020F4E3002017E5030008E400202F
:104E6000B4030020F0E300202DE9F047022086B0D3
:104E700089461146FFF73CFF224B05461B788342CB
:104E80003BD099F80540002699F804200FFA80F8E5
:104E9000240499F8073099F806C04FF0080E04EB87
:104EA0000264194F31460DF118091C443A6804ABED
:104EB0004FF0040A04EB0C2452F828001922CDF814
:104EC00000E024BA0596049405F0DEF83868FF2364
:104ED0003146182250F8280049F80C3D4B46CDF8D1
:104EE00000A005F0D1F83A684B46314652F8280048
:104EF0001722CDF800A005F0C7F8284606B0BDE897
:104F0000F08700BF11F00020F0E300202DE9F04110
:104F10001E4E45001E4B37681B6837F810E02F44C3
:104F20009E452FD080460EEB02001446834212DDD0
:104F300069B1184B08461B6853F82810714405F0F6
:104F4000D7FC376837F818E02F440EEB04003880A0
:104F50002046BDE8F081CEEB0304A4B261B10D4B55
:104F6000084622461B6853F82810714405F0C0FC1F
:104F700033685F1933F818E004EB0E0120463980DE
:104F8000BDE8F0814FF0FF34E2E700BF14002020BD
:104F9000F4E300200400202010B509490246094C22
:104FA000022309682068084C51F8221050F82200AA
:104FB000226805F05FF8431C14BF80B2002010BDCA
:104FC00004002020F0E30020F4E30020044A054B15
:104FD00012681B6852F8202033F81030D05C7047FC
:104FE000040020201400202070B51D460B440E46FE
:104FF00004B2B3F5006F144B10DA1B6811462A4651
:1050000053F82400304405F073FC104B28461A680E
:1050100032F814301D4422F8145070BD1B68C1F5DD
:105020000065114653F824002A46304405F060FC20
:10503000064BA8B21A6832F814309E1B06F50066BB
:1050400022F8146070BD00BF00002020080020205E
:10505000F0B40C780CB94B7823B3002A2AD0174D42
:1050600003B2174C00270120266854BA2A6826F894
:10507000137052F823600F78124A37702E684F78F9
:1050800056F8236077702E688F7856F82360B770D3
:105090002E68CD7856F82310CD70126822F8134090
:1050A000F0BC70478B78002BD7D1CB78002BD4D1B4
:1050B0001846F5E71046F0BC704700BF10002020EE
:1050C000080020200C002020F0B51B4A87B01B4CA4
:1050D000012312680C262468ADF80C300B4654F8F6
:1050E00020700DEB060532F81020DFF85CC0ADF83B
:1050F0000E2079783C780904FA7897F802E001EB01
:1051000004640F4F0F4914443F68DCF8002004EB9F
:105110000E2457F82070096824BA32F8102051F88C
:105120002010384605948DE8600004F0C5FE01307B
:1051300018BF012007B0F0BD0C0020201000202077
:10514000F0E30020000020200800202040BA80B2B8
:10515000704700BF00BA7047002070472DE9F0414A
:10516000514D0446514BEA6E514E194642F440628D
:105170005048EA66C3F8E860C3F8E400D1F8E030CC
:105180004A4A002BFADA4C4D4FF480334B4905273D
:10519000C2F8E83043F2E9066A684FF4004C484B25
:1051A0004FF4804E1140474803224FF0160841F457
:1051B000003169604BF2E905C3F87471C3F8787186
:1051C0003127416841F440414160C0F884C04FF04C
:1051D000020CC0F888E00120C3F87C634FF0000E99
:1051E000C3F88463C3F88053C3F89863C3F8885343
:1051F000C3F88C53C3F89053C3F8947307F1604716
:10520000C3F89021C3F88C2107F6D377C3F8A481A3
:10521000C3F8A8213D46C3F89421C3F8A021C3F8E0
:105220009821C3F89C2102F186422749274E02F5B6
:10523000DE12C3F8B8E102F5F452C3F8B4E1C1F8E4
:1052400030C048638863C8630864C86238683368DC
:10525000A2FB0332920C52002B681D491B1A9A4282
:10526000FAD8184812221B4B4FF48045C0F88450DE
:1052700008465A64184A09683368A2FB0332920C44
:1052800002EB820203685B1A9A42FBD84FF4207249
:105290001821204602F070F820468122172102F0E2
:1052A0006BF80020BDE8F08100C00F4000800D4089
:1052B0000F1001000120210000C00A40FFDF7DFF28
:1052C00000801F400040004200841F4084520020A4
:1052D000041000E000802D4083DE1B43014B187852
:1052E00003F02CB904ED00E0102832D91A4B1B4A08
:1052F0009B68F0B453F82040944218BF43F8202034
:10530000A0F110025309042B20D89E00144D012453
:1053100002F01F0235440F2904FA02F2104FD5F8AB
:10532000806128BF0F210F4C1643C1F10F010444C7
:105330000020C5F88061090157F82350C9B22A43FB
:1053400047F8232084F80013F0BC70470020F0BC1D
:1053500070474FF0FF30704700ED00E0D95A000071
:1053600000E100E0F0E000E0E0B103691B78012B10
:1053700018D1C3681A68AAB1A1B113680020D3F884
:10538000E43030B4CB701D0E1C0C1B0A0D704C7039
:105390008B701368D3F8E8301A0E1B0C0A714B712E
:1053A00030BC70474FF0FF30704700BF70B10369E9
:1053B0001B78012B0AD1C36800201B681B68D3F837
:1053C0000422D3F8843281E80C0070474FF0FF309C
:1053D000704700BFC3681A6813685968890103D40D
:1053E0004FF0FF325A6070474FF00071D160596042
:1053F000704700BFF0B4C6684FF400078904154D2C
:1054000030684FF4803301F4F80144686760A7689E
:10541000A06820F40000A060307AC00500F0786039
:1054200005432943216401E0013B0BD06168090277
:10543000FAD54FF4000300206360A760236CF0BC32
:10544000138070474FF400034FF0FF306360A76094
:10545000F0BC704700000260F0B4C7684FF4000071
:105460008904154D3C684FF4803301F4F8016468F9
:105470006060A668A06820F40000A060387AC005CB
:1054800000F07860024315432943216401E0013BA9
:1054900009D062681202FAD54FF40003002063605D
:1054A000A660F0BC70474FF400034FF0FF3063601C
:1054B000A660F0BC704700BF00000250002835D045
:1054C000F8B503691B78012B2DD1C3681F6857B34A
:1054D00049B30C46054606221649204605F09AFABD
:1054E00008B306221449204605F094FAD8B123786F
:1054F00013F0010617D161781B06E278284643EACB
:105500000143A5783968134343EA0523C1F8E43021
:10551000637922791B0443EA0263C1F8E83001F0A1
:105520006BFE3046F8BD4FF0FF30F8BD4FF0FF3056
:10553000704700BF800D0020780D002038B5C3688B
:1055400000224FF0FF35044619680B6888685A64DA
:105550005A629A605D6003F057F82046BDE8384013
:1055600001F03EBEC3689A692DE9F04F074683B04B
:105570001E6822B1904710B103B0BDE8F08F3268C9
:1055800001235362536A13F00104FBD1306B4FF0D7
:10559000FF314FF00C09946000F13F0800F18E03D9
:1055A000ED30516028F03F0823F03F0320F03F002A
:1055B0002546C6F81480A246C6F82480B36133623B
:1055C000A8F80090A8F80240FFF7C4FD336BD6F8A6
:1055D00014B0C8F8040003F22A709BF808306FF08A
:1055E0007F088BF8089020F03F009BF8093040F2CC
:1055F0003D698BF809409BF80A308BF80A409BF80C
:105600000B308BF80B40FFF7A5FD0223CBF80C0005
:105610003377306BB36909FB050003EBC50413F85E
:10562000352000F6675003F835800135637820F0A7
:105630003F0084F801A0A37884F802A0E37884F8FE
:1056400003A0FFF787FD042D6060E2D171692B464E
:1056500075770A89D6F818E042F02002B0680A810E
:10566000BEF818402D4A44F020042D49AEF81840E9
:10567000009702F089FF00287FF47EAFB46940F202
:10568000FE5E7169182233684FF047084FF4807C42
:10569000C3F82001C3F82401C3F81801C3F81C01A2
:1056A000C3F888E14FF06E0EC3F880410F24C3F8B1
:1056B00084111C49C3F884104FF00071C3F8C45022
:1056C000C3F8C0210222C3F8C481C3F844C1C3F89F
:1056D000900138463C627468C4F844E099605A62AC
:1056E00001F07EFE00287FF447AF33684FF00042A0
:1056F0004FF08071C3F8E400C3F8E8005A66C3F8BD
:105700000402C3F884025A6E22F000425A66B06264
:10571000F062196103B0BDE8F08F00BFC15F000007
:10572000D15B00000401FE05F8B5C3681C68236A5C
:105730001A8815062FD405464FF080761A8811076F
:105740002AD4236A21681A88083302F0200223F839
:10575000082C33F8082C42F0800223F8082C33F888
:10576000082C920648BFA36923620E611A881707A6
:10577000E9D51A8802F020021A801A8842F08002C5
:105780001A801A8890064CBFA369083323620E6101
:105790001A881206D2D5F8BD1A8812F47C5F02D09E
:1057A000236A2168E5E75868FFF7D4FC236A0746B7
:1057B0005888FFF7CBFC39460246284601F07CFCAE
:1057C000EEE700BF38B5C36805461C6802F04AFF23
:1057D000E3689A0105D523F000732846E360FFF7DC
:1057E000A3FFBDE8384002F045BF00BFF8B50D4645
:1057F000002933D04B690D2B30D9C3681E68736AFA
:105800001C8804F08004A4B2002CF9D15868FFF77A
:10581000A1FC2146034607464FF0FF32284603F01D
:10582000AFF8AB6999061ED5686980B2746AFFF754
:105830008DFC736A60801A8842F080021A80BFF380
:105840005F8F1A88920632684CBF7369083373629F
:105850005369002BFCD14FF0807353612846BDE89B
:10586000F84003F0E1B9BB896869082B19D02728F3
:10587000DBD94DF686529342D7D1397D28230029B2
:10588000D3D003F10E0206293A441ED0112915D0B7
:105890000129CAD104339842C7D300239370D3702F
:1058A000C3E71328C1D9BB8A23F04003002BBCD126
:1058B000BB7BF97D9B0003F03C03E0E70833984293
:1058C000B3D300239371D371AFE714339842ACD3B1
:1058D000002313745374A8E7C2684FF0FF33F0B489
:1058E000CE181768053116F8014F082006E01E4B48
:1058F00001384FEA540483EA05030AD084EA03021C
:105900005D08D207F3D401384FEA53034FEA540439
:10591000F4D18E42E7D19B0E012203F01F011F2B11
:105920003B6802FA01F208D8D3F824110A420FD0DA
:10593000BB6A1A43BA62F0BC7047D3F820110A421E
:105940000DD1D3F820110A43F0BCC3F820217047D1
:10595000D3F824110A43F0BCC3F824217047FB6A32
:105960001A43FA62F0BC70472083B8EDC2684FF06A
:10597000FF33F0B4CE181768053116F8014F082030
:1059800006E0184B01384FEA540483EA05030AD0B5
:1059900084EA03025D08D207F3D401384FEA5303C7
:1059A0004FEA5404F4D18E42E7D19B0E01223868AD
:1059B00003F01F011F2B02FA01F209D9F96AD0F88E
:1059C000203161EA02021340F0BCC0F82031704778
:1059D000B96AD0F8243161EA02021340F0BCC0F881
:1059E000243170472083B8EDF8B50F4C01270F48DC
:1059F00004F1900604F048FF02E00C34B4420ED0EB
:105A00002368002BF9D02579002DF6D127710C34AD
:105A100054F8040C984704F8085CB442F0D10348E9
:105A2000BDE8F84004F03CBF80EA002014EB002001
:105A3000F8B5C8B106460F4604F03EFF00220B4DF4
:105A40001346AC580C3209493CB101330C2BF8D148
:105A5000002404F03FFF2046F8BD03EB43039B0006
:105A6000CC18CE50A760F4E70446F4E780EA0020A3
:105A700048B110B5044604F01FFF00232360BDE8C1
:105A8000104004F027BF704708B50448902104F087
:105A9000B9FF0348BDE8084004F0E8BE80EA0020F2
:105AA00014EB0020014804F0EFBE00BF14EB00200F
:105AB000014804F0F5BE00BF14EB002038B5DC1C33
:105AC0008C420BD81C46054602701A4602346B7095
:105AD0000499023004F00CFF281938BD002038BDAD
:105AE00070B590E84400531C9E4203D89AE0B2423D
:105AF00000F0D880147813460132002CF7D0FF2C28
:105B000000F0D0805A7802321A44B24200F2CA80C1
:105B100002601C785D78013C3A2CE4D80FF2040E48
:105B20005EF824F093640000E362000085640000E6
:105B3000E3620000E362000077640000E3620000BB
:105B4000E3620000E3620000E3620000E362000041
:105B5000E3620000E3620000E3620000E362000031
:105B6000E3620000E3620000E3620000E362000021
:105B7000E3620000E3620000E3620000E362000011
:105B8000E3620000E3620000E3620000E362000001
:105B9000E3620000E3620000E3620000E3620000F1
:105BA000E3620000E3620000E3620000E3620000E1
:105BB000E3620000E3620000E3620000E3620000D1
:105BC000E3620000E3620000E3620000E3620000C1
:105BD000E3620000E3620000E3620000E3620000B1
:105BE000E3620000E3620000E36200006964000019
:105BF000516400003F64000031640000E362000073
:105C0000E3620000E3620000236400000D64000012
:105C1000042D7FF468AFD3F802308B61531C9E4291
:105C20003FF668AF70BD042D7FF45DAFD3F802304E
:105C30004B6158E7042D7FF456AFD3F80230CB60A8
:105C400051E7012D7FF44FAF9B7881F8203090E829
:105C5000440048E7012D7FF446AF9B78032B3FF6C5
:105C600042AF81F8213090E844003CE7042D7FF4F6
:105C70003AAFD3F80230CB6135E7032D7FF633AF6F
:105C8000D3F802300B612EE7032D7FF62CAFD3F84B
:105C900002308B6027E7042D7FF425AFD3F8023064
:105CA0004B6020E770BD00BF2DE9F0410C2586B0A8
:105CB00000F13406044606AB0DEB050200680F4602
:105CC00043F8105D31460193002300924FF40A72AD
:105CD00004F064F9054607F01FF8A3696269C01A69
:105CE000904250D2EF2D03DD94F83430022B04D0D3
:105CF0000025284606B0BDE8F081D4F83880A06AB7
:105D0000FFF728FA8045F3D194F83620062AEFD120
:105D100004F1200104F1500004F07CFE0028E7D1DA
:105D200004221A4904F5907004F074FE0028DFD1B3
:105D30002421384604F066FE6B1E616C04F59272F5
:105D40001E4404F12C083960394626634046E2625D
:105D5000FFF7C6FE97F82130002BCAD09A073946C4
:105D600040464CBF04F1600304F1A003E36297F8DE
:105D70002130DB074CBF04F21F1304F19F032363A0
:105D8000FFF7AEFEB5E74FF0FF35B2E7740D002028
:105D90002DE9F04F00F13407044689B04FF40A7141
:105DA00000F12008384604F02DFE06250123A06AE4
:105DB00084F8365084F8343084F83530FFF7CAF967
:105DC00080232A46A063E387414604F1500004F58E
:105DD000927504F08DFD04F590700422704904F072
:105DE00087FD2379092B00F28A80DFE803F08B8896
:105DF000969EB888C3CE880504F5187204F5177608
:105E000028460423711B00923222FFF757FE0546F5
:105E1000002874D003234FF0FF398DF809300DF1BD
:105E20000900711B0123352200902846FFF746FE2A
:105E30000546002863D09DF8093003F0FD03012BCF
:105E40001CD106F069FFD4F86432A0615BB104F59F
:105E50001970711B0423332200902846FFF72EFE91
:105E6000054600284BD04F48711B0623372200906F
:105E70002846FFF723FE0546002840D04FF40A705D
:105E8000FFF764F90DF1200E711B02232EF8160D99
:105E900039222846CDF800E0FFF710FE054670B322
:105EA0000DF1200B4FF0010A414606220DF10D00C5
:105EB0000BF814AD04F01CFD711B2846CDF800B0A2
:105EC00007233D22FFF7FAFD0546C0B1FF2305AECB
:105ED0000C210370304604F095FD0C23EA1B20686A
:105EE0004FF4864401930096524439460023ADF89E
:105EF00014A0CDF81C90ADF8164003F0DDFF09B0FA
:105F0000BDE8F08FD4F86C220723D4F8789204F51A
:105F1000177622648DF8093081E7012304F517769E
:105F20004FF0FF398DF8093079E704F5247204F554
:105F30001776284604230092711B3222FFF7BEFD1C
:105F40000028DCD004F52775311A04233622009589
:105F5000FFF7B4FD054600287FF45CAFCFE7D4F827
:105F60006C22042304F517764FF0FF3922648DF874
:105F7000093054E7D4F86C220323D4F8789204F55E
:105F8000177622648DF8093049E70322D4F86C3281
:105F900004F517764FF0FF398DF8092023643EE7AA
:105FA000740D0020F45F002010B50446017109292A
:105FB00006D8DFE801F01328383D4A5767782806ED
:105FC00010BDFFF7E5FE0120A1694FF4FA524FF42E
:105FD0007A6320732161A260636110BDD0F86C32D6
:105FE000002B66D1D4F8B40203F026F9022863D05E
:105FF00000232068637103F031FFD4F8B802BDE8D4
:106000001040FFF735BDD0F8B40203F015F90128B0
:1060100005D00022D4F8B402114603F0B5F8A36A03
:106020000133A36210BDFFF7B3FEE369636110BDE6
:10603000FFF7AEFE0120A1694FF47A624FF47A5364
:10604000207321616261A36010BDD0F86C12D0F89A
:10605000B40200F01FFF06F05FFE4FF47A73A061F8
:10606000A36010BD83690622D0F880022361431C1F
:10607000227316D0FFF76EF84FF47A7303FB00F02B
:10608000A06010BDFFF784FE0723D4F884022373B9
:10609000FFF760F84FF47A734EF6602203FB00F0CE
:1060A0006261A06010BDFFF773FE0123D4F888027F
:1060B000EDE7FFF76DFE95E70022D4F8B402114634
:1060C00003F062F894E700BF10B50446D0F87022E0
:1060D000D0F86C12D0F8B40203F056F8D4F8741269
:1060E000D4F8B40203F060F8D4F87C12D4F8B40207
:1060F00003F066F8D4F8B402022103F0A9F82046B0
:106100000521FFF751FFD4F8BC323BB1D4F8C822C7
:106110002046D4F8B412BDE81040184710BD00BFA7
:1061200010B50446FFF7BEFC00212046FFF73CFFF8
:10613000BDE81040FFF7BCBC0279531EF0B5044621
:106140008DB0082B3ED8DFE803F04E56056F88056A
:10615000053F0500063A012A40F2B28006F0DCFD58
:106160002369A268C01A904280F09E80204603A94D
:10617000FFF79AFD421C00F0AA80002822DD9DF85E
:106180002C30052B40F09580039BDBB1069BCBB1F7
:106190000A9DBDB1A36923616B1C40F09C800895EA
:1061A000099503AD04F51B7694F868720FCD0FC600
:1061B0000FCD2D680FC63560002F5AD02046042120
:1061C000FFF7F2FE0DB0F0BD0921FFF7EDFED4F8A8
:1061D000C032002BF6D0D4F8C4222046D4F8B41232
:1061E00098470DB0F0BD0221FFF7DEFED4F8C032B3
:1061F000002BF0D1E6E703A9FFF756FD411C5AD06A
:106200000028DFDD9DF82C30022BDBD103AD04F537
:1062100024760FCD0FC60FCD2D680FC620463560F2
:106220000321FFF7C1FECDE706F076FDA369A26862
:10623000C01A90421DD20022D4F86C12D4F8B402D5
:1062400000F0C2FC01280546BCD12046FFF7A0FDA6
:1062500029462046FFF7A8FEB4E7D0F8B40202F0C2
:10626000EBFF50B96379012BACD12046FFF758FF03
:10627000A8E72046FFF728FFA4E70C230CAA206814
:106280000DEB030142F8283D00238DE806004FF492
:106290000A7204F1340103F081FE06F03DFD23692A
:1062A000A268C01A90428DD9217B2046FFF77CFE60
:1062B00088E7062B86D120460121FFF775FE81E78E
:1062C000D0F8B40202F0B8FF0028CBD046E7204651
:1062D000FFF75EFD76E72846FEF73CFFB3281FD8A0
:1062E0004FF034430A93089BC3B1099B0A9813B13A
:1062F00085423FF456AFFEF72DFF4008FEF72AFF18
:1063000008900A98FEF726FF05460A98FEF722FF36
:10631000A5EBD000FEF71EFF099042E70A98EAE7D6
:106320000A98FEF717FF034B9842DCD9024B0A93F9
:10633000D9E700BF9BC420000020C49B2DE9F04397
:10634000054685B0FFF7AEFB002D5AD02E68002E13
:1063500057D0304603F0B8F88146002851D02C4C75
:106360006779002F4DD10C214FF0010801A804F0EE
:1063700049FB4FF488433A46404602210397CDF843
:106380000890ADF80480ADF8063004F00FF82060F6
:10639000002836D001A90C2204F06CF870BB06224C
:1063A00004F12001304602F079FF38BB214619483C
:1063B000FFF73EFBC4F8B80200B34FF47A63C4F8A9
:1063C000B462E3616B68C4F86032A868FEF7C2FE8D
:1063D000D4F860222B7B002AC4F86402204684F89B
:1063E00068320CBF01210821FFF7DEFD84F805802B
:1063F000FFF75EFB204605B0BDE8F083206803F0A0
:106400002DFDFFF755FB002005B0BDE8F08300BF70
:1064100088E700203569000010B14379012B00D0D6
:106420007047FFF77DBE00BF00B14079704700BFE5
:1064300038B590B10546FFF735FB094B5A79012A6B
:1064400004D00024FFF734FB204638BDD3F8B40253
:1064500085420CBF1C460024F4E70446F4E700BF65
:1064600088E7002089B180B138B505460C46FFF7B2
:1064700019FB05F51B750FCD0FC495E80F0084E8D7
:106480000F00BDE83840FFF713BB704718B119B9CA
:106490004FF47A63C3617047C16170472DE9F843D7
:1064A000804608460D4604F0CFFA0646404604F002
:1064B000CBFA2EB1731C984205D00020BDE8F883BA
:1064C0000120BDE8F883013D002715F8013F7C1C41
:1064D0002E2B20460AD018F8040004F0E3FA814677
:1064E000287804F0DFFA8145204608D1A6422746E5
:1064F000EBD8301AB0FA80F04009BDE8F88338468E
:10650000F7E700BF2DE9F04F4FF4007389B0044660
:106510000393FFF7C7FACCB16369BBB14FF4807145
:10652000E06804F09DFA0138FE280FD80C222146BD
:1065300005A804F0DDF905A804F0EEF8012800F044
:106540009F80DFF8A89199F808302BB1FFF7B0FAD7
:10655000002009B0BDE8F08F4FF41C71484604F0EC
:1065600051FA6269A369C9F80C20C9F81030228A6F
:10657000E368A9F82C20C9F8183004F0C7FAA9F884
:106580002800238A012B76D0022BDFD14FF4E05371
:10659000A9F82A3000220221BDF8140003F006FFFA
:1065A000524EC9F800000028D0D0042506225049D8
:1065B00003AB009503F068FD306803AB009505223E
:1065C0004B4903F061FDBDF816301BB94FF454532D
:1065D000ADF8163005A90C22D9F8000003F07EFBB7
:1065E0000130424E72D0358D01224FF48073E16844
:1065F0000DF12008002406F13B003286F58506F1F6
:106600003A0B738648F8104DB6F82AA004F03CFA0D
:106610004246384906F13B0004F04CFA06E00020FF
:106620008CF83A300EF1010404F044FA601C2F4D4E
:10663000584405F13A0704F007FA06EB040C034648
:10664000424604EB000E2B490028E8D127440126DE
:1066500011342946A7F801A0FB703E7126486C62F0
:10666000FFF7E6F9686088B32E72FFF721FA284633
:1066700009B0BDE8F08F4FF48073A9F82A3089E79C
:10668000069802F02BFF054628B3002603E002F02F
:10669000A7FC054620B3BDF814302846771C0BB183
:1066A000DB0703D502F0BEFD0790D8B9069B304644
:1066B0003E46002BEBD005A804F02EF800287FF40E
:1066C00045AF284602F000FF06903AE7D9F80000EF
:1066D00003F0C4FB3AE702F07FFD05460028D4D161
:1066E0000025E8E70123ADF81430E4E7E8E40020F2
:1066F00017E50300184D0020916F00002DE9F04FC1
:106700004FF0000A83B01746814688461646554624
:1067100001933C7804F0C000C0281ED0A8BBB9F19A
:10672000000F30D0B8F1000F2DD0A0452ED9621C3B
:10673000C4EB080848463946934608F1FF3804F090
:10674000D7F8D9445A461744BE4238BF3E46002CBB
:10675000DFD1304603B0BDE8F08F05B90236240220
:106760007D780C9B04F47C5425449D420DD20AF1A3
:10677000010A019BBAF1040F03EB0507C9D95C5D5F
:1067800004F0C000CAE7621CDDE7002003B0BDE8EA
:10679000F08F00BF037A022B2DE9F0430446ADF5DC
:1067A000037D30D0032B16D0012B03D00DF5037DD4
:1067B000BDE8F0830023426A00F12E01006803F077
:1067C000E3FB636A984200F0A480032323720DF573
:1067D000037DBDE8F083FFF765F9206803F03EFB19
:1067E0006068FFF745F900232372FFF761F9216A1A
:1067F00000297AD10846E5682369A269A8470DF502
:10680000037DBDE8F08300F12E0600234FF40072F3
:106810000068314603F02EFC0C28054668D9E28D4D
:10682000238D9A42C2D1B4F93030002BBEDA608E8B
:10683000FEF78CFC0128B9D10095334604F13A02E9
:1068400002A8FF21FFF75AFF07460028AED0A16932
:1068500002A8FFF723FE0128A8D104374FF0000853
:1068600006EB050909E0B3F5A06F58D0388908F1A7
:106870000108FEF76BFC0A300744A08EFEF766FCA9
:1068800080455CD24F455AD23A4600953346FF21A7
:1068900002A8FFF733FF0746002850D0A16902A8DD
:1068A000FFF7FCFD0128E1D13B88628D9A42DAD1E5
:1068B0007B88B3F5807FD9D1B2F5807F236A43D13D
:1068C00003F12302D7F80A101201A052224491606A
:1068D00004EB031201337968032BC2F83C122362E4
:1068E000C4D9002B7FF471AF60E704F50C7082E728
:1068F00006F012FA6369C01AB0F57A7F7FF656AFD8
:10690000E3690133052BE3613FF65FAF0123237297
:106910004CE706F001FA02236061237246E77B88A8
:10692000B3F5807FA2D13346009507F10A02FF211B
:1069300042A8FFF7E3FE0DF20913A36196E7236A6D
:10694000002B7FF442AF31E723330220102207F1FE
:106950000A011B01E052E018083003F0C9FF236A66
:10696000B6E700BF10B50446006802F073FD237B54
:10697000834207D020730146236962692068BDE81D
:106980001040184710BD00BFF8B50546FFF78AF85C
:1069900035B12B6823B16B6813B10E4C26790EB15B
:1069A0000020F8BD1821204604F02CF82F686A68F2
:1069B0002146AB680848276022616361FFF738F819
:1069C000A0600028ECD0012326732371FFF770F834
:1069D0002046F8BD5CEA00206171000068B110B586
:1069E0000446FFF75FF8204611F0F8FA204611F050
:1069F000FDFABDE81040FFF75BB8704702F05CBDE0
:106A000070B50F4E00F1F005044602E01834AC42B8
:106A100014D0A368002BF9D006F07EF9E368C01A01
:106A2000B042F3D9236918460BB102F0FDF82046B5
:106A30001834182103F0E6FFAC42EAD170BD00BF64
:106A4000804F12002DE9F0470023164604460F46FA
:106A50008046024691681832B9424AD001330A2B67
:106A6000F8D1234600259A68183312B301350A2D50
:106A7000F9D10025A946AA4606E00AF1010A08F163
:106A80001808BAF10A0F14D006F046F9D8F80C30FD
:106A9000C01A4845F1D955460AF1010A06F03CF9F9
:106AA000D8F80C30BAF10A0F08F11808C3EB000946
:106AB000EAD14FEA450909EB050804EBC808D8F804
:106AC000100030B102F0B0F80023C8F81030C8F858
:106AD00014304D443146062204EBC5052846AF600C
:106AE00003F006FF06F018F92B46E8601846BDE8EB
:106AF000F08703EB43033146062204EBC304204630
:106B000003F0F6FE06F008F92346E0601846BDE8FB
:106B1000F08700BF08B301B3F8B507460E4601F190
:106B2000F0050C46B96520461834182103F06AFFB9
:106B3000AC42F8D132460C490C4806F025F9C6F8AB
:106B4000F00068B139460A4801F040FDB0FA80F320
:106B5000C6F8F4005B095842F8BD4FF0FF307047AB
:106B60004FF0FF30F8BD00BFFD710000E09304005E
:106B7000F971000010B5846D34B1D4F8F00006F05E
:106B800023F90023C4F8F03010BD00BF806D00234E
:106B9000024610B5946818328C4205D001330A2B96
:106BA000F8D10024204610BD03EB4303062205491B
:106BB00000EBC304204603F02DFF0028F1D020464F
:106BC00010BD00BF800D002070B5D0B1846D94B1B0
:106BD00004460E46154601F045FD31462046FFF7B6
:106BE000D5FF60B14DB1014606222846012403F0CD
:106BF0007FFE01F03FFD204670BD0124F9E7044609
:106C0000F7E70446204670BD2DE9F04385B00B46FA
:106C1000019149691B2904D9DC682288B2F5807F7B
:106C200005D0184602F000F805B0BDE8F0832279DF
:106C3000062AF6D16288082AF3D16279042AF0D1B3
:106C40001C290546D0F8589008D10622284602A9EA
:106C500002F00CFB064638B1019BE2E7C1F11C01D2
:106C600001A802F075F8F0E704F10807062202A96E
:106C7000384603F0CFFE0028EED0062234493846CD
:106C800003F0C8FE0028E7D0D4F80E10EB6AD4F861
:106C9000188099424DD0984515D03346AA6D4FF0D3
:106CA000180E01E00A2BD7D00EFB03260133B06883
:106CB0008142F7D106223946304603F019FE06F02C
:106CC0002BF8F06005E03A46A86DFFF7BBFE0646DC
:106CD00050B1336943B132464FF40061284600F0A9
:106CE00033FA002333617361E388B3F5807FB3D156
:106CF000EB6A9845B0D1022304F112060021062266
:106D0000E3713046A171394603F0F2FD02A938461D
:106D1000062203F0EDFDD4F80E10EB6A3246A161B5
:106D20002846C4F80E3040F60601019B00F00CFA2C
:106D30007AE721B9AB6DD3F8F8309845D4D1012367
:106D4000D9F8F40085F8543001F0BEFCCCE700BF60
:106D5000780D0020002849D02DE9F043D0F8588064
:106D600083B0B8F1000F22D00546894601F07AFCC5
:106D700001211C2001F0A8FD0646B0B1C468002323
:106D8000082104224FF0010E0627A17028466271E7
:106D900069463A462370E370A37184F801E084F8F1
:106DA00007E0277102F062FA20B101F063FC03B042
:106DB000BDE8F0833A460E4904F1120003F098FD55
:106DC0003A46694604F1080003F092FDEB6AC4F804
:106DD0001890C4F80E300BB9C8F8F890334628461E
:106DE000044A40F6060100F0AFF9DEE7704700BF45
:106DF000800D0020780D00202DE9F047D0F8588054
:106E000007460D469146002401F02CFC43469A6843
:106E10001833AA4219D001340A2CF8D11C4A294649
:106E2000B86DFFF70FFE0646006908B101F0FCFEE1
:106E3000C6F8109005F070FF294670613846FFF7DC
:106E400089FFBDE8F04701F015BC04EB440608EBF0
:106E5000C606336906F1100A9BB105F05DFF736940
:106E6000C01AB0F57A7FDAF8000008D848B101F00E
:106E7000DBFEC6F81090BDE8F04701F0FBBB002830
:106E8000D4D1182303FB0484C4F81090D2E700BFC8
:106E9000800D002038B504460D4603F00DFD29464F
:106EA0002046FFF757FFBDE8384003F013BD00BF91
:106EB00070B5846D002501F0D5FB04F1F00623695F
:106EC00018461BB101F0B0FE256165611834B4426B
:106ED000F5D1BDE8704001F0CDBB00BFB1F1200C91
:106EE0002DE9F04F3ED402F12003E64633F8204C62
:106EF000BEF1200E33F81E1C03F1200333F83C5C76
:106F0000214433F83A4C33F8387C294433F8366C52
:106F100033F8345C214433F8324C33F830BC394414
:106F200033F82EAC33F82C9C314433F82A8C33F8E8
:106F3000287C294433F8266C33F8245C214433F848
:106F4000224C594451444944414439443144294430
:106F500021440844CAD54FEA5C114B1CACEB4111EB
:106F600002EB4312B1F1080718D402F108033E46C0
:106F700033F8084C083E33F8061C03F1080333F8D5
:106F80000C5C214433F80A4C294421440844EFD5D1
:106F9000F9084B1CA7EBC10102EBC3028D1E0CD4F8
:106FA0002B46114631F8024B023B2044FAD56908C2
:106FB0004B1CA5EB410102EB430209B113781844C5
:106FC000BDE8F08FF0B5056983B007460C468D42E9
:106FD0004FF00006C26828BF0D462946304624B14E
:106FE000641BFFF77BFF064614B9304603B0F0BDC3
:106FF0003F6815F00105FA682B4605D13969254629
:10700000A14298BFCD18E8E712F8010B013C0092AD
:107010000192FEF79BF84FF0FF330644009AEDE72C
:1070200008B5FFF7CFFF4FF6FF7303441A0C03D0E8
:1070300012FA83F31A0CFBD1D84380B208BD00BF0B
:1070400070B515460E461146FFF7BCFF04462846AC
:10705000FEF77CF84FF6FF7333441C442044030CC6
:1070600003D013FA80F0030CFBD180B270BD00BFD7
:1070700038B51C4615460A461946FFF72FFF2A4623
:107080002146FFF72BFF4FF6FF7303441A0C03D082
:1070900012FA83F31A0CFBD1D84380B238BD00BF7B
:1070A000014B93F90000704710F00020014B18705D
:1070B000704700BF10F00020002818BF0E2A0CD91E
:1070C00059B170B582B00D4614460622694606468F
:1070D00002F0CCF810B102B070BD704706226946CC
:1070E000A81803F097FC0028F5D0A4F10E010122A6
:1070F00005F10E0001F034FC0028ECD02B78FF2BBA
:107100000ED0012B03D1836943F004038361AB8963
:10711000B3F5C16F0DD0082B10D001F085FDDAE773
:107120006B78FF2BF3D1836943F0020383612B78E3
:10713000E7E7034B014630469847CCE7014BF9E7B8
:1071400005740000118300002DE9F04705460F4645
:1071500090461C4643B15A6983689A4204D9204636
:10716000BDE8F04701F060BD01210E20D5F80CA06C
:1071700001F0AAFB06460028F1D0D0F80C900622B8
:10718000284609EB020102F071F80028E7D14146D8
:107190000622484603F0ACFB3846FDF7D7FFA9F8B6
:1071A0000C0024B13046214601F086FE0646DAF88E
:1071B0000C3031462846BDE8F0471847C16851B148
:1071C000203108B5FFF7A6FC20B9044A1368013343
:1071D000136008BD08BD4FF0FF30704754EA00202F
:1071E00008B5FFF7C7FC024A1368013B136008BDEE
:1071F00054EA0020FFF75CBEC16A10B582B039B90D
:1072000006226946044602F031F828B102B010BDEA
:10721000FFF7A0FD02B010BD03466A4620464FF6B8
:10722000FF71FFF791FF02B010BD00BFF0B50C4633
:1072300083B0054601462046174600F0EBFC98B99E
:1072400004F0F002E02A1DD0214628466A466E4628
:10725000FFF7BAFC78B13B46324628464FF400614E
:10726000FFF772FF03B0F0BD0622154968466E466F
:1072700003F03EFBEFE73A4621462846FFF7BCFD08
:1072800003B0F0BD034601215E2220468DF80010B8
:107290006E468DF802208DF80130FDF75BFFC0F3DC
:1072A000064320468DF80330FDF754FF030A2046BD
:1072B0008DF80430FDF74EFF8DF80500CBE700BFD9
:1072C000780D0020C368F0B55A6985B00191CAB144
:1072D0009DF805304FF0010E00275E2603F07F0376
:1072E0009DF806509DF8074002A98DF80B308DF8E7
:1072F00008E08DF809708DF80A608DF80C508DF853
:107300000D40904705B0F0BDC368F0B51A6985B06F
:107310000191CAB19DF805304FF0010E00275E269D
:1073200003F07F039DF806509DF8074002A98DF8F1
:107330000B308DF808E08DF809708DF80A608DF833
:107340000C508DF80D40904705B0F0BD80B1036939
:1073500010B41C78012C06D15B6B23B11B6813B1F0
:107360005DF8044B18474FF0FF305DF8044B704751
:107370004FF0FF30704700BF80B1036910B41C7834
:10738000012C06D15B6B23B15B6813B15DF8044B34
:1073900018474FF0FF305DF8044B70474FF0FF3057
:1073A000704700BF10B5044682B018B10369197860
:1073B000012903D094F8240002B010BD5B6B002BB0
:1073C000F8D01B68002BF5D00DF106029847002875
:1073D000F0D1BDF80600C0F3800002B010BD00BFC0
:1073E000F0B583B000234FF40042054602AE1946C3
:1073F00042F21074C76826F8023DFFF7BDFF01E0B6
:10740000013C40D0324600212846FFF79FFFBDF9DE
:107410000630002BF4DBFB6923B12846984708B1FE
:1074200003B0F0BD324600212846FFF78FFFBDF8BC
:1074300006200021284622F4B0521204120C42F415
:107440009052FFF799FF05F067FC04462B69197805
:10745000012902D0002003B0F0BD5B6B3246284604
:10746000002BF7D01B68002BF4D098470130F1D0E7
:10747000BDF806309B06EDD405F04EFC001BB0F5C0
:10748000FA6FE3D3E6E7FB69ABB1284698470028DB
:10749000C6D1324621462846FFF758FFBDF80620E0
:1074A0002146284622F4B0521204120C42F49052A3
:1074B000FFF762FFCEE7324621462846FFF746FF38
:1074C000BDF806202846214622F4B0521204120CC0
:1074D00042F49052FFF750FF2046A1E72DE9F04318
:1074E0001C46002387B08846E56891460646AB7087
:1074F000EB7010B1036A9B0715D461692046FFF752
:107500008FFD6880002540274A46414601230294AA
:1075100030460595049503958DE8A00000F02AFEFD
:1075200007B0BDE8F083616900F0CEFA0028E4D12D
:10753000A36943F02003A361E4E700BF2DE9F04114
:107540000E46516988B013462329019227D9242970
:10755000074601AC29D1204601F088FB0130019B90
:107560001DD0D3F80C800021012098F8112002F0E2
:107570002DF8054690B1836983B105AB02AA08F1E5
:107580000801384600F0A8FA20461C2101F0E0FB73
:1075900005AA02A9AC693046019BA047019B184689
:1075A00001F042FB08B0BDE8F081C1F124012046A2
:1075B00001F0CEFB019B2046596901F057FB0130D9
:1075C000019BCED1EBE700BFF0B583B004460E4679
:1075D00015460898019301F027FB01989CB190B1E2
:1075E00004210DEB010001F041FB013001980AD0AC
:1075F0008369AF689B06B668C56808D44169FFF720
:107600000FFD20B1019801F00FFB03B0F0BD214642
:10761000304600F0FFFA0028F4D106F0F003E02B2A
:10762000F0D02B78033B092BECD801A252F823F0C1
:10763000B17E0000A97E0000017E0000017E0000F6
:10764000017E00007D7E0000017E0000017E0000C2
:10765000677E0000557E00006B78012BD2D8204653
:10766000019A0921FFF76AFFCFE76B78002B39D029
:10767000012BC7D108212046019AFFF75FFFC4E71D
:1076800001984369072BBED92146384600F0C2FA5B
:107690000028B7D107F0F003E02BB3D028703246B2
:1076A00039462046019BFFF719FFAEE769780029AC
:1076B000A8D1E0E76B780C2BA4D8DFE803F009072A
:1076C000110F0D0B09070709070907000221D2E76F
:1076D0000621D0E70521CEE70121CCE70421CAE746
:1076E0000321C8E70721C6E72DE9F04F83B00193D6
:1076F000BBB1DC681746E28822F0E00272B9627A18
:1077000005460E46012A63D0D4F80C802946D4F8E9
:107710001090404600F07EFA30B1019B184601F00F
:1077200083FA03B0BDE8F08F08F0E003E02BF4D05B
:107730002946484600F06EFA0028EED109F0F00321
:10774000E02BEAD0019B9A6912F0060AE6D1514675
:10775000082001F0B9F802460028DED0D0F80CB0BD
:107760000C2E8BF804A08BF805A08BF806A08BF8E4
:1077700007A039D1042F37D1002D37D000902889A8
:10778000FDF7E4FCABF80400009A8BF800608BF87E
:107790000170237801999B00486903F03C0303F1D1
:1077A0000804844208D2C0F1080101A800921944DB
:1077B00001F0CEFA0199009A104601F07DFB0446D3
:1077C00003464246494628460194FFF787FEA8E74C
:1077D0002278920002F03C02A15C12299ED8084A4D
:1077E000CA40D2079AD58FE70C2ECED138460092E8
:1077F000FDF7ACFCABF804000027009AC5E700BF1A
:1078000001E707002DE9F04182B000238C460A27EA
:107810000DF1080E1E461A4698460EF8043D7146B4
:1078200010F8014BACB1A4F13003DDB2092D1BD827
:107830000C7817FB043304B93ABBFF2B25D80B7027
:1078400012B90136042E20D810F8014B0122002C69
:10785000E9D1032E19D960467146042203F048F895
:10786000204602B0BDE8F081A6F104032E2C14BF1F
:10787000002402F00104B3FA83F35B09A34204D2AB
:1078800081F8018000220131CAE74FF0FF3002B0D9
:10789000BDE8F081FFF7B6BFF8B5044615460E46C1
:1078A00000F0E0FE6A6963681344B3F5804F14D8B2
:1078B0000021042001F008F878B1676829466B6957
:1078C000C6603B44636001F0F7FA0146204601F0D0
:1078D0000FFB00F0CFFE0020F8BD00F0CBFE4FF014
:1078E000FF30F8BD70B50568A5B1EB6804462E6899
:1078F0000B6000F0B7FE1EB1636872699B1A63608B
:107900000023204629462B6001F0FEFA00F0B2FE6B
:10791000304670BD2E46FBE770B5049C16461A46ED
:107920000546231C18BF0123002918BF002353B1AB
:107930004AB143699B88DB0705D52346314600F0F1
:1079400091FD10B970BD6FF0050085F88400FFF758
:10795000ADFB4FF0FF3070BD70B5049C05467BB1A8
:1079600074B116461A46236853B149B943699B88D6
:10797000DB0705D52346314600F040FD10B970BD48
:107980006FF0050085F88400FFF790FB4FF0FF30A3
:1079900070BD00BF38B543690446BBB100250BE09C
:1079A000D968D160D9680A6162699A4208BF616189
:1079B00001F03AF963694BB11A6998689A42EFD1BC
:1079C000656101F031F96369002BF5D163685BB142
:1079D00022681A60226802B15360204601F0BEFAA4
:1079E000BDE8384000F046BE226801490A60F2E76F
:1079F0008CEB002038B500F035FE0B4B1C686CB1E9
:107A0000237A013BDBB2237263B9256800F02AFEBA
:107A100020462C46FFF7BEFF002CF1D1BDE83840D0
:107A200000F028BE2468EAE78CEB002010B50024A3
:107A30000E4B0F494FF4FA7022461C6005F0A4F972
:107A40000C4B186070B178210B4802F0DBFF214627
:107A50000A4800F0BBFDB0FA80F3094A5B091060E8
:107A6000584210BD4FF0FF3010BD00BF8CEB00201E
:107A7000F181000098EB002080F000207984000064
:107A800088EB002038B5044601F0B2FB0D4B1D68B1
:107A900065B12B46DA6B1AB1D96A6140114206D042
:107AA0005B69002BF6D138B1836C2BB103461846C5
:107AB00038BD6D69002DF9D0AB6C002BF9D02B4689
:107AC000F5E700BFF8F0002080681431814294BFD0
:107AD00000200120704700BF2DE9F04180460E468E
:107AE00010460C211C461546012702F08BFFD8F8E2
:107AF0001C3020462F800C216B60F368AB6002F0D5
:107B000081FFD8F81C30278063603369A360BDE82B
:107B1000F08100BF70B169B110B50C46014608484C
:107B20002246FFF7B9FE30B9064BBDE81040186891
:107B300000F0CABD70472046BDE8104001F074B89F
:107B400090EB002088EB002038B50E4D00F08AFD48
:107B50002C683CB100F086FD2046FFF71BFF2C6827
:107B6000002CF7D1084C216829B1074801F0CCF965
:107B700021680029F9D100236360BDE8384000F096
:107B800079BD00BF8CEB002090EB002010B5044CB9
:107B9000FFF7DAFF206805F017F90023236010BD16
:107BA00098EB002070B5154E002533462A4606E0B6
:107BB0001C68844213D001320C330A2A07D09C6817
:107BC000002CF5D101321D460C330A2AF7D125B11C
:107BD000AB680133012BAB6009D0284670BD5C68EF
:107BE0008C42E8D102EB420206EB8205F0E785E821
:107BF000030001F0F9FB284670BD00BF80F00020B3
:107C000018B18368013B836003B1704703C801F07A
:107C1000F1BB00BF431E033310D86FF4AB7398421F
:107C20000CD069B10B6C984208D04B6C984205D0CF
:107C30008B6B181AB0FA80F040097047012070472A
:107C400010B582B0044602F037FE0B4B186840B9FD
:107C50000BE0436C9C4207D0836B9C4204D040698C
:107C600018B1036C9C42F4D10120019002F032FE65
:107C7000019802B010BD00BFF8F000202DE9F047D8
:107C80000026AE4F8CB000F0EDFC03A9AC48FFF726
:107C900029FE049008B34660142104A800F0E6FF12
:107CA000013016D0049BDC686088D4F81090FDF792
:107CB0004DFA054604984369132B07D99D4205D810
:107CC00094F800804FEA1812042A0BD000F0ACFFA1
:107CD000DBE7049800F0A8FFD7E700F0CBFC0CB07E
:107CE000BDE8F0874FEA880808F03C08B8F1130FA8
:107CF000ECD94545EAD30399CA6A914507D048466D
:107D0000FFF788FF002800F0BB80049843699D427C
:107D1000C0F0AF80E28822F04002002A3BD1039AF3
:107D2000126A110706D5627A02F0EF0101292DD0FF
:107D3000062A2BD0B3F5004FC8D8002308F108025B
:107D4000194600F0C7FE4146054604A801F000F8B8
:107D500009AB06AA21460398FFF7BEFE039809AABD
:107D600006A9049B009501F077FD627A00210120AD
:107D700001F02CFC002800F09881039C09AA0095D2
:107D800006A945692046049BA8477EE7826942F020
:107D900020028261CEE70DF13009194649F81C0D29
:107DA000484600F063FF013000F07C81059B3C6891
:107DB000D3F80C80002C75D0B8F8042002E02468B9
:107DC000002C6FD063899342F9D1617A98F8093019
:107DD0009942F4D1E168D8F80C309942EFD1216989
:107DE000D8F810309942EAD198F800504846AD00D2
:107DF00005F03C05294600F0ABFFB8F80200FDF79E
:107E0000A5F9B8F80630401B9A06A8F8020005D577
:107E100098F8012042F0010288F801201846FDF789
:107E200095F9DDF814E0C000C8F808E082B2A8F8BF
:107E3000062063691D4603E0ED68AB4200F01A813D
:107E4000E9889142F8D9AB4200F014812869B0F872
:107E500006C041886144B1EB020A00F0E280B8F844
:107E600002309A45C0F03481704600F0DDFE049681
:107E70000BE7E91A04A800F06BFF0498436949E78F
:107E8000039B0498DA6A002A00F0BD8009F0F0092B
:107E9000B9F1E00F04D01B691B78032B7FF416AFF8
:107EA000436934E798F800404846A40004F03C04D5
:107EB000214600F04DFFB8F80200FDF747F9041B1A
:107EC0001820A8F8024001F059F80446002800F0F4
:107ED000E9803B68236003B15C60142326716671FE
:107EE000A671E67123723C60B8F80430638198F89B
:107EF00009306372D8F80C30E360D8F81030236191
:107F0000B8F80600850605D598F8013043F001035E
:107F100088F80130FDF71AF9059BC1004046C8F802
:107F20000C8089B2C8F81080C8F80830A8F806108C
:107F3000C4F814800346002205E000BF8CEB00204B
:107F400090EB0020D9888A4291D15988DB680A4495
:107F5000834292B2F6D11A695278D00787D49A68D0
:107F60000592D3F80C80984500F0C7801046D8F8E9
:107F7000081000F0A1FF0590D8F80C800246656952
:107F8000A845F3D195F800E050694FEA8E0E1369C9
:107F9000D1680EF03C0E7044506180B295F800E05C
:107FA0004FEA8E0E0EF03C0E734413612B789B004B
:107FB00003F03C03CB1AD360FDF7C8F86880E26891
:107FC0006B78EA60226923F001032A61627A6B70A0
:107FD0006A7262682368002A00F08D80136023684B
:107FE00003B15A60204600F0B9FF059804900028BC
:107FF0003FF44BAEC468436994F800804FEA8808A8
:1080000008F03C0896E6826992073FF549AF3DE7E4
:10801000D168D960D1680B6163699A421BD0B8F806
:1080200006209D4226D0B8F80230B5F806E0134489
:108030007345CEEB03011DDD6B8899420ED3ED68CD
:108040002B69986800F0F0FD2A6913699A42DFD124
:1080500066610023E3E70B466161E0E78AB205F160
:1080600008009B1A96446B80A5F806E000F070FEAD
:10807000B8F806202B6913B3616901B3D968C8F851
:108080001030C8F80C10D968C1F81080C3F80C8003
:108090006069C18891427FF64DAFC4F814801146E3
:1080A000404647E7DDF814E0DEE6049800F0BCFD4A
:1080B0002B46022203210398FFF716FBE5E5C8F8DB
:1080C0000C801146C8F810804046C4F8148031E78F
:1080D0005146484600F03CFEB8F806201FFA8AF1E7
:1080E000B8F802300A44591A92B2A8F80210A8F857
:1080F0000620636995E73B6072E71D4642E700BFD3
:108100002DE9F04115469846036A0022EF680446BF
:10811000DB070E46BA72FA7223D5AB6943F010033F
:10812000AB6121463046FFF775FD90B906F0F003CC
:10813000E02B0ED0B8F1000F0BD1E36AE26B734075
:10814000134206D04FF6A9631A463340934200D03B
:10815000A66C23692A46314620461B69BDE8F041DA
:10816000184739782846890001F03C01FEF758FF8E
:108170007881D6E72DE9F04F87B01F46059104922C
:108180009DF840509DF844809DF84C609DF85090BB
:10819000002800F0DE800446059B73B1129A5369F3
:1081A0001433B3F5004F0BD96FF00704104600F0FD
:1081B0003BFD204607B0BDE8F08FE36A0593EDE78D
:1081C0000121142000F080FB8246002800F0BD80D1
:1081D000159B43B11598042304AA05A90088FEF74E
:1081E00047FF159B1880DAF80CB0814A9BF80030E5
:1081F000108803F00F03411C43F0400311808BF8FB
:108200000030FCF7A3FF8BF801509BF80030129A66
:1082100023F00F03ABF80400556943F00503143550
:108220008BF80030ADB2002E40F088808BF80660ED
:108230008BF80760059A2846049BCBF80C20CBF8F6
:1082400010308BF808808BF80970FCF77FFF1299CB
:10825000ABF80200504600F02FFEA66802461290CE
:10826000B54240F281809BF80070BBF80630BF0039
:108270005B0607F03C07A6EB070626F0070693D43B
:10828000072E91D90090394612A800F0EFFC01307A
:10829000009A5AD0BB19DDF848A09D42DAF80C10BC
:1082A000019300916AD9131DCDF80C90DDF804807C
:1082B000DDF800B0994602941EE0C8EB0506E080A8
:1082C0004146002332465046B04400F003FC0028EB
:1082D00000F086800146129800F0EEFD0346808A89
:1082E0001293FCF733FF129B45456080C9F80030BC
:1082F000129B03F104093ED90021384600F0E4FA4C
:108300003A4659461290002865D0C06802F0F0FA4B
:10831000129BC7EB0800DC68C0F3CF00237823F082
:108320000F0343F005032370FCF710FF08EB06036F
:1083300040F020029D42C0D9E280C1E700224023E4
:108340008BF807208BF8063074E7129A6FF002045E
:108350002CE71046FFF796FB044600287FF41CAF7D
:10836000129A6FF00F0421E74B4620460499FFF75D
:10837000C7FE00201EE7029CDDF80C90009D002740
:10838000CDF848A06888FCF7E1FE019B191A12A8F5
:1083900000F0DEFC129B988AFCF7D8FEEB88688020
:1083A00043F02003EB800026CDF848A006E00499B6
:1083B000FFF7A6FE1295AA46002DDAD0DAF804508F
:1083C0004B4652462046CAF80460002FEFD0504674
:1083D00000F02AFCEEE7029C0127DDF80C90E2E7B2
:1083E00012980127029CDDF80C9000F01DFCDAE7E2
:1083F00000F0002047F6C470704700BF172910B482
:1084000020D0182912D0162904D06FF008005DF88A
:10841000044B70471968032920D990F86D40042156
:108420000020146019605DF8044B70471968032937
:1084300014D990F86E4004210020146019605DF892
:10844000044B70471968032908D990F86C4004213F
:108450000020146019605DF8044B70476FF0050050
:10846000D5E700BFF8B5A1F11604042C62D8DFE807
:1084700004F03A3225030300054650681F461446AF
:108480000E4600283AD001F043F8082F32D188B3C5
:10849000216801F0F003E02B2CD16B6953B39B7979
:1084A000022B27D1D5F890405CB32368984231D095
:1084B000192E1FD16FF00D042046F8BD032B19D9DA
:1084C0004369BBB19B79022B14D11368002480F857
:1084D0006E302046F8BD032B0CD91368002480F8B9
:1084E0006C302046F8BD032B04D91368002480F8B3
:1084F0006D3001E06FF005042046F8BD00F078FE15
:10850000C3E7192EF6D1FFF74DFBC5F89000002800
:10851000F2D1CFE763689942CAD1192ECAD0A368B5
:10852000013BA3601BB10024C5F89040E4E700F0D4
:1085300061FFF8E76FF00804DEE700BF104B10B5ED
:108540001C684CB16368984203D106E063688342BB
:1085500003D02468002CF9D110BDA3680BB1606969
:108560009847084B1B683BB9E2682374002AF3D094
:108570006069BDE8104010470123237410BD00BF9F
:1085800058EA002074EA00202DE9F047054618203B
:10859000894690469A46089F00F0F0FC80B10A4E4A
:1085A00004464560514633682846C4F80890C4F82C
:1085B0000C80676123603460BDE8F047FCF794BE2F
:1085C0004FF0FF30BDE8F08758EA00200C4B70B543
:1085D0001C68064618200D46621C1A6000F0CEFC8E
:1085E00050B1084B002244601968C66045610160C3
:1085F00018608260204670BD0446204670BD00BFF2
:10860000FC5F002058EA002010B4154C216851B1DD
:108610004B68984220D00B4602E05A68824205D04F
:108620001B68002BF9D15DF8044B7047994204D1C7
:1086300012E05468A04208D011460A68002AF8D116
:1086400018465DF8044B00F089BC126818465DF8C6
:10865000044B0A6000F082BC0A680B462260EFE718
:1086600058EA0020024A136801331360704700BFC4
:1086700074EA00202DE9F041114E3368012B04D03B
:108680003368013B3360BDE8F081DFF838800027B4
:10869000D8F80040002CF3D0002201E0246864B137
:1086A000257C012DFAD1E3682774002BF6D0606990
:1086B000984724682A46002CF2D1002AE8D1DFE747
:1086C00074EA002058EA002038B5124D124A2B688F
:1086D000146801332B6014B90DE024685CB1636841
:1086E0009842FAD1A3680BB1606998472B68012BB7
:1086F00005D001232374BDE83840FFF7BBBF00223B
:10870000E3682274002BF6D060699847BDE83840D2
:10871000FFF7B0BF74EA002058EA002000230249A6
:10872000024A0B601360704774EA002058EA002088
:10873000072A98BF0822A8B102F10B038B4212D27C
:10874000014430B4C51C544225F00305EB1D6A609A
:10875000284613442340C91A5B60B1FBF2F21A6049
:108760002B6030BC70470020704700BF00230360BF
:10877000704700BF39B370B505460C46FFF772FF6E
:1087800068682B68211A5A688B4207D2914209D334
:10879000934207D213468B425A68F7D39342F9D3D8
:1087A0009142F7D20C6804FB0016964216D04A603C
:1087B0001C6804FB0030814206D059602B60BDE884
:1087C0007040FFF757BF70470A6814441C604A683E
:1087D0005A602B60BDE87040FFF74CBF1668344408
:1087E0000C6052684A605A689342E1D10B46E0E758
:1087F0002DE9F04180460D46FFF734FF0024D8F8FC
:108800000400D8F80060411E7368B6462944354616
:10881000B1FBF0F1013100E05B681A68914205D8C4
:1088200014B12768BA4201D2AE461C46B3421D4677
:10883000F2D17CB1DEF8043062689A42236811D02C
:1088400099420CD05B1A236003FB0044216004446E
:10885000C8F800E0FFF70EFF2046BDE8F081CEF833
:108860000420F4E79942EDD10024F3E738B505463A
:10887000FFF7F8FE2968F9B10C680B46013C06E0E9
:10888000994207D01A68944238BF02F1FF345B68FE
:10889000002BF5D14B68994205D0FFF7EBFE6868D5
:1088A00000FB04F038BD002CF7D0013CFFF7E2FEDE
:1088B000686800FB04F038BD0C46FFF7DBFE686813
:1088C00000FB04F038BD00BF2DE9F0470E46DFF88D
:1088D0008C8007461C210036D8F8000018BF0126FE
:1088E000FFF786FF044600B9DEB964B307F1040957
:1088F000D8F80000DFF864A04946FFF779FF054685
:1089000000B9BEB915B3002301212A1D20462360FA
:1089100063602960A361A560E26027616761BDE8CB
:10892000F08700F075FE1C21D8F80000FFF760FF0B
:108930000446DAE700F06CFE4946DAF80000FFF77B
:1089400057FF0546DEE72046BDE8F087D8F800006F
:108950002146FFF70FFF2846BDE8F08778EA0020A0
:1089600070B50D46064611462846FFF7ADFF044692
:1089700020B12A463146C06801F0BAFF204670BDDA
:1089800082B3F8B5054616461F4602460020136915
:1089900012681844002AFAD1731C24D07318984224
:1089A00017D3884215D32B69994213D21C4601E094
:1089B00000212C69641AEB683846B442194428BF78
:1089C0003446361B224601F093FF27442D68002EC3
:1089D000EED1F8BD2D682C6923449942FAD2214486
:1089E000C91AE7E77047461ADDE700BFA0B1816802
:1089F0000B68012B70B5044609D0013B074E0B6094
:108A0000256821463068FFF7B5FE284670BD034E45
:108A10003068FFF7AFFEF3E7704700BF78EA002049
:108A20002DE9F04704687CB381EAE17AD4F8149028
:108A3000AAEBE17AD14527D300290E468046256965
:108A400024DDA769204674B1B5420CD82368C8F864
:108A50000030FFF7CBFF04460028F3D0036920461F
:108A60001D44002CF0D1E4B12369AA1BA7611E4468
:108A7000E3682261751B1D44E560CAEB090363616D
:108A8000C8F80040BDE8F087BDE8F08709EB0102B7
:108A9000274601E03B691D44954204DA3F68002FF8
:108AA000F8D10024ECE73B6938684B441E44751B41
:108AB0003D6128B1FFF79AFF38600028FAD13D697F
:108AC000002DDAD13846FFF791FF04460028D4D1B3
:108AD000E7E700BF2DE9F84F04460D4691460146F1
:108AE00000200A69096810440029FAD1B9F1FF3F52
:108AF00000F08D8009EB050282427DD885427BD84B
:108B0000484E13F100084FF01C01306818BF4FF0B9
:108B10000108FFF76DFE074610B9B8F1000F6ED1DE
:108B2000002F69D022690021A3699542C7F81490EB
:108B30007960BB6138D2A368E1681A682944BB60D8
:108B40000132F9601A602369C3EB090BAB44BBF136
:108B5000000F5FDD5B1BDFF8CCA03D464FF0000946
:108B60003B611C213068FFF743FE0246286010B9C4
:108B7000B8F1000F26D1002A2FD024681546C2F87C
:108B80000490A368A1691868936001309161E1685D
:108B900018602369D160C3EB0B0100290BDB8B4606
:108BA0001361DED109E01A462468236913449D420B
:108BB000F9D2AD1ABFE7C2F810B0002338461360EF
:108BC000BDE8F88F00F024FD1C21DAF80000FFF763
:108BD0000FFE02462860002ACFD13846FFF706FF75
:108BE0002B680146984207D030680C68FFF7C2FD39
:108BF0002B682146A342F7D10020BDE8F88F00F092
:108C000007FD1C213068FFF7F3FD074688E7C5EB39
:108C1000000975E73A460023C7F8109038461360FC
:108C2000BDE8F88F78EA0020E0B170B504460E4E3A
:108C300006E00B60214630682C46FFF79BFD85B1AE
:108C4000A16825680B68012B03F1FF33F1D130686F
:108C5000FFF790FD214630682C46FFF78BFD002D75
:108C6000EED170BD704700BF78EA00202DE9F047D3
:108C7000076882B0002F58D0B1FA81F35B09002B4E
:108C800053D13A69914250D97C69A1424DD83E46B0
:108C900001E026B13269134436689942F9D82B4C69
:108CA0008846814604312068FFF7A2FD82460028ED
:108CB00049D003460122F96843F8042B18463A6963
:108CC000019301F015FEB9683D690A68019B012A0C
:108CD00034D0013A0A603C68C7F808A0FB600AE09B
:108CE0002269E16801F004FE236920461D44FFF774
:108CF0007DFEFB680446A64203EB0500F0D1C5EB00
:108D00000806E168324601F0F3FD23699B1B2361ED
:108D10007BB1E3681E44E66000203C60C7F8108029
:108D2000C9F8007002B0BDE8F087002002B0BDE8CD
:108D3000F0872046FFF75AFE0446EDE72068FFF76C
:108D400019FD019BC7E74FF0FF30EFE778EA0020FD
:108D500009B1FFF765BE7047002A00F086802DE953
:108D6000F043D0F8009083B0CDF80490B9F1000F33
:108D70001AD0D9F814E053189E4515D317460D465E
:108D80008046A9B1D9F810404E464846002204E07A
:108D900019690C44A54228BF1846A54212D333686E
:108DA00001221E46002BF3D1002003B0BDE8F08362
:108DB00001A81146FFF734FE0198C8F8000003B07F
:108DC000BDE8F083002A74D13369E21A95423DD0A0
:108DD000621B974228D2B168C7EB0E00C9F8140095
:108DE0000968012943D0C7EB020900214846FFF773
:108DF0006BFD0646002856D001994A46C0680B69AB
:108E0000C9682B441F443F1B394401F071FD019A8E
:108E1000136911681D4431602C1B16601461D8F869
:108E2000000003B0BDE8F08335D02C1B326823442A
:108E300039193361C2F814E027D14846D9F8143003
:108E4000DF1BC9F8147003B0BDE8F0833946C6F8DB
:108E500014E0FFF7E5FDD9F81430D8F80000DF1B67
:108E6000C9F8147003B0BDE8F083002070472B44AC
:108E7000F168D21B181B3B180844194401F038FD57
:108E8000019A1369DB1B1361C9E73046FFF7C8FD80
:108E9000D8F80000D2E7DB1BC7EB0E07484633616A
:108EA000C9F8147081E7D8F8002053693B44536136
:108EB0007BE7019688E700BFF0B498B1B1B10246F4
:108EC00000E01A461368002BFBD18C6905464B69FC
:108ED000876946693C431160334484614361284695
:108EE000F0BC70470D462846F0BC70470546F6E7D3
:108EF00002680AB905E01A465368002BFBD151609D
:108F000070470160704700BF90B170B504684CB104
:108F10008C42054608460CD06368984203D01C4634
:108F2000002BF9D170BD4568FFF77EFE656070BD0E
:108F3000704766682046FFF777FE2E6070BD00BF61
:108F400008B50822FFF7F4FBB0FA80F3024A5B0988
:108F50001060584208BD00BF78EA0020024B01466D
:108F60001868FFF707BC00BF78EA0020024B0146F3
:108F70001868FFF73DBC00BF78EA002038B5064B03
:108F8000014604461868FFF733FC054610B1214638
:108F900001F038FD284638BD78EA0020014B1868FA
:108FA000FFF764BC78EA0020FFF7F8BF014B1868B0
:108FB000FFF7DCBB78EA002010B5FFF753FB074B47
:108FC0001C683CB1236920469B6903B198476469DA
:108FD000002CF7D1BDE81040FFF74CBBF8F00020A3
:108FE00038B5054601F068FC054B1C6824B11DB17D
:108FF0006469013D002CFAD101F06CFC204638BDBB
:10900000F8F0002090B10388012B0ED1084B826844
:10901000186858B1C36A9A4203D108E0C36A9A42F9
:1090200004D040690028F9D170470020704770478C
:10903000F8F00020F0B138B5104D2B6813B914E0EA
:109040005B699BB19842FBD103690446DB680BB1B5
:1090500020469847A36962696BB15A61626902B19F
:109060009361074B1A68944201D038BD38BD2A6815
:109070001A6038BD70472A60F1E700BFF8F00020A1
:10908000FCF0002010B5044601F016FC084B1B68EC
:1090900013B908E05B6933B19C42FBD1012401F0B4
:1090A00019FC204610BD1C4601F014FC204610BDE2
:1090B000F8F00020002837D070B504460D4616465B
:1090C000FFF7D0FA0023E56284F8503084F854307A
:1090D000BDB1B6B92B0628D505F0C003802B32D020
:1090E00005F0E003C02B3CD0636BE26BD943D04367
:1090F0002B402A40294328432363A26321646064F0
:1091000006E005EA060265EA0603E663A263636415
:10911000284601F00DFD23695B690BB12046984795
:10912000BDE87040FFF7A6BA7047E26B2AB1D043A2
:10913000FF236FF0FF016363DAE7FF236FF0FF00A7
:109140001A46E363F4E7E26B2AB1D0434FF6FF73AC
:109150000C496363CCE74FF6FF730A481A46E36392
:10916000F4E7E26B3AB1D0436FF07F464FF07F41B6
:1091700033466663BCE76FF07F434FF07F401A468B
:10918000E363F1E70000FFFF70B504460D461646A5
:1091900001F092FB294620463246FFF78BFFBDE8DF
:1091A000704001F097BB00BF48B138B504460D468A
:1091B00001F082FBA564BDE8384001F08BBB70472D
:1091C00048B138B504460D4601F076FBE564BDE8CC
:1091D000384001F07FBB704710B501F06DFB034BC9
:1091E0001C6801F077FB204610BD00BFFCF000209A
:1091F000014B1868704700BFFCF0002010B5044612
:1092000020B101F059FBE46A01F064FB204610BD77
:1092100010B5044620B101F04FFBE46B01F05AFB9E
:10922000204610BD10B5044620B101F045FBE46CAA
:1092300001F050FB204610BD10B5044628B101F0E6
:109240003BFB94F8504001F045FB204610BD00BFA9
:1092500050B138B504460D4601F02EFB84F850504D
:10926000BDE8384001F036BB704700BF002918BF89
:10927000002A10D078B103696BB110B45C68A242C7
:1092800004D3DB6913B15DF8044B18474FF0FF308E
:109290005DF8044B70474FF0FF30704770B50446DF
:1092A0000D46164601F008FB294620463246FFF7D8
:1092B000DDFF044601F00EFB204670BD032A70B5A9
:1092C000154682B004460DD8DCB1D1B12369C3B1D3
:1092D0005A68954215D11B6A9BB1204602B0BDE881
:1092E000704018474A780B781204CE78887842EAA2
:1092F00003630191334343EA002001F019FC019913
:10930000E2E74FF0FF3002B070BD00BF2DE9F04141
:1093100058B103694BB1DFF8AC80D8F8003013B90D
:1093200008E05B6933B19842FBD14FF0FF3420462F
:10933000BDE8F081054617460E46FFF793F9D8F8C9
:1093400000306B6103B19D6100230124C8F8005017
:10935000AB612B46D869A04217D05B69002BF9D1CD
:109360002869EC6184682B628CB12846A0470446CA
:1093700078B906B1AFB92B691B78013B012B19D91C
:109380000F4B1A6842B91D6006E00134E1E74FF067
:10939000FF342846FFF74EFEFFF76CF92046BDE884
:1093A000F0813A4631462846FFF788FF0028E2D090
:1093B0000446EEE72846FDF701FF0028E0D0F7E776
:1093C000FCF00020F8F0002070B504460D4616466B
:1093D00001F072FA294620463246FFF797FF04460D
:1093E00001F078FA204670BD18B10369DB6A03B159
:1093F0001847704718B103691B6B03B118477047D2
:10940000F8B518B303695B6A03B3044603F084FC40
:109410000646A36AC31AC82B03D894F824502846DA
:10942000F8BD2369204694F824705B6A9847874208
:109430000546A66284F82400F1D0002FEFD12369FD
:109440005B69002BEBD020469847E8E701252846CA
:10945000F8BD00BF10B5044601F02EFA2046FFF714
:10946000CFFF044601F036FA204610BD10B5044681
:1094700001F022FAFFF7F6F8034B1C60FFF7FAF849
:10948000BDE8104001F026BA7CEA002038B5084D4E
:109490000020FFF7EBFF2C682CB12046FFF7CAFD38
:1094A0006469002CF9D10023024A2B60136038BD97
:1094B000F8F00020FCF00020024B1B6803B11847B5
:1094C000704700BF7CEA002010B5044620B101F0CF
:1094D000F3F9E46901F0FEF9204610BD38B5054600
:1094E00001F0EAF965B1094B1C6814B904E064693C
:1094F00014B1E3699D42FAD101F0ECF9204638BD80
:109500002C4601F0E7F9204638BD00BFF8F00020F6
:1095100050B1074B1B6813B904E05B6913B1DA69FA
:109520009042FAD11846704703461846704700BF6C
:10953000F8F0002070B5FFF795F8134B134C002599
:10954000DA6804F10C061D6012B19047431C0AD082
:10955000B4420DD054F8043FDA681D60002AF7D0F9
:109560009047431CF4D10446FFF784F8204670BDB1
:10957000FEF75CFA01304FF0FF3418BF0024FFF70C
:1095800079F8204670BD00BF34600020C80D00206F
:1095900038B5FFF767F80B4B0B4C1B6904F10C0552
:1095A00003B19847AC4206D054F8043F1B69002B26
:1095B000F7D1AC42F8D1FEF7E9FABDE83840FFF741
:1095C00059B800BF34600020C80D002070B40E4CA4
:1095D0000E4B04F10C069D88284206D09D798D42E1
:1095E00008D011B99D68954209D0B44209D054F809
:1095F000043FF0E71AB19D680DB1AA42F1D11846B7
:1096000000E0002070BC7047C80D002034600020CE
:1096100038B50B4B0B4CDB6904F10C0503B19847D3
:10962000AC4206D054F8043FDB69002BF7D1AC42C2
:10963000F8D1FEF789FABDE83840FFF7BDBC00BF9E
:1096400034600020C80D002003464FF40062402122
:1096500000209A6483F86C1083F86D009A63704759
:1096600038B50C460546FEF7FDFFE20708D4A30710
:1096700002D5012385F85030FEF7FCFF002038BDED
:10968000012305F1340085F8403000F063FEEEE779
:109690002DE9F047044686B015461E4688460E9FC3
:1096A000FEF7E0FFA36CAB4267D3002F60D04046CB
:1096B00000222946FFF754F98046002860D016F0B2
:1096C000040611D17868D4F81090FFF721FF3B8889
:1096D000012B49D094F98530002B4CD1FEF7CAFFFD
:1096E000284606B0BDE8F087012394F88C9078688E
:1096F00084F88C30D4F810A0FFF70AFF3B88012BC8
:109700000FD0002084F88C900028E3D0014620463A
:1097100000F0AAF9FEF7AEFF4FF0FF3006B0BDE84B
:10972000F0875FFA8AF3BA68A16E02F0F00794F846
:109730006DC0E02F4FF000070CBF94F86EA094F8B6
:109740006CA0CDF8088094F88CE0CDF804A0CDF89A
:1097500000C005970397CDF810E0FEF70BFD002E33
:10976000D0D10028B6D0D1E75FFA89F3B146DAE765
:1097700004F154079BE70020C8E76FF00700C5E736
:109780006FF00200C2E700BF2DE9F0411C4686B031
:1097900005460F4684F00204904603A80C21C4F34A
:1097A00040040C9E01F02EF903AB4246394605F108
:1097B0003400009400F05AFF431C13D095F9853013
:1097C0004BB9044626B103A8314600F0B7FF204646
:1097D00006B0BDE8F0810021284600F045F94FF0C1
:1097E000FF30F5E76FF00701F6E700BF38B5044634
:1097F0000D46FEF737FF0C22294604F1540001F014
:1098000077F80025032304F13400A4F86250237391
:10981000A4F8565000F09EFDFEF72CFF284638BDF8
:1098200010B50446FEF71EFF0348214600F0A6FDD2
:10983000FEF720FF002010BD7461002010B5054C1C
:10984000216829B1034800F099FD21680029F9D168
:1098500010BD00BF746100202DE9F84F0A9C002B59
:1098600018BF002C43D0002841D05D69002D3ED0A8
:109870000D88012D00F0AD8000278A468146014603
:1098800010469846164600F03DFF002878D0534B0E
:109890001C68002C00F0A0804FF0000B01E0246851
:1098A000FCB12569BD42FAD1304600F01BFF00280B
:1098B0004CD03388012BF2D1D4F890100029EED08F
:1098C0004A68B3689A42EAD10B689945E7D1BBF17F
:1098D000000F02D09BF8403013B3A3462468002C3D
:1098E000DFD1BBF1000F02D09BF840300BB1BDE8D7
:1098F000F88F2346214640464FF0FF32FFF7EAF843
:1099000004460028F3D052460BF13400214600F003
:1099100059FE0130EBD12046BDE8F84FFFF784B97E
:1099200019464FF0FF324046FFF7D4F805460028AD
:10993000D3D00BF134005246294600F043FE0130EB
:10994000CBD12846A346FFF76FF9A8E704F16005DD
:10995000284600F0E1FE28B92846314600F0E8FE2E
:1099600000289CD004F15405284600F0D5FE0028BC
:10997000ADD12846514600F0DBFE00288FD0A6E787
:10998000304600F0AFFE002881D114483B463146F6
:109990005246006800F0DAF804460028A7D090F894
:1099A0004030002BA3D1404619464FF0FF32FFF75D
:1099B00091F8054600289AD0524604F13400294611
:1099C00000F000FE013092D12846BDE8F84FFFF7C5
:1099D0002BB9E468677A50E7BDE8F88F746100201E
:1099E00038B50D4CFEF73EFE0023224652F8041B0C
:1099F00039B101330C2BF9D10025FEF73BFE284687
:109A000038BD4FF0FF3204EB830544F82320FEF706
:109A100031FE284638BD00BF18EB002002880B88B5
:109A2000934201D00020704713F0010306D08368F1
:109A30008868181AB0FA80F04009704718467047D5
:109A400003880A46DB0700D47047014610460C2203
:109A500000F04EBF08B53021024800F0D3FF0020CF
:109A600008BD00BF18EB002090F985301BB11946E6
:109A7000002380F8853080F884100846FDF716BB77
:109A800038B505460C46FEF7EDFD2B68236003B1A3
:109A90005C60002363602C60BDE83840FEF7EABDDF
:109AA00038B50C460546FEF7DDFD63684BB122680C
:109AB0001A6023680BB162685A60BDE83840FEF74F
:109AC000D9BD23682B60F4E72DE9F0410446002856
:109AD00039D00E46174698464D8802E02468002C7F
:109AE00031D0B4F86230AB42F8D13388DB070FD500
:109AF000B3686BB1314604F16000FFF78FFF0028B7
:109B0000ECD07FB9B8F1000F0CD00120BDE8F08196
:109B1000B8F1000FF5D1314604F16000FFF77EFF88
:109B20000028DBD004F15400002FD7D03946FFF7CE
:109B300075FF0028D2D0B4F856207B889A42E4D032
:109B40002468002CCDD12046BDE8F0812DE9F047F6
:109B50000446002874D00E4690461D464FF0030A76
:109B60004FF0000902E02468002C47D02169A94287
:109B7000F9D1B4F8621073889942F4D1636E13B1CD
:109B800072689342EFD1B4F86030DF074AD5A36E14
:109B9000002B47D03388D8074ED5B368002B47D069
:109BA000314604F16000FFF739FF0028DBD004F1F3
:109BB00054000027B4F85430D90722D5E36D03B31D
:109BC000B8F1000F28D0B8F80030DA0724D5D8F85B
:109BD00008300BB34146FFF721FF0028C3D0B4F88B
:109BE0005620B8F802309A42BDD1BA4501D9A146F3
:109BF00027B124684FF0010A002CB7D14846BDE8D0
:109C0000F087B8F1000FF0D0B8F80030DB07ECD5E2
:109C1000D8F80830002BE8D00137BA45A3D9BA46A6
:109C2000A146A0E7378817F0010706D0B76827B12B
:109C300004F154000127BDE7012704F15400B9E7FE
:109C40008146DBE7F0B585B0144F05460C2201A82C
:109C500043F6FE763C8800F04BFEFEF703FD44F22F
:109C60000103621C234494B29BB2B34288BF4FF4F9
:109C700040442046FBF76AFA0123ADF806000022B3
:109C800001A92846FFF720FF0028E8D13C80FEF715
:109C9000F1FCBDF8060005B0F0BD00BF2E6300204A
:109CA00038B505469420FFF761F90446A0B129466E
:109CB000942200F01DFE002323606360A3602373E1
:109CC000A3612363E36163626363E3636364E364E7
:109CD00084F8843084F88530204638BDF0B587B0EC
:109CE00004460E46154600F0E7FD5B4B1B78002B43
:109CF00000F09880002C00F095802468002C00F083
:109D00009180237B042B00F0998067693A6A12786E
:109D10002AB1032B00F09D80022B00F08C802DB126
:109D200026B13388D90778D50B2D14D86FF00505E7
:109D300094F98500F0B1002384F8853084F884001C
:109D4000FDF7B4F92846FDF7B1F900F0C3FD4FF077
:109D5000FF3007B0F0BD96E807008DE80700BDF8BA
:109D600000306D46DB0707D494F985006FF00605D7
:109D70000028E0D12846E1E7029B002BF4D0BDF893
:109D8000023013B9BB79032B52D10C2204F16006C7
:109D90000DEB0200314600F0ABFDBDF80C20BDF824
:109DA00000301340DA07ADF80C3027D40198FFF7E4
:109DB000AFFBBDF80C30012B2FD1002841D0C36A76
:109DC0000593BDF80E3003B3606901232A4603A949
:109DD0000068FFF779FE40BB03A930460C2200F073
:109DE00087FD63691B6ADB68D3B120462946984723
:109DF000044600F06FFD204607B0F0BD059B002B28
:109E0000D4D0BDF80E30002BDED1636903A91868E9
:109E1000FFF718FFADF80E00D6E76FF00B0587E7E8
:109E20001C46E6E76FF01B058CE76FF00D057FE73A
:109E30006FF00E057CE76FF0150579E76FF00A0506
:109E400076E70298FDF71EFE0028B8D16FF00F05E7
:109E50006EE76FF012056BE716F0002038B5054687
:109E600000F02AFD134B1B78D3B1CDB12C68BCB1E7
:109E7000D4F8900008B1FDF7C3FE63691B6A9B68C4
:109E80003BB120469847044618B100F023FD204618
:109E900038BD00200446286000F01CFD204638BD77
:109EA0006FF01B00FDF702F900F014FD4FF0FF30DA
:109EB00038BD00BF16F000202DE9F04182B00D46FC
:109EC000064617469846089C00F0F6FC2D4909788E
:109ED000002951D0002E4FD0306800284CD054B10A
:109EE000099B43B12388DB0727D5099B0B2B1ED881
:109EF0006FF0050323E0B0F85430DA072ED5C36DB8
:109F000063B30024002DF3D090F8503073BB436945
:109F10001B6A9E696EB3009443463A462946B04791
:109F2000044600F0D7FC204602B0BDE8F081A368EB
:109F3000002BE7D16FF0060301E06FF00B0390F9FF
:109F4000852072B980F884301846FDF7AFF800F02C
:109F5000C1FC4FF0FF3002B0BDE8F0816FF0130399
:109F6000EDE71346002280F88520EBE76FF014033D
:109F7000E5E76FF00A03E2E76FF01B00FDF796F8E4
:109F8000E5E700BF16F0002010B5002482B0019470
:109F90000094FFF791FF02B010BD00BF2DE9F04320
:109FA00083B00E469946074690460A9C0B9D00F0EA
:109FB00083FC2F4B1978002954D0002F52D03868D9
:109FC00000284FD066B3B0F862301BB943699B7963
:109FD000032B3ED1002C18BF002D14BF01220022FC
:109FE00016D190F84030002B36D143691B6A5D6969
:109FF000ADB3002A4B464246314608BF00240094C8
:10A00000A847044600F066FC204603B0BDE8F08394
:10A010002B682BB1B0F86010C90712D50B2BE0D814
:10A020006FF0050390F9852072B980F884301846E6
:10A03000FDF73CF800F04EFC4FF0FF3003B0BDE8F8
:10A04000F0836FF00B03EDE71346002280F88520C4
:10A05000EBE76FF00403E5E76FF01403E2E76FF05E
:10A060000A03DFE76FF01B00FDF720F8E2E700BF0F
:10A0700016F0002010B5002482B001940094FFF780
:10A080008DFF02B010BD00BF2DE9F04182B01C462B
:10A0900007460E469046089D00F00EFC3C4B1B7890
:10A0A000002B6FD0002F6DD0386800286AD0002CAC
:10A0B00050D0002D4ED0374B9E4212D04369002B1A
:10A0C00048D01B6A1F6A002F44D0234600954246A1
:10A0D0003146B847044600F0FDFB204602B0BDE81B
:10A0E000F08108F1FF33052B49D8DFE803F0291F81
:10A0F0000E480303032D2DD92368B8F1050F4FF047
:10A1000000040CBF83648363E5E7032D22D96188D3
:10A110004FF47A722378002402FB01F21B1BC0F873
:10A12000882018BF012380F88E30D4E7032D11D981
:10A13000236800241B1B18BF012380F88C30CAE75A
:10A14000032D07D9236800241B1B18BF012380F8A7
:10A150008D30C0E76FF0050390F985201AB11346E2
:10A16000002280F8852080F884301846FCF79EFF96
:10A1700000F0B0FB4FF0FF3002B0BDE8F0816FF0AF
:10A180000803E9E76FF01B00FCF790FFF0E700BF62
:10A1900016F0002017E503002DE9F04182B01E46BD
:10A1A00007460C469046089D00F086FB664B1B78E0
:10A1B000002B00F0C480002F00F0C1803868002818
:10A1C00000F0BD800EB305B3604B9C4210D04369D4
:10A1D000DBB11B6A5F6AC7B1214600953346424630
:10A1E000B847044600F076FB204602B0BDE8F08197
:10A1F000B8F10D0F00F2A080DFE808F01B28323C18
:10A200009E4D4D5B64717C7C8A946FF0050390F9E0
:10A2100085204AB980F884301846FCF747FF00F0E3
:10A2200059FB4FF0FF30E0E71346002280F885200D
:10A23000F0E72B68032BE8D9037B042200249B1A48
:10A240002A60B3FA83F35B093360CBE72B68032BF7
:10A25000DBD990F88D30042200242A603360C1E7F6
:10A260002B68032BD1D990F88C30042200242A606B
:10A270003360B7E72B68032BC7D9042390F88E10FF
:10A28000334A00242B60D0F888303170A2FB0323BE
:10A290009B097380A6E72B68032BB6D90423B8F17A
:10A2A000050F4FF000042B600CBF836C836B336091
:10A2B00098E72B68002BA8D0037B012200242A609A
:10A2C00033708FE72B68002B9FD090F984200023F8
:10A2D00001211C462960327080F8843082E72B68A7
:10A2E000002B92D0436901222A6003B19B7933701D
:10A2F000002477E72B68032B87D90423B8F10A0FD2
:10A300004FF000042B600CBF436B436C336069E774
:10A310002B68032B7FF679AF042300242B60C36ADC
:10A3200033605FE72B68032B7FF66FAF04230024B5
:10A330002B60836A336055E76FF0080367E76FF0BF
:10A340001B00FCF7B3FE6AE716F0002017E50300D8
:10A35000D34D621038B50546FEF784F94DB1A868B3
:10A3600038B14468FEF760FC2046002CF9D1AC609F
:10A370002C60BDE83840FEF77DB900BF38B50C460B
:10A380000546FEF76FF921462846FFF789FB04F1E1
:10A390003400FFF7DFFF04F14400FFF7DBFF204646
:10A3A000FEF7DCFDBDE83840FEF764B92DE9F04169
:10A3B00007460C46904600F07FFA2D4B1B78002B89
:10A3C0003AD0FFF70DFB054600283ED02146424615
:10A3D0003846FFF7FBF80646002839D09420FEF7F0
:10A3E000CDFD0446002838D00023286085604661F2
:10A3F000A0F86070C0F810800373B8F1000F18D097
:10A40000A4F85470FEF72EF93368236003B15C6042
:10A41000002363603460FEF72DF9336A5B681BB17B
:10A420002046984701301BD000F054FA2846BDE87A
:10A43000F081B3680361E3E76FF01800FCF736FEC4
:10A4400000F048FA0020BDE8F0816FF00100F5E768
:10A450006FF0090000232B60F0E76FF00200F9E7CE
:10A4600021466069FFF78AFFFCF71AFEF2E700BF9A
:10A4700016F0002070B504460D46164600F01CFA92
:10A48000404B1B78002B77D0002C75D02468002C13
:10A4900072D046B33DB32A88D1074AD50B2E22D9B4
:10A4A000B4F86230FBB9B4F8603013F0010001D0A9
:10A4B000A16EC1B9A96801F0F006E02E2DD16E8819
:10A4C000934239D06B686366DEB1A4F8626004F130
:10A4D0003400FFF73FFF04F14400FFF73BFF00F0BB
:10A4E000F9F9002070BD6FF0050094F9853043BB89
:10A4F00084F88400FCF7DAFD00F0ECF94FF0FF304F
:10A5000070BD63699A79032ADFD0186804F160018D
:10A51000FFF798FBA4F86200D9E721B1B0B928464B
:10A52000FEF770FD28B36E88BEB9B4F860302A8893
:10A53000C6E76FF00B00D8E7DB07C3D5AB68A366AF
:10A54000C0E71846002384F88530D1E70021A06ECB
:10A55000FDF760FB0028E6D1E1E7626900232946A8
:10A5600010681A46FFF7B0FA0028DED06FF00D0031
:10A57000BBE76FF00E00B8E76FF01B00FCF796FD2D
:10A58000BAE700BF16F0002038B504460D46FEF7C6
:10A5900069F86969236862680B4493420CD82946BC
:10A5A000A068FEF789FC6B692268A06013442360F1
:10A5B000FEF760F8002038BDFEF75CF84FF0FF3082
:10A5C00038BD00BFF8B504460D461746FEF74AF8F9
:10A5D0006969236862680B4493421CD800210C20EF
:10A5E000FEF772F90646B0B139460C22C06827461C
:10A5F00000F07EF922686B6929463046134447F81B
:10A60000083BFEF759FC01463846FEF771FCFEF7A1
:10A6100031F80020F8BDFEF72DF84FF0FF30F8BDFF
:10A62000F8B58568F5B16C691E4607460B4694423D
:10A6300028464FF0000128BF14462246FEF7A0F935
:10A64000012E01D02046F8BDFEF70CF807F10800F6
:10A650002146FEF77DFB3B681B1B3B60FEF70AF8BB
:10A660002046F8BD2C462046F8BD00BF2DE9F84332
:10A6700085689DF820908DB32F68984606460B4656
:10A6800057B37C6900213846944228BF14462246BD
:10A69000FEF776F940460C22E96800F029F96B696B
:10A6A0000C3B9C4238BF4FF0FF34B9F1000F02D190
:10A6B0002046BDE8F883FDF7D5FF1FB17A693368FE
:10A6C0009B1A336006F108002946FEF71DFCFDF7D2
:10A6D000D1FF2046BDE8F8833C46DBE72C46204608
:10A6E000BDE8F88368B1038813F0010308D08068DF
:10A6F00000F0F000A0F1E000B0FA80F040097047EF
:10A700001846704710B10388DB0701D4002070475A
:10A710008068FDF77FBA00BF38B10388DB0704D536
:10A720008068B0FA80F0400970470120704700BF90
:10A7300010B109B1FFF772B90020704710B109B12B
:10A74000FFF77EB9704700BF48B10388012B07D1DE
:10A7500010B504464068FEF7DBFE18B110BD704727
:10A7600000207047A068BDE81040FDF78BB900BF1E
:10A77000F8B5002830D0416800292DD08368044600
:10A78000304D314AC0682B601060002B4AD01B68E6
:10A7900013B32E4E30469847F0B92B68CBB19A6868
:10A7A0002B4F8AB1316879B1304690473B78BBB1C5
:10A7B0004FF0FF342B682BB1DB681BB123480268D4
:10A7C00002B198472046F8BD3A784AB14FF0FF34BD
:10A7D000F2E71F4F3B781BB14FF0FF342046F8BD26
:10A7E00061682068FEF7ACFB04460028E2D1FBF765
:10A7F0004BF904460028DDD1FDF790FF154A164BB2
:10A800000A2014601C6002F06BFA01300FD0FEF7D2
:10A8100091FE01300BD0FFF71DF9013007D0012365
:10A820003B70C7E70A4F3B78002BD5D1D9E7FEF73D
:10A830002DFE4FF0FF34FEF7ABFE02F05FFAFEF79D
:10A84000B5FBB7E794E400209CE4002048EB00202F
:10A8500016F00020F8F00020FCF0002008B502F00F
:10A8600089FABDE80840FBF7BFB800BF054B1B687D
:10A870001BB11B681BB110B11847184670474FF049
:10A88000FF30704794E40020044B1B682BB19B6899
:10A890001BB110B1026802B11847704794E4002060
:10A8A000044B1B682BB1DB681BB110B1026802B10D
:10A8B0001847704794E40020044B1B682BB19B6839
:10A8C0001BB10348026802B11847704794E40020A6
:10A8D00048EB0020044B1B682BB1DB681BB103481D
:10A8E000026802B11847704794E4002048EB00204A
:10A8F000032AF0B470D9CE070B4606D50B78013188
:10A90000013A013000F8013C0B469D0705D50B8844
:10A91000023A0231023020F8023C97094DD000F192
:10A92000400401F140033D4653F8406C013D03F102
:10A93000400304F1400444F8806C53F87C6C44F804
:10A940007C6C53F8786C44F8786C53F8746C44F869
:10A95000746C53F8706C44F8706C53F86C6C44F879
:10A960006C6C53F8686C44F8686C53F8646C44F889
:10A97000646C53F8606C44F8606C53F85C6C44F899
:10A980005C6C53F8586C44F8586C53F8546C44F8A9
:10A99000546C53F8506C44F8506C53F84C6C44F8B9
:10A9A0004C6C53F8486C44F8486C53F8446C44F8C9
:10A9B000446CB9D1BF0138443944C2F383075FB155
:10A9C000051F3B460C4654F8046B013B45F8046FE9
:10A9D000F9D1BF0038443944940704D50B880230BC
:10A9E000023120F8023CD30701D50B780370F0BC8C
:10A9F000704700BF22B1024400F8011B8242FBD124
:10AA0000704700BF29B10144002300F8013B814297
:10AA1000FBD17047AAB130B4044603780878181AFD
:10AA20000AD12244013405E014F8013B11F8015F1A
:10AA30005B1B03D19442F7D130BC7047184630BC41
:10AA400070471046704700BF014640B100784B1C6C
:10AA500028B1581A13F8012B002AFAD17047704711
:10AA600070B10278431C6AB1B1FA81F0400910B1AB
:10AA700008E0814205D013F8012B0130002AF8D1FB
:10AA8000704770470020FBE750B149B10B782BB1FC
:10AA900000F8013B11F8013F002BF9D100230370AE
:10AAA000704700BFA0F14103192B01D82030C0B27C
:10AAB000704700BFF0B408B307460C4617F8015BB7
:10AAC00001E09D4214D014F8013B002BF9D1CDB127
:10AAD0003D460C4615F8016B00E05BB114F8013BF4
:10AAE0009E42FAD146B100233B701560F0BC70471E
:10AAF0003846E1E72F46EBE73546F6E710680028D1
:10AB0000DAD1F3E728461560F0BC704710B5074C62
:10AB100044F2A7116FF0004200232068A0FB01015E
:10AB200006F0B6FA2260104610BD00BF10EB002000
:10AB3000024A136818441060704700BF10EB0020F1
:10AB4000F8B51546876900220E462A70BB8BA3B163
:10AB5000144643F00170FAF7FDFA30512C780D4895
:10AB60000434E4B22C70BB7F1B021843FAF7F2FAEC
:10AB700030512B7803332B70F8BDC06DFCF782FF8A
:10AB800028B18368283B9BB2BB832C78E1E72C7803
:10AB9000BB8BDEE70000030338B5846905468821D6
:10ABA0002046FFF72FFFA96B1A4A4FF406702B6F50
:10ABB0009142A087A38323D89BB2A160994200D27F
:10ABC000A183A37F4FF4405000FA03F28A4206D2D9
:10ABD0000133DBB200FA03F28A42F9D3A377696B3F
:10ABE0004FF0FF330C220B482367E3666366E3678D
:10ABF0006367A366A367A264E264A06319B938BD62
:10AC0000A2601146DDE705F13400BDE83840FFF7EA
:10AC1000A1BB00BF0000FF0F88B138B50546006832
:10AC200028B14468FEF700F82046002CF9D1002333
:10AC300028466B602B60BDE83840FEF78FB970473F
:10AC400006292DE9F041069D04D00695BDE8F041A6
:10AC5000FCF782BEA2F10E041F46072C28D8DFE8BD
:10AC600004F020271C13270F0B04C36F3B60042341
:10AC700000202B60BDE8F081836F5B083B60F6E746
:10AC8000436F5B083B60F2E78369D3F8843013F0CD
:10AC9000080307D001233B60E9E790F880303B6070
:10ACA000E5E7036F3B60042300202B60BDE8F081E3
:10ACB0006FF00801FEF7D8FE4FF0FF30BDE8F081DD
:10ACC00038B5456AA5B10446FDF7CCFC656A00E0DD
:10ACD00025462C68002CFBD12B6B29469A6A03F180
:10ACE0002400013A9A62FEF7DBFE2C63FDF7C2FCFA
:10ACF000284638BDF8B504468820FEF73FF9F8B17C
:10AD00000246002301214FF4615E96270826A261C6
:10AD100040254FF400421846236784F88C3084F8AD
:10AD20008E3084F86D3084F8801084F88D10C4F86B
:10AD300074E0A767E66784F86C50A264A263F8BD6C
:10AD400020466FF00201FEF78FFE4FF0FF30F8BD96
:10AD5000F8B506460D46FDF785FC344B1C68002C03
:10AD600056D0002701E02468A4B1B4F862206B88B3
:10AD70009A42F8D1237B042B33D1002FF3D104F175
:10AD800060073846FFF7C8FC002846D027462468ED
:10AD9000002CEAD1002F3BD0FC696CB1314604F1A4
:10ADA0005400FFF7C5FC20B1B4F8562073889A42CE
:10ADB00013D02468002CF1D17C6A6CB1314604F1C7
:10ADC0005400FFF7B5FC20B1B4F8562073889A42BE
:10ADD00003D02468002CF1D13C46FDF74BFC204603
:10ADE000F8BD294604F16000FFF7A2FC0028BAD0A4
:10ADF000237B002BB7D0314604F15400FFF798FCB9
:10AE00000028B0D0B4F8562073889A42ABD1E4E75A
:10AE10000024FDF72FFC2046F8BD38462946FFF7F1
:10AE200087FC00280CBF002727469CE7986100207C
:10AE300091F88030042B17D015D3062B1AD8052B88
:10AE40001CD0CB6E0A22013B81F88020033312D83C
:10AE50004FF0FF3201238A660370D1F8843043F04B
:10AE60000803C1F8843070470722012381F880204D
:10AE70000370F2E770473023CB66E9E70B6A934231
:10AE8000DFD0082381F88030E7E700BF002944D0F5
:10AE9000CA682DE9F84F177B8B46824614244FF081
:10AEA0000C083F09BD00AC4229D2A35CA11833B302
:10AEB000012B26D004F10109A94520D24878661E4D
:10AEC0000644B5421BD9022B1DD0032B11D18B7820
:10AED0000C2B98BF8AF83E30DAF8843088BF8AF8A5
:10AEE0003E8043F02003DBF80C20CAF88430177B47
:10AEF0003F0912F80930BD001C44AC42D5D3BDE86F
:10AF0000F88F0134CEE74888FAF720F9DBF80C20F7
:10AF1000AAF83C00177B3F09EBE7704770B5056B5B
:10AF20000446E5B1037B022B0CD0AB6A8069013B80
:10AF3000AB62FFF771FE214605F12400BDE87040C9
:10AF4000FFF71CBA2B6A8069013B2B62FFF764FE96
:10AF5000214605F11C00BDE87040FFF70FBA866975
:10AF6000D6F88430DB0716D4306828B14568FDF781
:10AF70005BFE2846002DF9D1002504F144007560E0
:10AF80003560FFF7E7F9257304F154000C21BDE8A3
:10AF90007040FFF737BD3046FFF73EFE21460248BE
:10AFA000BDE87040FFF7EAB99861002006292DE955
:10AFB000F041069E14D1152A054614461F4606D8B0
:10AFC0000123934013F4651F01D0042E3CD10E3CA5
:10AFD000072C2CD8DFE804F0092B0F2B2B171E258C
:10AFE0000696BDE8F041FCF797BC3B6863B32B675E
:10AFF0000020BDE8F081386810B30123002085F8F7
:10B000008030BDE8F0813B68F3B15B0000206B67E6
:10B01000BDE8F0813B68BBB15B000020AB67BDE8D9
:10B02000F0813B6883B1EB670020BDE8F0816FF0F1
:10B0300008012846FEF718FD4FF0FF30BDE8F0810B
:10B0400085F88000BDE8F0816FF00501F1E700BFF1
:10B05000002A18BF002B2FD0F8B5E1B1DB680546F8
:10B0600010469F7893F803E01E785B7847EA0E2736
:10B0700046EA032357804B80FFF76AFE58B1092D3B
:10B0800009D8DFE805F015110D05050D0D080809B3
:10B09000027B042A11D1F8BDF72280F88520F8BD83
:10B0A000E82280F88520F8BDF82280F88520F8BDD8
:10B0B00083699A8F1A63F8BD7047EE22BDE8F840A5
:10B0C00080F88520FFF72ABF38B5144D00221449B7
:10B0D000C82001F059FE2860A8B1002211494FF4A0
:10B0E000FA7001F051FE104B0446186070B1FFF782
:10B0F0000DFD0E4A0021136803F57A4353FA80F0E0
:10B100001060084638BD4FF0FF31FAE7286801F0BB
:10B110005BFE2C604FF0FF31F3E700BF4CEB0020EB
:10B1200079BE000031D4000050EB002098E40020EC
:10B130002DE9F047044688B04069FEF7E9F900219F
:10B1400007461420FDF7C0FB00286ED005461421E9
:10B15000C068FFF757FCE66A26B194F83080B8F172
:10B16000000F6BD1EB6850221A73EE68E388E06938
:10B170003380638A7380F9F7EDFFD5F80C80706037
:10B18000206AF9F7E7FFEB68C8F8080094F8242074
:10B190005A73EE68E08CF9F7D9FF616BF0812846AD
:10B1A000FDF78AFE0546208DEE68F9F7CFFFEB68C4
:10B1B000002270821A8203F11006238A012B0FD01D
:10B1C000AA8A4FF4C0612846FBF73AFFEB6830804B
:10B1D0001033228A012A0CD0002008B0BDE8F08785
:10B1E000002F6CD03B6A9B0759D4EB6803F1100623
:10B1F000E6E72068E168A26900285CD0447890F80E
:10B2000000E090F8200000260593062304900295A4
:10B210003846CDF804E000940396FCF7ABFF08B085
:10B22000BDE8F0872846FDF7FFFC606B08B1FDF72D
:10B23000FBFC6FF0020008B0BDE8F0870021282079
:10B240000795C146FDF740FB82460028EAD0282139
:10B25000C068FFF7D7FB51460798FDF72DFE002386
:10B26000721E0668079012F8010FF168C854013386
:10B270009845F8D118F0030F05D028F0030808F11D
:10B2800004085FFA88F9A9F1280107A8FDF760FD15
:10B290003369079A1433D2689B00137365E76969B1
:10B2A0003846FCF711FC00289FD1AA69034642F0FA
:10B2B0002002AA618DE704464FF0400EA3E7A06983
:10B2C000FCF7E0FB074600288CD18EE72DE9F0471C
:10B2D00084698EB0426C0546266AE368C06DF31A35
:10B2E000C3EB02088845474628BF0F46FDF782F8A2
:10B2F00007F11403984238BFA0F11407C7EB080305
:10B30000B3FA83F35B09002F61D0002B5FD04FF0BD
:10B31000180995F850200AB1002B69D1A9696B6B07
:10B320008A68D31A62D48869984204D2B1F81CE0C2
:10B33000191A714553D3A361002F46D0696C0023BD
:10B340003A46E86CC8EB0101FDF7C4FB80460028D3
:10B350005ED005F16C030DF1380A05F160010C2295
:10B3600001A84AF8383DFFF7C3FA05F154010C2251
:10B3700004A8FFF7BDFA226A636A4FF0FF318DF827
:10B380002490002508935046A3690792A27FA167E5
:10B39000D340CDF83480ADF82850ADF826300B9569
:10B3A0008DF83050FFF7C4FE2369B91925645A1C83
:10B3B00003F1005321629A420CD9914201D2994281
:10B3C00000D821610EB0BDE8F087B846C1E74FF064
:10B3D00010099EE79142F2D20EB0BDE8F087B1EBC2
:10B3E000520FA8D2002818BF0346A4E70023A2E703
:10B3F00094F8803049F001090136042B0DD0072B59
:10B400000FD0D4F8843043F00403C4F8843085E7C7
:10B41000B9196FF002002162D4E7052384F8803067
:10B42000EFE7092384F88030EBE700BF2DE9F04116
:10B430000C6805468EB01E46607B00F010000028A8
:10B4400037D100F0FF030F46904607936068F9F785
:10B4500081FE3B68D8F800104FF0140E5A7B1B7B1E
:10B4600002F00107C2F340041B098DF824E07A18AA
:10B470002244A2EB8302104408900EAC314601A88E
:10B480000C2244F8385DFFF733FA0C22149904A813
:10B49000FFF72EFA00232046ADF82630ADF828300D
:10B4A0000B938DF830300D93FFF742FE0EB0BDE8E0
:10B4B000F081A068F9F74EFE00220423079008925D
:10B4C0008DF82430D9E700BF2DE9F04F846991B0A1
:10B4D0009946064601920F46426BA368256A9A1A5E
:10B4E00074D4A169914204D2501AB4F81CE070459A
:10B4F00062D3B907A26157D4A37FDA401FFA82F85A
:10B50000FB070CD594F880200135042A69D0072A5E
:10B510006BD0D4F8842042F00402C4F8842007F0F1
:10B52000100202F0FF0B0AB1D4F824B00C2206F18D
:10B530006C030DF1400A06F160010DEB02004AF8C0
:10B54000383DFFF7D5F906F154010C2206A8002674
:10B55000FFF7CEF94FF0FF31226A5046019BA167F9
:10B5600009920D93CDF828B08DF82C70ADF82E808F
:10B570008DF83890ADF830600F96FFF7D9FD23694C
:10B5800026645A1C03F1005325629A4206D895425C
:10B5900001D39D4204D911B0BDE8F08F9542F8D394
:10B5A000256111B0BDE8F08FB2F5405F05F10105EE
:10B5B000A4D94FF44058A3E7B0EB530F99D2002918
:10B5C00018BF0A46B907A26196D5EDE7002301F03E
:10B5D0000201A36101F0FF0200298DD001359846D8
:10B5E0008EE7052284F8802093E7092284F88020E2
:10B5F0008FE700BF30B5846985B0054694F8803088
:10B60000052B21D0092B1FD0022B09D0002310219C
:10B610001A46FFF759FF4FF0FF33A36705B030BD5F
:10B62000236A0DF1070202A9013B2362FFF788FAA2
:10B630009DF8073002AA28461221FFF745FF4FF078
:10B64000FF33A36705B030BD226A002328461121CD
:10B65000551E1A462562FFF737FF4FF0FF33A367E9
:10B6600005B030BD027B32B18269936F591C02D0A4
:10B67000013B936703B17047FFF7BCBF38B5FCF7D8
:10B68000F1FF0A4B1D686DB12846FFF7EBFF6C6AAE
:10B690002CB12046FFF7E6FF2468002CF9D12D6875
:10B6A000002DF1D1BDE83840FCF7E4BF98610020DF
:10B6B0002DE9F84305461446894603F002078669DA
:10B6C000DDF82080FCF7CEFF2846B7FA87F349461D
:10B6D00050F8342F5B09A24228BF2246FEF7A0FF94
:10B6E000044607BB336CB28B0344B3EB420F3364A5
:10B6F00022D32B7B032B13D054B3B8F1000F0AD005
:10B7000040460C2205F15401FFF7F2F81CB9D6F8B7
:10B7100084301B0728D4FCF7ADFF2046BDE8F88332
:10B720002846FFF767FF002CE7D12B7B032B0FD1B7
:10B73000B8F1000FEBD0E3E7B268B3EB520FD8D209
:10B74000B269002AEFD1002BD3D1002CEDD0D4E781
:10B750006FF01304FCF78EFF28462146FEF784F9AC
:10B760004FF0FF30BDE8F8836FF01904F2E700BF37
:10B770002DE9F843856907468946EC682A6AD5F8B9
:10B780008400AB6AC4EB020820F04001B3EB08046C
:10B79000C5F8841068D42B6BA98FC8EB03037A6CAF
:10B7A000B3FBF1F3C8EB020803FB01F34445A8BF68
:10B7B00044469C42A8BF1C46002C49DD0026A142FD
:10B7C0003ADDEB6AB4EB530F2EDCD5F88430DA06A1
:10B7D0002AD4E9682A6A914202D097F8802072B18F
:10B7E000A219904563D0696FAA6C481C01D09142A0
:10B7F00001D92A656A6743F04003C5F8843086B3EF
:10B8000095F86030002B37D12B6A002101226B6143
:10B81000E96785F860204FF0FF322B6F93426A672B
:10B8200040D00120BDE8F883264438462146FFF782
:10B830004DFD002EE4D114E03846FFF747FDA98FF7
:10B84000641A0E44002CDADDB9F1000FB7D0D6E748
:10B8500097F850302BB1B8F1000F02D110F004036B
:10B8600018D00020BDE8F883224498460223002423
:10B870002A6285F860308EE7022BCCD16A692B6A88
:10B88000511C02F10052914217D99942BDD99A42F6
:10B89000C1D3BAE71A4638461121FFF715FE2B6FC0
:10B8A0000133BED1AB6C01202B67BDE8F883214684
:10B8B0003846FFF70BFD4646A1E79942E7D9AAE7CC
:10B8C00038B5037B032B25D10D460446FCF7CAFE91
:10B8D000AA0702D594F8503043B1EB0702D594F88B
:10B8E000403063B1FCF7C6FE002038BD0121204680
:10B8F00084F85010FFF73CFFEB07F3D5EFE704F1B6
:10B900003400FEF727FD012384F84030FCF7B2FE37
:10B91000002038BD6FF01301FEF7A6F84FF0FF309E
:10B9200038BD00BFCB682DE9F04F0546846985B06E
:10B93000986817468846F9F70DFC95F88D20D8F8D9
:10B940000C308146012A93F80DA00CBF6A6F4FF0AE
:10B95000FF32A2663A68500701D50122A267E1686A
:10B960004FF0FF328945626600F0DE800023C1EBB4
:10B9700009016E6C63648E42236BA84A28BF0E4691
:10B98000934215D8A26B934200F2EB8099198A4238
:10B9900080F0E181616B2263194413468A1A3244B4
:10B9A00062639A4204D3A18FD21A0B446263236369
:10B9B000314605F14C00FDF7CBF9236A696C5A1C3E
:10B9C00003F10053891B9A426964C4F80C9045D96D
:10B9D000914501D2994501D8C4F82090636913F1CB
:10B9E000005259D2994506D3914504D894F8603055
:10B9F000012B00F09981D8F80C30D8F8142003F10D
:10BA00000C00D4F88410090749D503784FF00109D8
:10BA10001B09B2EB830F3B6802D943F002033B6082
:10BA20001B0702D41AF0080F02D02846FFF7E2FDE8
:10BA3000D4F884102846C1F3C011FFF799FE3B6883
:10BA400010B143F001033B60A26A52B96A6C42B183
:10BA5000626F013200F09580226D08E09145B9D205
:10BA6000BCE7D4F88420560602D44FF0FF32626758
:10BA7000226AE16891420CBF4FF0FF32A26C13F0D2
:10BA8000090F226704D1980702D52846FFF7B2FDB7
:10BA9000484605B0BDE8F08F9945A5D3A6E7CDF897
:10BAA0000880017893F80D8009094FEA81099145D2
:10BAB0005BD0AE695868F9F74DFB736A98427068BD
:10BAC00062D0029BB1685A6902448A427FD83A68C0
:10BAD000316842F002023A60002900F06A814FF0BA
:10BAE00000090391DB685868F9F734FB029B00F109
:10BAF0000108DB685868F9F72DFB039B00F1005B38
:10BB0000DB685868F9F726FBD8456CD8804501D822
:10BB100083456AD2DDF80C90D9F80430002B00F090
:10BB2000FF800393029BDDE7266AB14524D06A6C4F
:10BB300012B3197B03F10C00D8F814200909B2EBF9
:10BB4000810F7FF45EAF1AF0030F7FF45AAF616C80
:10BB500001F1010EBEF1030F00F04381C4F844E08F
:10BB60004FE7626B324462631BE718F0210FA0D1EC
:10BB70003B684FF0010953E703F10C00D8F814209B
:10BB80003FE7A26C226572E700289AD118F0010FF6
:10BB900040F01481494602A8FDF7DAF8029B002B19
:10BBA00000F00981726A19465B694FF00009E86B81
:10BBB00013447362FDF780F9029B6A6B59693B6815
:10BBC0000A44E86343F004036A633B6028E7DB68E8
:10BBD0005868F9F7BFFA736A9842029B3FF477AF4F
:10BBE0004FF0010910E0804592D8B9F1000F00F044
:10BBF0009480029BC9F80430039A5A6071684FF030
:10BC000000095A690A447260DB685868F9F7A2FAB9
:10BC1000D6F824B058453ED03B6801E7FFFFFE0F41
:10BC2000834565D84868F9F795FA32680190D2687B
:10BC30005068F9F78FFA32687168D2F814E0D36867
:10BC4000CEEB010C516893F80C8003924FEA181860
:10BC500086E802100021AEEB880851608044597BD1
:10BC6000C9077CD4D268042303A8117B090913FBFC
:10BC700001B1019BC91AFDF76BF8039A42B16B6BD6
:10BC800011465269E86B13446B63FDF715F9E863DD
:10BC9000C346C6F824803268002ABDD0D2685068F6
:10BCA000F9F758FA32688046D2685068F9F752FAC4
:10BCB00000F1005080452DD8D845ADD85845ABD3BC
:10BCC00032680BF10058D2685068F9F743FAD6F899
:10BCD00000E0C345DEF80C10DEF8142091F80CC02B
:10BCE0004FEA1C1CA2EB8C02104499D8834501D862
:10BCF000804597D2DEF80430704672685969CDF8F5
:10BD00000CE0521A33607260FCF78EFF3268002A32
:10BD1000C4D181E7D845D1D8D2E7029B33606BE725
:10BD2000029BC9F8043069E7A26D4AB3E06FA0EB4B
:10BD3000D2000244002A39DDD108A26580EAE0720F
:10BD4000E36DA2EBE072A2EB93021A44002A1DDC21
:10BD50000122E2651BE00B46626B216321E69868D5
:10BD600008F10108F9F7F6F9A969024605F10C0096
:10BD7000FFF75EF83968039A41F00801396071E70E
:10BD8000E26F0132D3005200D908A365E265D8F80A
:10BD90000C300A4400264FF0FF31A26403F10C007E
:10BDA000D8F8142084F86060E1672AE60021A365D2
:10BDB000C4E7336022E799463B6831E6029BDB68C3
:10BDC0009868F9F7C7F9A969024605F10C00FFF771
:10BDD0002FF8726A3B68013243F0080372623B60DD
:10BDE000D8E6236B0231A26A61649342A18F8CBFB3
:10BDF00053085B084A00A3639A4201D91346A26321
:10BE000023632846C4F82090FFF760FA3B684FF0A0
:10BE1000FF3E022143F00102D8F80C30266203F104
:10BE20000C003A60C4F87CE084F86010D8F8142064
:10BE3000E7E500BF2DE9F0471446564A064694420E
:10BE400000F29980027B032A62D114B92046BDE832
:10BE5000F087994688468769FCF704FCB56CD6F8EC
:10BE600044A0FDF7A1F840F6C90398425FD9CAEB98
:10BE70000502824256D8944233D819F0040F35D0C7
:10BE800096F88C3093BB012386F88C30D7F8843039
:10BE90009442404628BF144643F0800301222146C5
:10BEA000C7F88430FCF75CFD0546002866D04FF0EB
:10BEB000010806F1440929464846FEF765FB0028BB
:10BEC00052D1BB6AE3BB7B6F013349D0B8F1000F9D
:10BED00002D0002386F88C30FCF7CCFB2046BDE86E
:10BEE000F08722B319F0040F4AD11446D7F88430F2
:10BEF0009442404628BF144643F080030122214665
:10BF0000C7F88430FCF72CFD054630BB0446E3E758
:10BF10006FF013014FF0FF343046FDF7A5FD2046CA
:10BF2000BDE8F0878442024628BF0446A5E7FCF737
:10BF3000A1FB00248AE701213046FFF719FC28B154
:10BF4000337B032BF7D04846FEF704FAD7F884304A
:10BF500023F08003C7F88430B8E74FF00008A8E763
:10BF6000BB6C3B657B67B1E728460024FCF73EFDD0
:10BF7000FCF780FB6AE76FF00501CBE70446A8E712
:10BF800096F88C30002BB0D10123144686F88C3003
:10BF90007CE700BF0000FF0FF0B5054685B00846FE
:10BFA0000C46FEF7D1FB00284DD001462046FEF797
:10BFB000A9FB00283AD12046FEF794FB002835D192
:10BFC0002846224FAE69FEF7E7FD02A90DF10702F0
:10BFD0002846FEF7B5FD3A6805F15403511C32625C
:10BFE000316194E8070083E80700FCF73BFB02AAF5
:10BFF0009DF8073002212846FFF766FA0446F8B993
:10C000000122022386F880202B73FEF77FFD3B6818
:10C01000B16C1E2203F57A43316753FA80F0F26661
:10C020003860FCF727FB204605B0F0BD6FF00E042A
:10C0300028462146FDF718FD4FF0FF3005B0F0BD52
:10C04000FCF718FBF4E76FF00F04F1E798E4002029
:10C050002DE9F04F8BB0DC6807460E460AAD149808
:10C06000904645F81C3D247BFCF7DEFD284624095C
:10C07000A4002146FCF7FAFD013008D0039883693B
:10C080009B060BD539463046FEF73CFBD0B10399F1
:10C090000846FCF7C9FD0BB0BDE8F08F828A4FF46B
:10C0A000C061FAF7CDFFB8F8003008F1080206F1D8
:10C0B0000801012B14BF10230423FAF7D9FF00282D
:10C0C000E5D1DFE73046FEF70DFB03990028DFD10D
:10C0D0004B699C42DCD8CB68404639461A8872804E
:10C0E0005B88A8F80230FEF70DFB18B94046FEF752
:10C0F000F9FA50B1039943460096002001F1140269
:10C100000C31FFF793F90399C2E741463046FEF739
:10C110001FFE0546002800F00181037B042B00F080
:10C12000F380039B0022AC69D9685A604868079283
:10C130000693F9F70FF8069B0746DB68986893F8B3
:10C140000CB0F9F707F88146069894F88020C36888
:10C15000012A5B7B03F03F0A62D0032A60D0022AE7
:10C1600072D0616A07F1010E07F100524FEA1B1B02
:10C1700096454FEA8B0B00F2B9808E4528D88A424B
:10C1800026D3426901F1005E481CCBEB02027045E8
:10C190003A4400F2BF80904227D8964525D3CF1B62
:10C1A00006A8594602933A46FCF7D6FD029B9A062A
:10C1B00000F1C280069B676ADA6838460292F8F797
:10C1C000C9FF079B029A43F002035060616A07931C
:10C1D000A3691944481C01F10052904209D8B842A1
:10C1E00000F28880BA42C0F085802846FFF702FA44
:10C1F0004DE7B842F9D9BA42F7D2069B5B69CBEB5F
:10C2000003033B44984201D99A427AD3C91A06A83B
:10C21000FCF79EFD079B94F8802043F002030793F0
:10C220000AF01403142B36D01AF0040F1AD0012A86
:10C230003FF42DAF032A3FF42AAFEE23284685F8BA
:10C240008530FEF76BFE22E794F88110012988D132
:10C2500013F0020F616A85D001F1FF3E774581D16D
:10C260005B07EAD40AF0020303F0FF0BABB3022A28
:10C2700072D0032A16D0012A14D0069905F16C0059
:10C280004346009601F114020C31FFF7CFF828461F
:10C29000FEF744FEFBE6012AC6D1236A99457FF4E6
:10C2A000F6AECAE70AF0100303F0FF0A002B00F015
:10C2B0008280002A00F0A580022A40F29180032AA1
:10C2C00040F09F8006994346009605F16C0001F10D
:10C2D00014020C31FFF7AAF8D9E6012A01D0032A8B
:10C2E000E0D11AF0100F3FF4D2AEEBE78E453FF6E7
:10C2F00046AF46E7069B5B69CBEB03033B449842A2
:10C3000082D994F880208BE70C2231465430FEF716
:10C31000EFFA06E790423FF640AF40E70399CB685B
:10C320005B7B5C073FF5B4AE01F114020096434617
:10C330000C31FFF77BF8AAE6069A0293D268508A7E
:10C34000F8F704FF8742029B4ED9069A03F01F0AB2
:10C35000D36883F80DA02DE794F88130012B8CD1A0
:10C36000636A013B9F4288D10AF0100303F0FF0A81
:10C37000002B3FF43AAF236A9945A3D1069BDB68B3
:10C38000D889F8F7E3FEA062A36AE26A9A4238BF4E
:10C39000E36294F88030013B092B00F2C181DFE8B1
:10C3A00013F06A01BC00AD009E007B009E009E0061
:10C3B0006E0066004700022A3FF417AF032A02D03E
:10C3C000012A7FF464AEBBF1000FD7D1069BDB6876
:10C3D000D889F8F7BBFE94F83E309840A062D3E7C6
:10C3E000236A9945EFD06DE7069BDB68588A029374
:10C3F000F8F7ACFEC01B80B2F8F7A8FE029B58828B
:10C40000D8E6E26823699A420FD8914501D399454D
:10C41000D9D95A1C03F100539A4225D89145FFF40B
:10C4200036AE99453FF633AEDFE69145EFD3CAE726
:10C4300006994346009605F16C0001F114020C3197
:10C44000FEF7F4FF95F84030002B3FF420AE6B6B05
:10C45000002B3FF41CAE012605F13400FDF77AFFF6
:10C46000012E7FF418AE12E69145DAD3BDE6236AB9
:10C4700099457FF40CAE2846FEF750FD07E6236A87
:10C480009945DFD14FF0FF330A21302284F8801024
:10C49000E2662367A366D5E707AA06992846FFF751
:10C4A00041FA226AE36806469A421FD095F8403066
:10C4B000002BD5D06B6B002BD2D0CDE72C6B29464F
:10C4C000226A04F11C00A36A013A01332262A362CA
:10C4D000FDF7E6FA294604F12400FDF7D1FA07AA90
:10C4E00006992846FFF71EFA0646DFE794F88030E3
:10C4F000052BDBD1062384F88030D7E7296AAB6AA5
:10C50000EA6A0B44934222D30C2105F15400FEF752
:10C5100079FA0023A362E36294E7032194F881206F
:10C520004FF0FF3304208A4284F880002973C4F856
:10C530000C90E3662367C1D0BBF1000FCFD095F814
:10C540008D30012B7FF47EAF6B6FA3667AE72846B0
:10C55000FDF7A6FB82460C2105F15400FEF752FAC6
:10C56000BAF1000F00F082800C2241460AF160000F
:10C57000FEF7BEF98820FCF701FD8146002850D067
:10C58000CAF818005046FEF707FB2B6AA26A002083
:10C59000E16A0133C9F828200137C9F82C10514647
:10C5A000A062E06205F11C00614C2B62CAF83050B9
:10C5B000FDF766FA22680223C9F82470511CC9F8F5
:10C5C00020200322DAF81800C9F810108AF80C307D
:10C5D000069989F8803089F88120FEF757FCDAF84F
:10C5E0001830D3F8842012F0200207D199689A7786
:10C5F000B1F5405F02D94FF440529A60998FB9F873
:10C600003C201963AAB9069905F16C0043460096CF
:10C6100001F114020C31FEF709FF5046FEF77EFCD3
:10C6200010E75046FCF79AFCC4F82890C4F82C9008
:10C6300008E70DF11702504608A9FEF781FA08AA8B
:10C640009DF8173012215046FEF73EFFFEF75EFAC6
:10C6500023681E21D9F8482003F57A43C9F86C10E5
:10C6600053FA80F0C9F870202060EBE6C4F828A0E7
:10C67000C4F82CA0E6E601376762BAF1000F2BD0B0
:10C68000C4F80C900699A869FEF700FCAB69D3F8D2
:10C69000842012F0200207D199689A77B1F5405FA3
:10C6A00002D94FF440529A60998FA28F1963002AE1
:10C6B0003FF4E3AD4FF0FF3328462367E366FEF710
:10C6C00099FF95F88D3004210322012B84F8801006
:10C6D0002A737FF4B7AE37E7A36C06992367A8697E
:10C6E000FEF7D4FBAB69D3F88420970608D49A6888
:10C6F00083F81EA0B2F5405F02D94FF440529A6011
:10C70000998FA28F1963002A3FF4B7AD022201234B
:10C71000284684F8802084F88130FEF76BFF91E68C
:10C7200095F840300126002B7FF4C4AEAFE400BF83
:10C7300098E40020037B8BB3826992F880300A2B47
:10C740002CD0012B2AD0022B30B58FB027D0D16846
:10C7500004230022079108928DF8243000F16C0325
:10C7600004460EAD00F160010C2201A845F8383DE9
:10C77000FEF7BEF804F154010C2204A8FEF7B8F845
:10C7800000232846ADF82630ADF828300B938DF8FD
:10C7900030300D93FEF7CCFC0FB030BD7047516ABE
:10C7A00014230022089107928DF82430D6E700BFA9
:10C7B000037B042B10B504460BD0FFF7BBFF2046CC
:10C7C000BDE81040FEF7AABBFFF7B4FFE069FEF733
:10C7D000A5FBE0690028F7D1606A0028EFD0FFF7D9
:10C7E000A9FF606AFEF79AFB606A0028F7D120462D
:10C7F000BDE81040FEF792BB037B042B70B50446E6
:10C800000D460ED08669FEF7C7F9002303210422E6
:10C81000E562E3650020A4F8563086F880102273A4
:10C8200070BDFBF71FFF03E03BB1E069FFF7C0FFFE
:10C83000236AA26A99188D42F6D3954205D2606A9E
:10C84000FFF7B6FFA36A9D42F9D3E562FBF712FF3B
:10C85000002070BDF8B5FBF705FF154B1C68B4B19F
:10C860000027A5692668D5F88430DB0713D4237B1D
:10C87000042B14D0286828B14468FCF7D5F9204669
:10C88000002CF9D16F602F603446002EE9D1BDE84D
:10C89000F840FBF7EFBE2046FEF740FBF4E7E06907
:10C8A0000028F1D0FFF784FFE0690028FAD1EBE718
:10C8B0009861002038B5037B8569002B40D090F843
:10C8C0008E300446012B28D0FBF7CCFE237B032BB4
:10C8D00029D194F85030002B4AD0FBF7CBFEFBF760
:10C8E000C1FED5F88430227B43F00103C5F88430C3
:10C8F000002A39D095F880300A2B08D094F88E3071
:10C90000012B27D03023EB66012384F84030636B82
:10C91000ABBBFBF7AFFE002038BDD0F88830002B52
:10C92000D2D1FBF79FFED5F88430204643F00103B7
:10C93000C5F88430FFF73CFFFBF79CFE002038BDB4
:10C94000D5F8843043F00103C5F88430FEF7E6FAE9
:10C95000002038BDD4F88830002BD3D00A4AA2FB7F
:10C9600003235B09EB66CFE72046FEF7D7FAD0E753
:10C970000121204684F85010FEF7FAFEADE704F1DD
:10C980003400FDF7E7FCC4E7D34D6210037BF3B13D
:10C990002DE9F043856991B004466B6E5E1C02D0B0
:10C9A000013B30D06B66EB6E581C12D0013B0FD1AF
:10C9B000D5F884304FF0FF32D907EA6633D595F8C1
:10C9C00080300A2B29D02046FFF7F2FE18E070478E
:10C9D000EB662B6F5A1C02D0013B2FD02B67A96E40
:10C9E0004F1C02D04E1E72D0AE66696F481C02D03A
:10C9F00001394FD06967EB6F5A1C01D00133EB67E7
:10CA000011B0BDE8F08390F985304FF0FF32183354
:10CA10006A6602D0EF2380F885302046FEF77EFA62
:10CA200011B0BDE8F08394F9853013F1180FF4D0FC
:10CA30000933F2D0E92384F88530EEE795F88030A9
:10CA40004FF0FF32012B2A6700F0A880022B40F044
:10CA5000B6802B6A0DF10702204602A9013B2B622A
:10CA6000FEF76EF802AA9DF8073012212046FEF765
:10CA70002BFDEA68696DAB6C9142E86C00F0CE80EA
:10CA8000EB646A65782BA9D05B00782B88BF78238C
:10CA9000EB64A3E7A6694FF0FF32B36A6A67002B25
:10CAA0006CD120460121FEF711FC326A336D013A48
:10CAB000782B326204D05B00782B88BF78233365F3
:10CAC000726E7367013296D13023736693E74FF02D
:10CAD000FF33A76931460120AB66FBF7F5FE8046C0
:10CAE000002882D0A169636B8A68D31A00F19C8008
:10CAF0008869984209D28E8B191AB14205D2B1EBDE
:10CB0000520F02D2002818BF0346B97F0C2204F14D
:10CB10006C060DF14009CB400DEB020004F1600101
:10CB200049F8386D9EB2FDF7E3FE0C2204F1540182
:10CB300006A8FDF7DDFEFB687A6A4FF0100E591E5D
:10CB400000234846ADF82E600A92ADF830300D93C0
:10CB50008DF838300991CDF83C808DF82CE0FEF747
:10CB6000E7FA7A6EA36F561CBB6659D0E16F01FBE2
:10CB700003F39A427FF639AF7B6636E7D6F8843006
:10CB8000204643F01003C6F88430FEF7F1FDD6F8D6
:10CB9000843023F01003C6F884302CE72B6A0DF1A3
:10CBA0000702204602A9013B2B62FDF7C9FF02AA3A
:10CBB0009DF8073002212046FEF786FC59E7D5F89C
:10CBC00084306A6E23F004030132C5F884302DD01E
:10CBD0002A6B43F01003A96AE8688A42C5F88430DA
:10CBE000286288BF4A08A98F98BF52084800296365
:10CBF000AA63002190424FF0020288BFA8634FF061
:10CC0000FF3085F86020E8672046FEF7B1FDD5F8D3
:10CC1000843023F01003C5F884302AE7034631E757
:10CC2000E26F02FB03F3A7E733466EE730226A6642
:10CC3000CEE700BF38B5FBF715FD134B1D68B5B146
:10CC4000E86928B10468FFF7A1FE2046002CF9D15D
:10CC5000686A28B10468FFF799FE2046002CF9D1D4
:10CC60002C682846FFF792FE0CB12546E8E7FDF751
:10CC70004DFF064A136803F57A4353FA80F0BDE886
:10CC800038401060FBF7F6BC9861002098E4002063
:10CC900038B5104CFBF7E6FC206858B18269D2F831
:10CCA000843043F00103C2F88430FFF781FD20682F
:10CCB0000028F3D1084D094C286800F085F8206859
:10CCC00000F082F800232B602360BDE83840FBF7BA
:10CCD000D1BC00BF986100204CEB002050EB00203D
:10CCE000054B1B682BB11868B0FA80F04009404230
:10CCF00070474FF0FF3070479CE4002038B5054D79
:10CD0000286830B10468FCF729F92C602046002C13
:10CD1000F8D138BDA0E40020014B1B681B68184700
:10CD20009CE4002070B5FBF79DFC104B1C68C4B15F
:10CD30000F4D2E4601E024689CB12B681B68984774
:10CD40006368A268C01A9042F5D333681B6898479D
:10CD5000E3686060002BEED0206998472468002CBF
:10CD6000EBD1BDE87040FBF785BC00BFA0E400201C
:10CD70009CE4002008B5FDF79FFDFFF7D3FFBDE859
:10CD80000840FDF7A7BD00BFF8B5B0B1A9B1054691
:10CD9000142017460E46FCF7F1F8044658B1084B2C
:10CDA000084A196812680160126818609047A56007
:10CDB0006060E66027612046F8BD00242046F8BD8B
:10CDC000A0E400209CE4002080B1094B1A68904246
:10CDD00001D107E01A4613689842FBD1036813603B
:10CDE000FCF7BCB802681A60FCF7B8B8704700BF1F
:10CDF000A0E4002010B403464024012000214FF499
:10CE0000006283F86C4083F86E00084683F86D106A
:10CE10009A649A635DF8044B704700BF38B50C46BE
:10CE20000546FBF71FFCE20708D4A30702D5012340
:10CE300085F85030FBF71EFC002038BD012305F1BA
:10CE4000340085F84030FDF785FAEEE72DE9F04F24
:10CE5000044687B0174698460D46109EFBF702FC25
:10CE6000A36CBB42C0F0AE80002E00F08E8028463E
:10CE700000223946FBF774FD8146002800F0A580AA
:10CE8000B4F86230002B77D018F0040841D1C346C3
:10CE9000706800B9606EFCF73BFB012182460820F8
:10CEA000FBF712FD002800F09380C5684946B4F8EE
:10CEB000622073882A806B80FBF7FEFF8146808AA0
:10CEC000F8F744F932880023A880012AAB71EB718E
:10CED00006D1BAF1000F6ED0DAF820309B0757D494
:10CEE000B9F814204FF488514846FAF7A9F825F804
:10CEF000060F3388012B12D0B8F1000F57D194F9E7
:10CF00008530002B55D1FBF7B5FB384607B0BDE89F
:10CF1000F08F012394F88CB084F88C30B8E7B268B5
:10CF2000002694F86D3002F0F00094F88CE0A16EC9
:10CF3000E0280CBF94F86E0094F86C000093112365
:10CF4000019050460595CDF80890CDF810E0039675
:10CF5000FBF710F9B8F1000F01D084F88CB000286D
:10CF6000CDD001462046FCF77FFDFBF783FB4FF059
:10CF7000FF3007B0BDE8F08F636904F16001186805
:10CF8000FCF760FEA4F862007EE704F154066EE749
:10CF9000D9F814105046FAF797FD0028A0D1D9F817
:10CFA0001830054643F02003C9F81830A1E70020E7
:10CFB000D3E70020D5E7B068FAF764FD8246002881
:10CFC0008AD18DE76FF00700CBE76FF00200C8E76A
:10CFD0004846FBF729FEB8F1000FF6D06FF00200CB
:10CFE000BBE700BF2DE9F0410F4686B00C21054696
:10CFF00090461C460DEB01000C9EFDF703FD95F9D4
:10D000008510C9B984F002044246394603ABC4F323
:10D01000400405F134000094FDF728FB04461EB1DE
:10D02000314603A8FDF78AFB631C03D0204606B0F7
:10D03000BDE8F0816FF007012846FCF715FD4FF0C1
:10D04000FF30F4E738B504460D46FBF70BFB0C2226
:10D05000294604F15400FDF74BFC032304F134008E
:10D060002373FDF777F9FBF705FB002038BD00BF00
:10D0700010B50446FBF7F6FA03482146FDF77EF9A2
:10D08000FBF7F8FA002010BDBC61002010B5054C7C
:10D09000216829B10348FDF771F921680029F9D108
:10D0A00010BD00BFBC6100202DE9F04383B00193A7
:10D0B000002B60D0064600285DD00F4601A808214D
:10D0C0001546FBF7D3FD013055D0019BDC68A088E5
:10D0D000F8F73CF8019B8046596988424BD8C0F06C
:10D0E0009480E38823B1019883699B0640F1AC806A
:10D0F000A27801A894F803E008212378647842EA32
:10D100000E2243EA04236A807B80FBF721FE31462E
:10D110002846FDF7F7FA00287CD05B4B1C6854B317
:10D120004FF0000801E02468FCB1B4F862206B887D
:10D130009A42F8D12846FDF7D5FA002846D02B8828
:10D14000012BF0D1D4F890100029ECD04A68AB68DC
:10D150009A42E8D10B689E42E5D1B8F1000F02D0A7
:10D1600098F84030E3B1A046DDE7B8F1000F02D0F7
:10D1700098F8403043B10A98FBF756FD0198FBF749
:10D1800053FD03B0BDE8F0833A4608F1340001993D
:10D19000FDF718FA0130EED00A98FBF745FDF0E7ED
:10D1A00019464FF0FF320198FBF794FC81460028A6
:10D1B000D9D008F134003A464946FDF703FA013068
:10D1C000D1D14846A046FBF72FFDACE704F160093A
:10D1D0004846FDF7A1FA28B948462946FDF7A8FABE
:10D1E0000028A0D004F154094846FDF795FA00281C
:10D1F000B3D148463946FDF79BFA002893D0B4F8DE
:10D2000056207B889A428ED1A7E7411A01A8FBF7E6
:10D210009FFD66E72846FDF765FA00287FF47DAF9D
:10D22000194811233A4629460068FCF78FFCF0B1F3
:10D2300090F84030002B9ED13A4634300199FDF7EA
:10D24000C1F9013097D0A7E742464FF48851F9F76A
:10D25000F7FE2B8805F1080207F10801012B0CBF2E
:10D2600004231023F9F704FF002884D140E7019834
:10D27000FBF7DAFC2B88012B83D1032230460A9B73
:10D280001146FAF731FA7CE7BC610020002A18BF8A
:10D29000002B41D000293FD001382DE9F04108286A
:10D2A00006D8DFE800F007303333303005053600AC
:10D2B000BDE8F0816FF0070718480468002CF7D02C
:10D2C00015468846DE6802E02468002CF0D0294626
:10D2D00004F15400FDF72CFA0028F5D0B4F85620DC
:10D2E00073889A42F0D1B4F8622033889A42EBD125
:10D2F000414604F16000FDF71BFA0028E4D084F8F1
:10D300008570BDE8F0816FF01707D5E76FF0110762
:10D31000D2E76FF00807CFE7704700BFBC6100207D
:10D32000B0F84630B0F848209BB292B2934202D295
:10D33000501EC01A7047406B01381044C01A704725
:10D3400072B6B0F84A30B0F84C2099B293B2994214
:10D3500001D2826B11440269CB1AD06AC0F3026019
:10D36000184462B6704700BFB0F84A20B0F84C309D
:10D3700092B29BB29A4270B428D00133846BA3421C
:10D3800017D2016B9EB28B4218D2016AC95CC9B236
:10D39000856DA0F84C60B5B19A4238BF1219D31A06
:10D3A000C26B93420FD8C36D0846C5F8883070BC75
:10D3B00070470026016B33468B42E6D3591A456A03
:10D3C000695CC9B2E4E7084670BC704772B6B0F851
:10D3D0004A1089B28A4202D062B60A46CDE7036992
:10D3E000DA6A12F0E06F04D0D869C0F3090062B6BF
:10D3F000DDE74FF0FF30FAE790F8443043B110B565
:10D40000044603F0A9FA94F84430002BF9D110BD7A
:10D41000704700BFB0F84A20B0F84C3092B29BB2CF
:10D420009A4210D00133816B026B8B4228BF0023DC
:10D43000934204D39B1A426AD05CC0B27047026A1E
:10D44000D05CC0B2704772B6B0F84A1089B28A4256
:10D4500001D062B6E6E70369DA6A12F0E06F11D034
:10D46000DB690021026AC3F3090310B40124A0F8A8
:10D470004A40A0F84C10D9B2517062B618465DF817
:10D48000044B70474FF0FF3362B61846704700BF39
:10D49000EFF31380B8B9EFF310834BB9EFF30582C4
:10D4A0003AB94FF48073EFF3118050B1984208D22B
:10D4B00070470F2AF7D9054BD35CEFF31180002892
:10D4C000F4D1184670474FF0FF30F1E7F0E300E089
:10D4D00007EE901A9FEDA47A0421B6EE005AF8EEFA
:10D4E000677A9FEDA26A2DE9F043C7EE275A0E46F0
:10D4F000012541F6FF741DE0A342A8BF234607EEB5
:10D50000903AF8EEE76A76EEC76AC6EE877AF5EEED
:10D51000C07AF1EE10FA48BFF1EE677AF4EEC67AFF
:10D52000F1EE10FA03D8B0EE676A0E461D460131DF
:10D53000212911D007EE901AF8EEE77A85EEA77A46
:10D5400077EE057AFDEEE77A17EE903A002BD3DC02
:10D55000F7EE006A0123D6E70021436902F4007464
:10D56000D0F83890B3F85C70B3F85E808C42A0F8C5
:10D570004A10C7EB0907A0F84C1008BF8C46A0F86A
:10D58000461018BF4FF0010CA0F8481080F8441066
:10D59000D3F810E05969DEF80040C76344EA01049B
:10D5A000C8EB09010164CEF8004080F81AC040F0D1
:10D5B000CE80047E6E4903EB04146E4F247E01EB93
:10D5C0000414A4682760047E03EB0414277ED4F8B7
:10D5D0001CE001EB07146468C4F800E0047E03EB70
:10D5E0000414276A0FB1646A3C60447ED92703EBB8
:10D5F000041494F8384001EB0414A4682760447EB6
:10D6000003EB041494F83870E46B01EB07114968DC
:10D610000C60417E03EB01110C6C0CB1496C216074
:10D62000711E5C785F68082E4FEA01614FF00006BA
:10D63000D8BF4FF4003E04F1100401F0F853C8BF06
:10D64000B64601691D434C4B4EEA05050D61CE609F
:10D6500043F824704369012448495D7893F85A30AF
:10D66000474E6B54456901696B7803F01F075B11E6
:10D67000BC4046F823408B6A9B0803F01C030F2B29
:10D6800060D85B1003F00303DCB28B6A9B0003F0ED
:10D690001C030F2B53D8DB0303F44033234302F066
:10D6A0000304CB628B6A43F088038B6253074BD42D
:10D6B00044F4701302F00F04042C847E08BF43F07E
:10D6C0008043970648BF43F080530CB143F0A0035A
:10D6D00016078B6103D50B6943F000530B614B694F
:10D6E000D40623F0805348BF43F080534B61D305E9
:10D6F00003D50B6943F400530B61EB681B78E3B966
:10D70000204E357865B3204C2368834226D0691EAD
:10D710002346C9B204EB810103E053F8042F904281
:10D720001AD08B42F9D16B1CDBB2184A33701378D4
:10D7300044F8250043F002031370BDE8F0834FF472
:10D740004033ABE70324A0E7114B2343B2E7447E09
:10D750004FF2D90706494AE7BDE8F083BDE8F083F8
:10D760000123094CE1E700BF001BB74BEC78AD602B
:10D77000040A002038F001000064002000E400E00A
:10D7800000E100E014F0002024E400203B630020CE
:10D7900010003C0010B4416299B1036B1A448263DB
:10D7A00044690021B4F85C30B4F85E40D31AA0F8A4
:10D7B0004A10121BA0F84C10C36302645DF8044BBE
:10D7C0007047026B8263EBE78162C36A39B11A4426
:10D7D00000234263A0F84630A0F848307047436306
:10D7E0000023A0F84630A0F848307047F8B5036D24
:10D7F00004460E4613B1426DC3F88420A37E33B1B4
:10D8000072B62269936943F00053936162B6B4F82B
:10D810004650636BADB201359D4249D2AFB2B4F808
:10D8200048309BB2AB4220D1FFF732FE6369B3F8B8
:10D830005A3098422DDC21694B691B02EFD5B4F8B0
:10D840004830626B9BB20133934227D2E26A98B2AE
:10D85000934228D2E269D35CDBB2CB61A4F84800E2
:10D86000B4F848309BB2AB42DED0E36A9D4222D38B
:10D87000ED1AF6B2A36A5E5572B60120226984F8E9
:10D880004400A4F84670936943F40003936162B6C0
:10D89000F8BDFF28C3DD03F05FF8C0E70020E26AAF
:10D8A00003469342D6D39B1AA26AD35CDBB2D4E779
:10D8B00000273D46B3E7F6B2E3695E55DCE700BFFB
:10D8C000FFF794BF0269536913F4401FF0B542D0CB
:10D8D000D36AC3F30265002D3AD0B0F84A70B0F8AD
:10D8E0004CE0BFB21FFA8EFE06E0026AD65402690F
:10D8F0006B1E13F0FF051AD0D1697B1C866BB0F844
:10D900004C40C1F30901B34228BF0023A4B2A34293
:10D91000EED0026BCEB21F469342A3EB0204E4D3D7
:10D92000436A1E556B1E026913F0FF05E4D1BBB2BA
:10D93000816DA0F84A3059B1774573D2836BCEEB35
:10D9400003031F44036C9F4202D3C36DC1F88430AC
:10D950005369DC0255D4D2F818E01EF4000F02D04F
:10D96000536919021CD41EF4800F48D053695B021E
:10D9700046D50021036D80F8441013B1416DC3F802
:10D980008810837E3BB172B60269936923F000531D
:10D99000936162B60269936923F480039361F0BDD9
:10D9A000B0F84650B0F84830ADB29BB29D422DD091
:10D9B000466BC46A0AE0C169C95CC9B2D161D16A67
:10D9C000C1F30221032912D8AB421FD001339E427A
:10D9D00098BF0023A342A3EB0401ECD3876A795CD0
:10D9E000C9B2D161D16AC1F302210329ECD999B23C
:10D9F000AB42A0F848100CD01EF4800FB6D1F0BD99
:10DA0000F0BD536943F480135361A4E7ADB2A0F8AD
:10DA10004850936923F400039361936943F48003AE
:10DA20009361A0E7CEEB07078CE700BF0148FFF743
:10DA300049BF00BFB85200200148FFF743BF00BFF5
:10DA4000185300200148FFF73DBF00BF7853002066
:10DA50000148FFF737BF00BFD853002070B5044618
:10DA60000D46C61D002308460A2214F8041F00F0C4
:10DA700027F92B682E2128461B68984714F8011FA8
:10DA800000230A22284600F01BF9B442F1D10420F9
:10DA900070BD00BF10B5144C236813B1134AD16890
:10DAA000E9B9636813B1124AD168A1B9A36813B187
:10DAB000104AD16859B9E3683BB10F4AD16829B11E
:10DAC0000121BDE81040D160184710BD10BD0121F3
:10DAD000D1609847EFE70121D1609847E6E701213F
:10DAE000D1609847DDE700BFE08C0020004108408E
:10DAF0001041084020410840304108400368F0B51B
:10DB00005BB3002501249D60DC60214D03241A6075
:10DB10001D449C601F4C03792D111F4F63552378C2
:10DB20006078FF2BA278E47828BFFF231B4E47F8CC
:10DB30002510834228BF034619489342C0F8286243
:10DB400028BF1346A34228BF2346164C4FF08061DE
:10DB5000154A012023701160F0BD144F4FF0010CE5
:10DB6000134EFC6EDFF850E0334644F44054114D40
:10DB7000FC66CEF800C006609C68002CC5D010334F
:10DB8000AB420360F8D1002303601846F0BD00BF2C
:10DB900000BFF7BFA8590020E08C002091E20000F0
:10DBA000006400207AE400E00CE100E000C00F40D7
:10DBB00000410840404108400040084002680AB364
:10DBC000114B12491344F0B51B11FF250024DFF857
:10DBD00044E0CD540E784D78FF2E94604EF82340EB
:10DBE00028BFFF268A78C978AE423346084F28BF3F
:10DBF0002B46934228BF13468B4228BF0B463B70EF
:10DC00000460F0BD704700BF00BFF7BFA8590020F7
:10DC10007AE400E0E08C0020F8B50E4671B17AB1EC
:10DC20000746144600253B68384616F8011B1B685A
:10DC30009847013C0544F6D12846F8BD0846F8BD92
:10DC40001046F8BD2DE9F0438C688BB0ECB100258F
:10DC5000064689462F462B46212201A9484600F058
:10DC6000B9FA202C2346306828BF202301A9D0F818
:10DC700004803046E41A1A461D44C0470744002C6D
:10DC8000E9D138460BB0BDE8F0832746F9E700BF7D
:10DC900010B5064C82B003680222248801A95B6893
:10DCA000ADF80440984702B010BD00BF4005002009
:10DCB000036810B514465B689847204610BD00BF46
:10DCC000F0B506468BB0002A33D0012A08BF0A22DD
:10DCD00051B3212500E0FDB26F1EB1FBF2F402FB4F
:10DCE0001411C8B2092900F1370100F1300088BFD2
:10DCF000C8B221460AAC98BFC0B22C4404F8240C28
:10DD00000029E8D133B1013D0AAB2D22EDB22B44FD
:10DD100003F8242C336801A9C5F1220230462944B6
:10DD20005B6898470BB0F0BD302221258DF8252087
:10DD3000E8E70368C9B21B6898470BB0F0BD00BFA5
:10DD4000002903DB00230A22FFF7BABF49422D2333
:10DD50000A22FFF7B5BF00BF38B5224C224A23681C
:10DD60005BB12249013B12680968C2F88C105A1D48
:10DD700008BF6FF00203236038BD1C4B1C4D1968AF
:10DD800012682B68C2F8881093B11A4AD2ED007A53
:10DD9000F5EEC07AF1EE10FA06D99FED177AF4EE9F
:10DDA000C77AF1EE10FA0ADD002223602A6038BD3E
:10DDB0001248FFF703FF124BFF221A7038BDF3EE33
:10DDC000086ABEEE007AA7EEA67AFCEEC77A17EED6
:10DDD000902A102AE8D90B490848FFF78FFE2B68D4
:10DDE000E2E700BFD8E30020E4E30020E8E30020FE
:10DDF000D4E30020ECE30020ABAA2A4D0858002011
:10DE00003363002055E50000362853D8F8B5002AC2
:10DE100049D002FB01F23D4BA3FB02239B095B00AF
:10DE20000133002943D007EE901ADFED396AF8EE8E
:10DE3000677A86EEA77A374902018C18676872B64E
:10DE4000DFF8F0E09EF80050854234D0362DDFF840
:10DE5000E8C0314D04D82E68DCF80040C6F8884090
:10DE60008E18B5EEC07A8A5805248EF80000F06846
:10DE7000F1EE10FA294EC2F888005168CCF8000083
:10DE800041EA000126482A60516033603C6080ED21
:10DE9000007A06D9DFED237AB4EEE77AF1EE10FAD4
:10DEA00019DD62B6F8BD6FF002030029BBD19FED0A
:10DEB000187AC0E770471A4AD2ED007AF4EE477A32
:10DEC000F1EE10FA18D115490A6802F00102013A80
:10DED00013440B60E5E7F3EE086AFEEE007AE7EE26
:10DEE000267AFCEEE77A17EE902A102AD9D90E4945
:10DEF0000E48FFF703FED4E708480D4C016882ED99
:10DF0000007A01F0010123600160CAE7D34D62107D
:10DF10000024F448040A0020E4E30020D8E30020B1
:10DF2000ECE30020ABAA2A4D55E50000085800207C
:10DF3000D4E3002033630020E8E30020362807D82C
:10DF400010B572B6094C2378834202D062B610BD78
:10DF500070470748FFF732FE064B074AFF211B6850
:10DF600012682170C3F88820F0E700BF33630020F7
:10DF700008580020E4E30020E8E30020024A0349B7
:10DF8000034803F07FB800BF50520020BD4D000091
:10DF900008580020F0B5194C23680BB31849DD1759
:10DFA000DFF868E083FB0167164E81FB0321DA1975
:10DFB0001944C5EB2242C5EB214144F2A7150EFBE3
:10DFC000123206FB01F105FB0213002B0FDA6FF092
:10DFD00000421A44B2FBF0F3226000FB1320F0BDB4
:10DFE000094AB2FBF0F3226000FB1320F0BD1A4691
:10DFF000B2FBF0F3226000FB1320F0BDDCE3002055
:10E000005F0B4E83ECF4FFFF42CE0C1F1DF30100AB
:10E01000884206DA10B50446081AFFF7BBFF204411
:10E0200010BD704710B50446006803F09BFA204607
:10E0300010BD00BF38B543688B4201D3012038BD05
:10E040000D4604460131006803F0C4FE0028F6D0F6
:10E05000A36884E82100002BF0D10370EEE700BF35
:10E06000F8B50446154632B9036803B11A700023A7
:10E07000A3602046F8BD0E461146FFF7DBFF0746BA
:10E0800048B9206810B103F06DFA276000232046DC
:10E090006360A360F8BDA5603146206804F0F0FA23
:10E0A000E7E700BF38B500230446036043608360A0
:10E0B000037341B10D46084604F044FB024629466D
:10E0C0002046FFF7CDFF204638BD00BF0023884221
:10E0D00010B50446036043608360037303D08A680D
:10E0E0000968FFF7BDFF204610BD00BF38B50C46DC
:10E0F0000546084604F026FB214602462846BDE8B0
:10E100003840FFF7ADBF00BF10B5002304468AB00A
:10E11000881C23606A466360A360237300F0C4FD1B
:10E1200030B101462046FFF7E1FF20460AB010BD9E
:10E13000A06020460AB010BD2DE9F8430F460368E1
:10E1400004461546BB4281680AD85A18974207D23E
:10E15000C3EB07094FF0010835B92046BDE8F88345
:10E160004FF00008002DF8D04E1920463146FFF739
:10E1700061FF0028F1D0B8F1000F0ED023682A46C5
:10E18000A06803EB0901184400F0CAFC23680022D0
:10E190009A55A6602046BDE8F88320683946A368F2
:10E1A000184404F06DFAF4E710B504468A6809686B
:10E1B000FFF7C2FF204610BD38B5054641B10C46F9
:10E1C000084604F0BFFA024621462846FFF7B4FF8E
:10E1D000284638BDBAB170B5B1FA81F464097CB98A
:10E1E00086689E420DD9F61A013A0D46016896429C
:10E1F0002846194428BF1646324604F011FBAC5598
:10E2000070BD0C7070BD70472A2817D8F8B51D4F27
:10E2100005463B78A3B91C4B5B5DFF2B21D01C0648
:10E2200021D41A4C2360236AD80704D402F094FB4B
:10E23000236AD907FAD5154B586AF8BD00207047F4
:10E24000124C134E01E002F087FBA36C1B06FAD4BC
:10E25000B36C13F08003F6D13B700B4B5B5DFF2B6F
:10E26000DDD10020F8BD03F07F03094C2360236A51
:10E27000DA0704D402F070FB236ADB07FAD5044BFB
:10E28000586AF8BD19F00020700E002000400C40C4
:10E2900000800C40964A974B90422DE9F043964CF3
:10E2A000D3F814E09969E6681CD9944B984240F27F
:10E2B0001581934B40F22765924F0344924C1A0A02
:10E2C000A7FB0232D30903EB830303EB830202F2C1
:10E2D000E243AB4228BF2B46A3F54873A4FB0335AA
:10E2E000ED0804E0894DA84294BF06250E25814A19
:10E2F00006F01F07D2F88030AF4243F0C003C2F8E7
:10E3000080300AD27C4B26F01F061A462E43DE6070
:10E310001368002BFCDA06F01F071EF0007331D1E2
:10E320007B4C7C4AD4F810C014460CEA0202A2428C
:10E330000ABF4FF0C0534FF4805200228EEA03040C
:10E3400014F0605F08D02EF0605E03F06053694CFB
:10E3500043EA0E0EC4F814E081EA020313F4405FAE
:10E3600008D0644B21F4405111431A469961936CD3
:10E370001C07FCD44EF0007E5E4AC2F814E0936C99
:10E380009906FCD40121644C0A4601FB02F300FB10
:10E3900003F3A34209D8072A00F29580013201FB5A
:10E3A00002F300FB03F3A342F5D95C485C4C18442C
:10E3B000A4FB00031B0D6C2B00F28B80352B00F2AD
:10E3C0008F80DFF8888136235648DFF844C1564CE9
:10E3D000DCF80090B0FBF2F009EA04044445B0FB1D
:10E3E000F1F00BD043F400534FF480586446CCF85E
:10E3F0000080CCF800302368002BFCDADFF8F4C092
:10E40000013ADCF8103003F00703934207D002F022
:10E4100007026446CCF81020A36CDB03FCD401395E
:10E4200089028EEA010313F4E05F0CD0314B2EF425
:10E43000E05E01F4E0511A4641EA0E0EC3F814E022
:10E44000936C9907FCD4394B39490344DB09A1FB90
:10E450000331090B042928BF04214B1E1B028EEA3D
:10E46000030212F4407F07D02EF4407E03F4407381
:10E47000204A43EA0E0353611E4B5C691A4624F09E
:10E4800000745C61936C9B06FCD42A4B4FF0FF3206
:10E49000294CBD42A3FB00E320604FEA9343274C85
:10E4A000B2FBF3F3B0FBF1F1254A2160136008D20F
:10E4B000114B26F01F061A462E43DE601368002B10
:10E4C000FCDABDE8F08304293FF66FAF0131012289
:10E4D0005BE7DFF87C806C231A4876E7122506E7B5
:10E4E0001948DFF8708000FB03F043EA08086CE786
:10E4F00000A4781F00C00F40000008400046C3235E
:10E5000000BA3CDC23B24C001F85EB5100366E0193
:10E5100000800D4040300080FFB19F26808D5B0061
:10E52000819F5E1600B29F267F3001807FD1F00868
:10E530009F10E50083DE1B438452002080520020A0
:10E5400020ED002000643F4D001BB7003620008006
:10E550006C20008000200080002857D001222DE987
:10E56000F04F85B083462A4C2A4D2B4EDDE90289B7
:10E5700054E8003F2868336844E800210029F7D1B7
:10E58000264FCDE902893A68D31A254A4FF47A7E9C
:10E59000019712680127A3FB02234FF47A72984671
:10E5A00000238B4208BF42452CBFC246F2460EFBF9
:10E5B00000AA54E8003F2A68316844E80073002B41
:10E5C000F7D101980068411A15484FF47A7E006827
:10E5D0000EFB02F2A1FB00014FF47A70CAEB0202BB
:10E5E00088460021994208BF40452CBF43467346E8
:10E5F0001A44724507D3BBF1010B0AF57A7AD8D1D8
:10E6000005B0BDE8F08F02F0A7F9D2E7704700BF70
:10E61000ACF10020E0EF0020DCEF0020041000E06F
:10E6200020ED002000010F4B1A181B5810B4D068C1
:10E630005C68044205D059B1C3F884005DF8044B0E
:10E640007047936849B9084A5DF8044B1A607047EF
:10E65000C3F888005DF8044B7047044A5DF8044B2A
:10E660001A607047040A00203830010038F00100B9
:10E670000001054B1A5819189268CB681A4214BF4A
:10E6800001200020704700BF040A0020362801D86E
:10E69000FFF7C8BF704700BF362801D8FFF7E8BFB3
:10E6A0000020704736281CD800011A4A012902EBC5
:10E6B0000003105810B415D0042913D0DC68426848
:10E6C00022EA040242609A68E9B102291ED00329B5
:10E6D0005B685DF8044B0CBF0F49104911601522AF
:10E6E0001A607047DA680129446842EA040242600D
:10E6F0009A6808D040F6380111605B6815225DF811
:10E70000044B1A60704738211160F6E70449116024
:10E71000F3E700BF040A0020383001003800010090
:10E7200038F00100F0B4144B0021144C01201A46BB
:10E730000F46C3F8F0421D46114E124CC3F8F412B6
:10E74000C2F8B800C2F8A070C2F8A460C2F8B00065
:10E7500053690949DB07FBD568612378DB07EFD4F0
:10E760000B680A4643F001030B601368DB07FCD417
:10E7700062B6F0BC704700BF00802A400504012447
:10E7800001000F0000812A4070B40E4E4FF6FF7555
:10E790000D4CA4F58053002202E09C4282B204D9C1
:10E7A00033F8021B501CA942F7D104F5805426F817
:10E7B000022FB4F1C14FECD1044B01221A7070BC8E
:10E7C000704700BF22ED002000107C6023F0002085
:10E7D000F8B541F2BB03984201D9FF20F8BD184BB0
:10E7E00005461B7843B3AC081649174B05F00300E8
:10E7F000A4FB0167154EA1FB0421E21B651A07EB80
:10E80000520201EB550552096D09C2EB821240EA32
:10E810008505A21A134436F812401B0303EB440487
:10E82000A342DAD2FF2033F8022BD1B28D4208BFC7
:10E83000100A9C42F7D8F8BDFFF7A6FFD3E700BF48
:10E8400023F0002005411004C007060024ED00203D
:10E85000F8B50E46154672B6314A0024314F0223F0
:10E8600040F206414FF4702E97610127D36120F0EA
:10E870001F03C2F8A040C2F8F0124119C2F8F442D6
:10E88000C2F8F842C2F8FC42C2F8A4E0C2F8B07084
:10E89000BFF34F8F244A136020339942FBD8BFF354
:10E8A0004F8FBFF36F8F1E494B691D4ADC07FBD5A5
:10E8B000ABB201211D4C20F07F4043F4702342F2A3
:10E8C00001275161C2F8F0421446C2F8F472C2F84E
:10E8D000BC10C2F8A000C2F8A430C2F8B01001E029
:10E8E0005B060AD463690E4A13F00101F8D0412394
:10E8F0005361BDE8F840FFF715BF082D4FF008023F
:10E9000006D9083D31460A48164400F009F900E0EE
:10E9100015B940236361E5E72A460D46F2E700BFDB
:10E9200000802A40F05AF05A5CEF00E032041808E8
:10E9300080812A40F0B472B6224A0024224D02217E
:10E94000224B40F2064795614FF4702603400125A3
:10E95000D161C2F8F07203F58051C2F8F442C2F8F6
:10E96000F842C2F8FC42C2F8A040C2F8A460C2F863
:10E97000B050BFF34F8F164A136020339942FBD833
:10E98000BFF34F8FBFF36F8F0E494B690D4ADC0702
:10E99000FBD5104B0124104E4FF470250340114657
:10E9A0005461C2F8F062C2F8A030C2F8A450C2F8B4
:10E9B000B0404B69034ADB07FBD50123F0BC536130
:10E9C000FFF7B0BE00802A40F05AF05A00F0FFFF77
:10E9D0005CEF00E000F0FF002004180841F2BB03E8
:10E9E000984268D83E4B2DE9F04F1B78C3B08A4659
:10E9F0008146002B6ED04FEA99023A4B09F0030092
:10EA0000394DA3FB0213DFF8E480D71A03EB570755
:10EA10007F09C7EB8713B946D71A40EA89093D44F5
:10EA200038F817402D0305EB4400854255D22B469C
:10EA3000FF2633F8022BD1B2894508BF160A984247
:10EA4000F7D8B24534D0B4F5006F35D302AE4FF4E9
:10EA50008072FF21304603F0F1F805F580502A4618
:10EA600032F8023BD9B290424FEA13237354F7D8DD
:10EA70000024284606F809A00DF1070B2646FFF7EB
:10EA800059FF1BF8013F05EB460002220DF106017C
:10EA9000FF2B44EA032304F1010404D00136ADF84E
:10EAA0000630FFF7D5FEB4F5807FEAD128F817606D
:10EAB00043B0BDE8F08F704749EA0A29022202A953
:10EAC0000134ADF80890FFF7C3FE28F8174043B0B3
:10EAD000BDE8F08FFFF758FE8DE7FF26B1E700BFD6
:10EAE00023F0002005411004C007060024ED00209B
:10EAF00062B170B505461446084615F8011B461C60
:10EB0000FFF76CFF013C3046F7D170BD704700BF86
:10EB100008B5F2F725FAF2F761FF01F01DFFFAE7F9
:10EB2000844641EA000313F003036DD1403A41D318
:10EB300051F8043B40F8043B51F8043B40F8043BD7
:10EB400051F8043B40F8043B51F8043B40F8043BC7
:10EB500051F8043B40F8043B51F8043B40F8043BB7
:10EB600051F8043B40F8043B51F8043B40F8043BA7
:10EB700051F8043B40F8043B51F8043B40F8043B97
:10EB800051F8043B40F8043B51F8043B40F8043B87
:10EB900051F8043B40F8043B51F8043B40F8043B77
:10EBA00051F8043B40F8043B51F8043B40F8043B67
:10EBB000403ABDD2303211D351F8043B40F8043B07
:10EBC00051F8043B40F8043B51F8043B40F8043B47
:10EBD00051F8043B40F8043B103AEDD20C3205D317
:10EBE00051F8043B40F8043B043AF9D2043208D00F
:10EBF000D2071CBF11F8013B00F8013B01D30B8881
:10EC000003806046704700BF082A13D38B078DD05E
:10EC100010F003038AD0C3F10403D21ADB071CBF30
:10EC200011F8013B00F8013B80D331F8023B20F89A
:10EC3000023B7BE7043AD9D3013A11F8013B00F8D3
:10EC4000013BF9D20B7803704B7843708B7883705B
:10EC50006046704702F07EBCF0B44E1E0025374679
:10EC600000E00135B0FBF2F302FB130000F13704C2
:10EC7000092800F13000E4B298BFC4B2184607F882
:10EC8000014F002BEDD14A1953704DB1013316F8E5
:10EC9000014F1778E81A3770834202F80149F5DB13
:10ECA0000846F0BC704700BFB4EE400A80EAE0734B
:10ECB0002DE9F047F1EE10FA05461446A3EBE07398
:10ECC0002DED028BB0EE408A84B080F12381F0EE0E
:10ECD000C07A9FEDC67AF4EE477AF1EE10FA42DD83
:10ECE000B5EEC00AF1EE10FA4CBF042203229A429C
:10ECF00021DB0028C0F270810022B5EEC08AF1EE5F
:10ED000010FA00F14A8149254E204621E31C257066
:10ED10006070A170002A00F067811A44202103F876
:10ED2000011B9A42FBD100231046137004B0BDECC6
:10ED3000028BBDE8F0870028A3EB0202DDDA002A8F
:10ED400000F04A81A318202204F8012B9C42FBD139
:10ED5000B5EEC08AF1EE10FA40F1178100222D21A4
:10ED60005C1C1970CFE70F4602AA01A93846BA46C3
:10ED700002F058FBDDF804908046002F00F08780F9
:10ED8000C9F10003BB4200F3BC80404603F0DAFC4B
:10ED90000646B145B8BF0136B9F1000F00F0AF80AB
:10EDA000B9F1000F22DA0FB309EB0703BE1C83424F
:10EDB0001CD2002F06DDF2EE047ABAF1010A28EE29
:10EDC000278AFAD102AA5046B0EE480A03A902F0F7
:10EDD00029FBDDF80490039A7B1C8046C9EB0202F4
:10EDE0009A4203D109F10109CDF80490DDF808E059
:10EDF000BEF1000F5ED00136A81BA11900285EDC11
:10EE000022462D20531C1070B9F1000F6DD087B130
:10EE1000B9F1000F0DDA1A4630202E2702F8020B46
:10EE20005F70C9EB020302F8010B9A42FBD100228A
:10EE300001928B4220D25F1C98F8002008F1010853
:10EE40008F421A7019D0019A4FF02E0E0BE083F802
:10EE500001E002338B4203F101070DD218F8010BD8
:10EE60008F42187009D0013A0192002AEFD03B4638
:10EE70008B4203F10107F1D31946002D71DB00230A
:10EE800020460B7004B0BDEC028BBDE8F087B9F1F1
:10EE9000000F7FF475AF012390F800805449554A64
:10EEA000994601934FF0FF33B8F1340F8CBF884679
:10EEB000904667E7A81BA119002840F393800144FE
:10EEC000224601384FF0200C02F801CBC2F10103B9
:10EED00003442344002BF7DC20EAE073013323448E
:10EEE000BEF1000F90D01A468BE7002FA1D01A4632
:10EEF00030272E2002F8027B5870134699E701361E
:10EF000074E70126C7F10009DFF8E8803046CDF844
:10EF100004903EE7B5EEC00AF1EE10FA4CBF0422B1
:10EF200003229A423BDA0028A3EB020340DB18EEEF
:10EF3000102A002A37DB4E214120E21C2170A170EB
:10EF40006070002B4CD01344202102F8011B9A4220
:10EF5000FBD1002218461A7004B0BDEC028BBDE84C
:10EF6000F087A8194342C043002B88DD0A462025BC
:10EF700002F8015BC2F1010303440B44002BF7DCF0
:10EF800020EAE0730133194479E749244E204621F1
:10EF9000DA1C1C7058709970C5E62346DFE600281D
:10EFA00018DB0023C3E722462D21541C1170C2E751
:10EFB00083B1E218202304F8013B9442FBD118EE00
:10EFC000103A002B0ADB4E214120D31C11709170A6
:10EFD0005070BEE72246F2E72346B9E60023E3E796
:10EFE0001346B6E723460FE71A469CE6FFFF7F7FEE
:10EFF000D42100201C4D0020F0B501EB4106294C26
:10F00000012500EB461694F800C005FA01F1F489D9
:10F010001FFA81FEB0F88851A4B24FEA0E1704FB24
:10F020000333ADB207F0F00723FA0CF33D43A342DC
:10F03000A0F8885128BF2346012A22D015D3022ADE
:10F0400008D001F00F01B0F888319BB21943A0F845
:10F050008811F0BD9BB201F00F01F383B0F880314D
:10F060009BB21F43A0F88071EDE7E31A01F00F0196
:10F070009BB27381B0F880319BB20B43A0F8803112
:10F08000E1E79BB201F00F014FEA0E2EF382B0F8D8
:10F0900080310EF4706E9BB24EEA030EA0F880E150
:10F0A000D1E700BF366300202DE9F0414FEA410E61
:10F0B000384AB6EE007A4FF0010C0EEB01030CFA61
:10F0C00001F700EB4313BEB2DB89D2ED007A9DB2AB
:10F0D000F8EE677A87EE800A30EE070AFCEEC07A17
:10F0E00017EE903AB3F5803F4ED300224FF6FF74EF
:10F0F00001E0062A03D85B080132A342F9D8B3F530
:10F10000803F4FEA021237D242F4806292B203F19A
:10F11000FF3C1FFA8CFCB0F88881360107F00F0421
:10F120007144F6B21FFA88F700EB41113E43A0F894
:10F130008861CA80A1F80EC04A8992B203FB02F22C
:10F14000B2FBF5F292B24A81CA8A92B203FB02F292
:10F15000B2FBF5F292B2CA82CA8B92B203FB02F3FF
:10F16000B3FBF5F39BB2CB83B0F888319BB21C4361
:10F17000A0F88841BDE8F08142F480624FF6FE7C41
:10F180004FF6FF7392B2C6E7012B4FF48062BED8F0
:10F190000223C0E780520020224BB6EE007AD3ED66
:10F1A000007AF8EE677A30B487EE800A4FF6FE7484
:10F1B00030EE070AFCEEC07A17EE903AA3422AD945
:10F1C000002201E0062A03D85B080132A342F9D8E5
:10F1D00008324FF6FE7542F226045202AB4202F4A8
:10F1E000F05288BF2B46144300EB41110D8ACA88A8
:10F1F000ADB292B205FB03F0C2F101122A44B0FB9A
:10F20000F2F29B1A92B2C3F101039BB2CB800A8245
:10F210008C8130BC7047012B43F2260498BF022337
:10F22000E2E700BF8052002036280CD8294AF8B502
:10F23000044600B212F8206002EB8005012E03D0D4
:10F24000022E16D0F8BD70476A78C2F30113032B63
:10F250003AD0214850F823008BB202F00301AA787B
:10F26000FFF7CAFE1D48EA7800EB041043681A60F5
:10F27000F8BD6E78C6F30113032B27D0184A52F855
:10F2800023E006F00306174B89B20EEB461793F8FE
:10F2900000C07601FA880EEB0603764492B2188A13
:10F2A000C2F1011212FA80F2501E00FB01F323FAA0
:10F2B0000CF3984298BF931ED21A9BB2C2F101027E
:10F2C00092B2FA803382CDE70748C5E7DFF81CE049
:10F2D000D7E700BF9C0E002044050020040A002050
:10F2E000500500203663002000803E4000801E4014
:10F2F000362809D800B2134B13F8202003EB800303
:10F30000012A02D0022A0DD070475978C1F30112A8
:10F31000032A13D00C4850F822009A7801F0030118
:10F32000FFF7C2BE5978C1F30113032B08D0074A77
:10F3300052F8230001F00301FFF72EBF0448ECE769
:10F340000448F7E79C0E00204405002050050020EB
:10F3500000803E4000801E40A4484FF00F0CA44B9C
:10F36000826F42F47F02F0B582670025D0F88020DA
:10F370004FF470469F4C4FF4604E29464FF480671F
:10F3800014432A46C0F88040A3F88C6148F2B8269E
:10F39000A3F88EC1A3F89051B3F8880180B240F071
:10F3A000F000A3F8880101EB4100914B01310025E9
:10F3B00040011C4604290344A3F804E0DF805A847A
:10F3C0001A865A805A81DE815A82DA825A83DA8317
:10F3D000E9D1B4F888014FF00F0C874B4FF4704619
:10F3E00080B229464FF460472A4640EA0C004FF4A9
:10F3F000806EA4F88801B4F8880180B240F470608F
:10F40000A4F88801A3F88C6148F2B826A3F88EC14D
:10F41000A3F89051B3F8880180B240F0F000A3F84F
:10F42000880101EB4100744B0131002540011C466D
:10F43000042903449F80A3F806E05A841A865A8060
:10F440005A81DE815A82DA825A83DA83E9D1B4F8AA
:10F4500088014FF00F0C694B4FF4704680B229467B
:10F460004FF460472A4640EA0C004FF4806EA4F83F
:10F470008801B4F8880180B240F47060A4F8880173
:10F48000A3F88C6148F2B826A3F88EC1A3F8905176
:10F49000B3F8880180B240F0F000A3F8880101EBD6
:10F4A0004100564B0131002540011C46042903440C
:10F4B0009F80A3F806E05A841A865A805A81DE811A
:10F4C0005A82DA825A83DA83E9D1B4F888014FF09C
:10F4D0000F0C4B4B4FF4704780B229464FF46046F7
:10F4E0002A4640EA0C004FF4806EA4F88801B4F874
:10F4F000880180B240F47060A4F88801A3F88C7190
:10F5000048F2B827A3F88EC1A3F89051B3F8880148
:10F5100080B240F0F000A3F8880101EB4100384BC5
:10F52000013140011C46042903449E80A3F806E0F3
:10F530005A841A865A805A81DF815A82DA825A8323
:10F54000DA83EAD1B4F888310F27002241F20106AC
:10F550009BB245F6C05E114643F226053B43A4F834
:10F560008831B4F888319BB243F47063A4F88831D1
:10F570005001244B01320344042A99815981DF81CF
:10F580009E82A3F806E0198019829D81F0D10022A5
:10F590000F2741F2010645F6C055114643F22604F5
:10F5A0005001194B01320344042A99815981DF81AA
:10F5B0009E82DD80198019829C81F1D100220F2763
:10F5C00041F2010645F6C055114643F226045001AA
:10F5D0000E4B01320344042A99815981DF819E82B6
:10F5E000DD80198019829C81F1D1F0BD00C00F40EF
:10F5F00000C03D40000003FC00003E4000403E4093
:10F6000000803E4000C01D4000001E4000401E40E3
:10F61000704700BF704700BF704700BF704700BF12
:10F6200072B6EFF30583494D6B60EFF30883484CE6
:10F630002E4648484849494A2468006809681268C3
:10F640002961AC60E8606A619A69454CAA61DB692E
:10F65000444FEB6100F0D8F885ED080A01F028FA74
:10F660000B234FF0FF32686219462B604A4020217D
:10F6700002F00103013904FB03F383EA5202F7D1DC
:10F68000BE4202D056F8041FF0E730498A62BFF349
:10F690004F8F354B354A19601A60BFF34F8FBFF358
:10F6A0006F8F334A0225334CD36E334943F44053B2
:10F6B0003248D3662560D36923F07F0343F04003CB
:10F6C000D3610B6883423ED82A4A002101202C4E88
:10F6D00011604FF0FF33C2F808110C46C2F8006108
:10F6E0001546C2F808010746DFF8C0E0254E264857
:10F6F0002649274ACEF80030336003600B60136060
:10F7000001E000F065F9D5F80C211A4B002AF8D079
:10F710000134C5F80C714F2CF3D91E4A02241E483F
:10F720004FF00041C0F840415163D3F80C2132B989
:10F730001A491B4A0A63D3F80C010028FAD0194B66
:10F74000194A1A60FEE7FEF7A5FDBDE780FF2720F6
:10F7500028ED00E02CED00E034ED00E038ED00E0B5
:10F760002083B8EDA4FF272070EF00E0A0FF272042
:10F7700000C00F400040084084520020803DCD0B67
:10F78000009F240084E100E088E100E08CE100E0DB
:10F7900090E100E000900D4000002E4000800F40FE
:10F7A000F100AD0B0CED00E00400FA0580E100E093
:10F7B000094A08B5136820B118440849884202D89C
:10F7C0001060184608BD01F033FE0C224FF0FF33E5
:10F7D0000260184608BD00BFAC5900200000282078
:10F7E000002070474FF0FF30704700BF4FF40053C8
:10F7F00000204B60704700BF012070474FF0FF3082
:10F80000704700BFFFF70CBF12490B68114A5B0736
:10F81000FBD513681049C3F30B23104A07EE903A47
:10F820000B6892ED006AB8EEE77A07EE903A0C4A60
:10F83000F8EE677A0B4BD2ED006A77EE677A93EDBC
:10F84000007AB8EE477A67EE867A87EEA60A37EE38
:10F85000400A704780810D4010ED002018ED002017
:10F860001CED002014ED0020836BF0B41BB1536835
:10F8700043F40043536072B6446B5CB31C4B22608C
:10F88000D3F8B0410C4215D11A4E376804E0346801
:10F89000E41BB4F5166F0BD2D3F8404144F4804416
:10F8A000C3F84041D3F8B851D3F840416404EED5D1
:10F8B0000D4003D0426362B6F0BC70470C4C8260CE
:10F8C000C560D4F8B0311943C4F8B011426362B6D0
:10F8D000F0BC7047064D8260C460D5F8B031194362
:10F8E000C5F8B0110263426362B6F0BC704700BF56
:10F8F00000002E40041000E070B50646006B90B189
:10F900000246002403E012680134012A0CD0536837
:10F9100013F08003F7D032632CB1B36B05689847BE
:10F92000013C2846F9D170BD33637363F4E700BF2F
:10F93000F0B5E1B9214C22490020224B01224FF0C1
:10F94000011580260A601A46A1604E60E060C3F887
:10F95000BC51D3F8B0411C4D44F001048860C3F899
:10F96000B0412860D2F8B031002BFBD1F0BD0904C2
:10F97000164B144D0126114C41F0800100221E60EF
:10F98000596000F5805CE26400F5005EA36400F558
:10F990004057D5F8B01100F580462A46986041F4EA
:10F9A0008031C3F80CC0C3F810E05F619E61C5F8F8
:10F9B000B011D2F8B031002BFBD1BCE70000002021
:10F9C00060F0002000002E4068E7002040F000209A
:10F9D0002DE9F04FB94C83B0D4F8448118F0010FF1
:10F9E000C4F844815ED0D4F8AC31002B55D04FF030
:10F9F000011BDFF8EC92B24E2546DA46C4F8AC3172
:10FA0000B06AF26AD4F8403143F40053C4F840318C
:10FA1000D4F840319F04F5D5D5F8403123F4005394
:10FA2000C5F84031C5F8B4A1D4F8B43113F00113CE
:10FA3000FAD181B240F28167C9F80030B94200F2D0
:10FA4000AD80B1F5D06F80F0DE81B1F5817F00F03F
:10FA5000608100F2E880802900F04E81822940F028
:10FA6000DA8092B202F07F01072900F2D480890087
:10FA70009448954F0844016810063B707B7040F134
:10FA80000182CA0301D501233B7002218E48FFF792
:10FA90004FFFD4F8AC31002BB0D1884AD2F8BC313A
:10FAA000002B49D118F0400F18D0844BD3F8AC117B
:10FAB0001A46C3F8AC11D3F8BC11C3F8BC11D2F884
:10FAC000B0417E4B002CFAD14FF0FF32C3F8B42185
:10FAD000D3F8843100F032FD7C4B1C6018F0807F3D
:10FAE00003D07B4B1B6803B1984718F0007F03D00D
:10FAF000784B1B6803B1984718F0040F08D06F4B80
:10FB0000D3F8843113F4007345D0734B01221A707B
:10FB10006A4BD3F8482112060BD518F0800F08D095
:10FB20006E490A782AB1013AD2B20A70002A00F06E
:10FB3000428203B0BDE8F08F6949C2F8BC31086861
:10FB4000034240F0E281614A15681D40AAD02F0CA3
:10FB50000FD05B4E4FF0010997FAA7F4B4FA84F482
:10FB600006EBC41009FA04F44030FFF7C5FEA743C2
:10FB7000F2D1ADB2002D95D0514E012795FAA5F4E2
:10FB8000B4FA84F406EBC41007FA04F4FFF7B4FEE9
:10FB9000A543F3D186E7504A1370B9E742F2210733
:10FBA000B94234D067D8B1F5086F00F01E81B1F5C5
:10FBB000106F30D1C0F307404A4A4B4910704B4F89
:10FBC0004B4A0193C5F8C871C5F8CC11C5F8D021CE
:10FBD00000F0B6FC474A019B80210120B2645160CD
:10FBE0001060F364C5F8BCB1D5F8B011936041F46E
:10FBF0008032C5F8B0213A4A1360D4F8B031002BF6
:10FC0000FBD1D4F8AC31002B7FF4F8AE45E7110CF2
:10FC1000072900F03B81C4F8C0B1D4F8AC31002B07
:10FC20007FF4ECAE39E740F20237B94200F0AD8024
:10FC3000B1F5A06FEFD12F4A80210127F364B264A0
:10FC400017605160C5F8BCB1D5F8B011936041F4AC
:10FC50008033C5F8B031D4F8B031002BFBD1030CA0
:10FC60005B0643F08073C5F85431D4F8AC31002BF7
:10FC70007FF4C4AE11E742F22123994279D042F2D7
:10FC800021339942C7D11B4B802200210120B3644C
:10FC900018605A60F164C4F8BCB1D4F8B02199601E
:10FCA00042F48033C4F8B031D4F8B031002BFBD12A
:10FCB000D4F8AC31002B7FF4A1AEEEE600002E406C
:10FCC00000000020C0012E40D8EC00206CE700208E
:10FCD000E8EF0020ECEF00203BF000203CF000209B
:10FCE00068E700203AF00020C80002000200CC00C3
:10FCF0000200C80060F00020B64A022110461370CE
:10FD00005370FFF715FED4F8AC31002B7FF476AEBC
:10FD1000C3E692B202F07F03072B3FF67CAF12F0EE
:10FD2000800F4FEA8303AC4A4FF000014FF001000F
:10FD30001A44136814BF23F4803323F001031360C3
:10FD40008022A64BF164B36418605A60C4F8BCB159
:10FD5000D4F8B021996042F48033C4F8B031D4F8BB
:10FD6000B031002BFBD1D4F8AC31002B7FF446AE80
:10FD700093E692B2002A86D1994BC0F30740994A84
:10FD80001968994B116018707DE792B202F07F03F9
:10FD9000072B3FF640AF12F0800F4FEA83038E4AE5
:10FDA0004FF000014FF001001A44136814BF43F4F0
:10FDB000803343F0010313608022884BF164B36405
:10FDC00018605A60C4F8BCB1D4F8B021996042F40C
:10FDD0008033C4F8B031D4F8B031002BFBD1D4F863
:10FDE000AC31002B7FF40AAE57E6804A0121794BF3
:10FDF000127818461A70FFF79BFDD4F8AC31002B2F
:10FE00007FF4FCAD49E67A4B596800293FF403AF13
:10FE1000000C1FFA82FE04E00C33596800293FF4FD
:10FE2000FAAE1F888742F7D15F887745F4D1070A79
:10FE3000032F00F0BA801B89120C934228BF13468F
:10FE4000B0F5007F00F0A280B0F5E06F00F08B808D
:10FE5000684F1A4601933846FEF762FE019B27F071
:10FE60001F021F44BFF34F8F63490A60203297423D
:10FE7000FAD8BFF34F8FBFF36F8F5E481946FFF775
:10FE800057FD06E6CB077FF500AEFCE55B4F4FF074
:10FE9000010EF3605A495B4B3860C3F800E05960CB
:10FEA000B3605949D5F8B0017A6001F5805740EA4E
:10FEB0000E02996001F5005E01F5405001F58041A8
:10FEC000C5F8B021DF60C3F810E058619961D4F83B
:10FED000B031002BFBD1414A012048F28001F3648C
:10FEE00010604FF48030B2645160C5F8BCB1D5F8F1
:10FEF000B011936041EA0003C5F8B031C9F80000C1
:10FF0000D4F8B031002BFBD1C3E53C4842F22104C8
:10FF1000002605880E60A54240687FF414AE81B2C9
:10FF200000297FF410AE3849384C03C90D0C8628DF
:10FF30002060A180A5717FF406AE72B634480178C6
:10FF400041F004010170D2F84811080606D441F0CE
:10FF500080018020C2F84401C2F8481162B62D4ADF
:10FF600050211170EFE52C481A46224F90F800E01E
:10FF70002A492B480193BEF1000F08BF01463846BD
:10FF8000FEF7CEFD0722019B7A7068E722481A46E9
:10FF90002349077821480193002F08BF01461548DF
:10FFA000FEF7BEFD134F019B59E7120C0B789342ED
:10FFB00028BF134648E716490A7802F0FB020A7088
:10FFC0002AB9D3F8482122F08002C3F8482108F06A
:10FFD00015F800BFD8EC0020C0012E4060F00020D2
:10FFE000E0EF0020C8F1002039F000203AF00020B6
:10FFF000944D00202000202070EF00E0888E00202B
:02000004600496
:100000008000070040F0002060E70020C0F10020E1
:1000100032F000203CF000203BF0002060F702604E
:10002000ACF70260002AA0F102022DE9F04714BFEC
:1000300000274FF00057022A01D9BDE8F0874FEAA8
:10004000C019DFF840A00D4604460AEB090600215E
:1000500040229846304601F0F1FD012047EA054173
:100060004AF80910C6F83880B060B8F1000FE4D043
:10007000034BA0401C6820431860BDE8F08700BF18
:100080006CE7002000000020002AA0F102022DE908
:10009000F04714BF00274FF00057022A01D9BDE8EE
:1000A000F0874022C501DFF84490884615440021BE
:1000B00004461E4609EB050A504601F0BFFD012229
:1000C00047EA084149F80510CAF83860CAF808201C
:1000D000002EE4D004F11000034B82401868024364
:1000E0001A60BDE8F08700BF6CE700200000002028
:1000F00012048160C36142F08002F0B442600127C3
:1001000001F5805601F5005501F5405401F5804296
:100110000760C660056144618261F0BC704700BF42
:10012000831E022B00D97047064B0A4630B400F1FB
:100130001004012503EBC01005FA04F1403030BC77
:10014000FFF792BB00000020831E022B00D97047EE
:1001500010B4054B01240A4604FA00F103EBC01069
:100160005DF8044BFFF780BB00000020406870473B
:10017000124A134BD2F8200220F07F40984210B56B
:1001800084B002D800EB800040000E4C01A90A2286
:10019000FEF762FD01A90023204611F8012B01336F
:1001A0003AB10A2B20F8022FF7D11623237004B09E
:1001B00010BD5B00DBB2237004B010BD00441F40D3
:1001C0007F9698001863002000F0E0BA00F0B2BA01
:1001D00000F016BB00F0D0BA00F06CBB00F042BBE0
:1001E0000846114600F032BB084600F019BB00BFBC
:1001F000F8B514494FF40037134D034601EB402482
:10020000124E134A05EB40152146176028463288E6
:10021000FFF76EFF318824F01F032144BFF34F8F97
:100220000C4A136020339942FBD8BFF34F8FBFF3C2
:100230006F8F03202946FFF787FF074B4FF40032EB
:100240001A60F8BD80002020008D002006F00020FC
:100250008CE100E05CEF00E00CE100E0244A436840
:100260002DE9F041C3F30E431488C569E41A002C4C
:1002700038DD2049204A0B781278DBB21F48204E27
:10028000934207D010F8038036F81870C7F5007253
:10029000944212D9013300221A4F082B26F8154038
:1002A00027F81520184E94BFDAB213460A70326848
:1002B000C55414443460BDE8F081144B07EB48206A
:1002C0002246274403EB45211844FEF729FC0E4A39
:1002D000284626F8187013681C441460BDE8F041E5
:1002E000FFF786BF2846BDE8F041FFF781BF00BF9A
:1002F00006F0002030F0002031F0002004ED002056
:10030000E4EC0020F4EC0020E0EC00208000202051
:100310001E4B1A785AB902F0FF031D4A127832B107
:100320002DE9F0411B4D2A8812B9BDE8F0817047D4
:10033000194EC2F50068194F31784246184C07EB48
:10034000411704EBC12438462146FFF7D1FE08EBE4
:10035000040224F01F01BFF34F8F124B19602031AC
:100360008A42FBD8BFF34F8FBFF36F8F042039460B
:10037000FFF7D6FE3378084A0133DBB2032B88BF80
:100380000023137000232B80BDE8F08138F000209B
:100390003AF000200AF0002037F00020008E002004
:1003A0008010202070EF00E02DE9F04F85B0029022
:1003B0000091002900F0AB800023564DDFF87481D6
:1003C000DFF860A1544FDFF870B101930122534B65
:1003D0002A701C78524AB8F8003002EB441923BB4B
:1003E0001E461C464846FFF7C1FE10F080007ED036
:1003F000BFF34F8F00229AF800304A492A7004B99F
:100400003E68002B5AD13B689B1B782B79D89BF810
:100410000030002B52D000F09FFA0124B8F80030D1
:100420002C70002BDED03D4A14781A46C3F50060CC
:10043000E402009E3C4920449642084442D30C44C6
:100440000299FEF76DFB002321464FF400624846F7
:10045000FFF74EFE24F01F0304F50064BFF34F8F37
:10046000324A136020339C42FAD8BFF34F8FBFF358
:100470006F8F04204946FFF753FE284B274A1B780D
:10048000009801332A49DBB2032B88BF0023137085
:100490000022B8F80030A8F80020C01A0090019897
:1004A00018440190029818440290C1F88420BFF3C8
:1004B0004F8F00232B70009B002B87D1019805B034
:1004C000BDE8F08F009C0393019B224602992344D0
:1004D0000193FEF725FB039B4FF04041144A002097
:1004E0001B1B0090A8F80030C2F88410DFE74FF41F
:1004F00000630A4A8AF8000014781A46A8F8003007
:1005000096E7012301980B7005B0BDE8F08F0098C5
:10051000D5E700BF38F00020E0EF002037F00020E2
:10052000008E002036F000208010202070EF00E0C8
:1005300000002E400AF000203AF00020704700BF73
:10054000314B2DE9F0411B78304F002B54D04FF444
:100550000073DFF8EC803B80A8F800300021802297
:100560002B480D462B4E01F069FB2B4C2B4B29469B
:100570004FF480722A4825702C461D8001F05EFBE6
:1005800035602B4675602A46B560F5602549264ED4
:100590002648DFF8B0E00D701021057002203560AC
:1005A0007560B560F560CEF80050FFF76DFDB8F8E6
:1005B00000102A461E4B0320FFF734FD2B463988D6
:1005C00001220420FFF760FD20460134FFF710FEF2
:1005D000082CF9D1174B4A2217480021174C046008
:1005E000C3F88410C3F88020D3F8482142F0807209
:1005F000C3F84821BDE8F0814023DFF844803B8008
:10060000A8F80030AAE700BF3BF000200CF0002063
:10061000008E0020E4EC002037F000200AF00020DB
:10062000008D002030F00020F4EC002031F000209C
:10063000590A010000002E40E8EF00200D0B0100D8
:1006400006F00020E0EC0020314B4FF400322DE9A1
:10065000F04F1A6083B02F4B89461C78002953D085
:100660002D4BE4B21B789C4250D082460027DFF825
:10067000C0B00134294BC7EB09085046092C01933F
:10068000274B28BF00241D5D244B33F815E0254B74
:100690000EEB452133F81560234BCEEB06061944CB
:1006A000B0453246374419D20EEB45214246194433
:1006B000FEF736FA019BDBF80010484633F81520A8
:1006C000C8EB01019044CBF8001023F81580174BBC
:1006D0004FF400321A6003B0BDE8F08FFEF720FA45
:1006E000DBF80020E3B22846921BB244CBF800208E
:1006F000084A1370FFF77CFDB94503D9064B1B78F8
:100700009C42B6D13846E2E70846E0E70020DEE743
:100710008CE100E031F0002030F00020F4EC00200B
:1007200004ED0020E4EC0020800020200CE100E03B
:10073000E0EC00200B4B0C4A1B781278DBB29342A2
:100740000DD0013309480A4A092B0A4928BF002362
:10075000C35C31F8131002EB4323585C70474FF031
:10076000FF30704731F0002030F0002004ED002011
:1007700080002020F4EC0020034B10B51C680CB95D
:1007800000F0EAF8204610BDE0EC00202DE9F84F1B
:10079000154E164D34782B78E4B29C4221D0DFF808
:1007A0005490DFF854B0DFF85480114F0134082C16
:1007B0005FFA84FA01D90024A24619F80410DBF884
:1007C000002038F81130084637F811105B1AD31A98
:1007D000CBF80030FFF70CFD86F800A02B789C4288
:1007E000E4D1BDE8F88F00BF31F0002030F00020E8
:1007F000F4EC002004ED0020E0EC0020E4EC00200C
:1008000000B583B001210DF10700FFF71DFF20B1F6
:100810009DF8070003B05DF804FB4FF0FF30F9E7E7
:10082000094B00B583B01B788DF8070023B903F09E
:10083000FF0003B05DF804FB01210DF10700FFF795
:10084000B3FD03B05DF804FB3AF00020044B1B78C5
:1008500003F0FF020BB1FFF7A7BD1046704700BFC2
:100860003AF000202DE9F0410024DFF84480012314
:100870000D4D27460D4E88F8003033782846203538
:10088000A34204F1010405D0FFF770FC030658BF32
:1008900007F50067042CF0D1BFF34F8F00233846D3
:1008A00088F80030BDE8F081008E002037F000208D
:1008B00038F000202DE9F843204B1B7813B1204D70
:1008C0002A880AB9BDE8F883DFF88880C2F5006994
:1008D0001C4E4FF0010E98F800104A461A4C0023A7
:1008E00006EB4116194F04EBC124304687F800E0AF
:1008F0002146FFF7FDFB09EB040224F01F01BFF3C3
:100900004F8F134B196020318A42FBD8BFF34F8FB2
:10091000BFF36F8F04203146FFF702FC98F80030D8
:100920000C4A0133DBB2032B88BF00231370002372
:100930002B80BFF34F8F3B70BDE8F8833AF0002067
:100940000AF00020008E00208010202038F00020C7
:1009500070EF00E037F000202DE9F843324E337895
:1009600093B1324F3A787AB90122D9073A7037D425
:100970009A0719D400225B073A7005D52C4B1A68E8
:1009800012B1EFF305820AB1BDE8F883EFF31080EE
:1009900072B61A681AB1274C217800292FD0002886
:1009A000F2D162B6BDE8F883DFF8948098F80020B1
:1009B000002ADFD00024DFF88C9005E0013498F89D
:1009C0000030E4B2A34213D959F824502B682846CA
:1009D0001B6998470028F1D06B699B689847EDE741
:1009E000FFF7CAFED0B9144B1B781BB93378BFE7A9
:1009F0003378BFE7337803F0FE033370B8E701269E
:100A0000556926701D6065B1A96100B962B60025FF
:100A100093681046557798472570B5E700F060F861
:100A2000E1E7064B1D60F0E73B63002015F0002076
:100A300014E4002013F0002002F8026020E40020FB
:100A400014F0002024E4002070B5EFF3108172B69A
:100A50000C4C23688BB10C4E00255A6922607AB188
:100A6000956101B962B65D7718469B689847EFF3C8
:100A7000108172B62368002BEFD101B962B670BD48
:100A80003260EEE71CE4002018E40020FFF7DCBF32
:100A9000044A054B1168054A196013680133136055
:100AA000704700BF041000E0DCEF0020E0EF002002
:100AB0000A4B30B4586A1C46996A626AA36A994222
:100AC00008BF9042104619460CBF01250025002D95
:100AD000F3D0D90B30BC41EA4240704700400D4092
:100AE000704700BF08B503684268BBB17AB1104BCC
:100AF000A3FB0213DB0803EB4303B2EB830303D036
:100B0000D21A4260F02A02D90123184608BD00F02B
:100B10008FFC1C2200230260184608BD044BA3FB77
:100B20000213DB0803EB4303B2EB8303E8D1E9E7ED
:100B3000ABAAAAAA70B5044600283AD019B1B2FAF5
:100B400082F56D09FDB1206808B1626832B900F024
:100B50006FFC162300220360104670BD1849A1FBEC
:100B60000231C90801EB4101B2EB8101EFD1A36869
:100B70000BB101F063F8002301222360104663608B
:100B8000A360E36070BD1E46049B80E80600C3605E
:100B9000FFF7A8FF02460028DED016B90122104652
:100BA00070BD94E80500A660294601F047F80122CF
:100BB000D2E700F03DFC162322460360CCE700BFDD
:100BC000ABAAAAAA10B52DED048BB0EE408B254C34
:100BD0008AB000F04FF894F90030B0EE409B01333A
:100BE0002ED0B4EE488BF1EE10FA29D6B0EE480BB9
:100BF00000F034FAB7EE007BB4EEC70BF1EE10FA5A
:100C00001EDD0123184A009318480192002308931F
:100C10008DED048B8DED028B00F02CFA94F90030F1
:100C2000022B8DED060B11D0684600F01FFA68B15B
:100C3000089B93B99DED060B0AB0BDEC048B10BD6B
:100C4000B0EE490B0AB0BDEC048B10BD00F0F0FB18
:100C500021230360089B002BECD000F0E9FB089BEC
:100C60000360E7E735630020204D00203820002096
:100C70000000000030B510EE905A2DED068B934B1E
:100C800025F000449C4283B010DD04F1404410EE96
:100C9000103A04F58014234300F0888030EE407B46
:100CA00087EE070B03B0BDEC068B30BD884B9C4232
:100CB0000EDCB4F1795F80F29880B7EE006B9FEDA7
:100CC000657B30EE077BB4EEC67BF1EE10FAE9DC13
:100CD00000F0C4F9B7EE007BB6EE006B37EE400BC8
:100CE0009FED5E5B20EE068BB0EE480B9FED5D6BDB
:100CF0009FED5E4BA8EE056B9FED5E9BA8EE064B4D
:100D00009FED5E5B9FED5F6BA8EE045B9FED5F3B2D
:100D1000A8EE056BA8EE069B9FED5E4B29EE089BA7
:100D20009FED5E5BA8EE034B9FED5E6BA8EE045B50
:100D3000A8EE056BA8EE067BB0EE47AB00F0CCF852
:100D4000644B9C428DED000B3EDCB0EE005B89EE07
:100D50000A4BDDE900239DED006B9FED547B36EEE1
:100D6000062B9DED001B00229FED520B43EC162B32
:100D7000B1EE463BA3EE068B31EE066BB0EE471BA1
:100D8000A3EE051BB0EE413B88EE061BA1EE450B22
:100D900094EE020B30EE430B37EE400B002DD8BF24
:100DA000B1EE400B03B0BDEC068B30BD9FED436B45
:100DB0009FED407B20EE077BA0EE067BB0EE470B5D
:100DC00003B0BDEC068B30BD9DED005B89EE0A7B68
:100DD000B0EE006BA5EE075B9FED3A0B9FED377B06
:100DE000A5EE060B37EE400BD8E79FED1C4B20EE2F
:100DF000007BB7EE002B9FED1B5B9FED1C6BA7EEFE
:100E0000045B9FED1E4BA7EE056B9FED1E5BA7EEEF
:100E1000064B9FED186BA7EE045B9FED1C1BA7EE26
:100E2000056B26EE076B9FED1B3B9FED1C4BA7EE62
:100E3000013B9FED1C5BA7EE034BA7EE045BA7EE07
:100E4000052B86EE025BA0EE050B03B0BDEC068B16
:100E500030BD00BF9C7500883CE4377E09F7FD0D6E
:100E6000E13D023F88B20175E0EF493F3B8F68B535
:100E70002882A4BF555555555555C53F5544880E34
:100E800055C1C93F7D6FEB0312D6D4BF82922EB1FC
:100E9000C5B8B33F59018D1B6C06E6BFC88A599C83
:100EA000E52A00404B2D8A1C273A03C0182D4454D4
:100EB000FB21E93F075C143326A6913C182D4454CE
:100EC000FB21F93F075C143326A691BCFFFFEF3FDF
:100ED000FFFFDF3F3233EF3F2DE9F04182B08DED70
:100EE000000B5D49019B00980C461940A14200F09F
:100EF0009880002B024677DD1F1500F08280A7F254
:100F0000FF37C3F31303F90743F4801367D403EBEC
:100F1000D27100260B447F105200B64616204FF4C3
:100F200000110EEB01049C424FEAD2754FEA4202D7
:100F300003DC1B1B04EB010E0E44013805EB4303DD
:100F40004FEA5101EDD1844620244FF0004109E0E1
:100F500020D003EBD275013C4FEA51012B444FEAFC
:100F6000420220D09E4501EB0C05F1DA002D05EB85
:100F7000010C09DBF0469542CEEB030300D9013B9F
:100F8000521B0844C646E4E7BCF1000FF2DB0EF149
:100F90000108F0E795421AD8002D05EB010C48DB5B
:100FA00098460023ECE7134313D140087110F30770
:100FB00001F17F5101F5001148BF40F0004001EB05
:100FC0000753024643EC102B02B0BDE8F081734694
:100FD000BFE7421C31D000F001031844E5E75B0095
:100FE00003EBD273520092E723F0004101431DD07E
:100FF0005BBB1F46D30A153F5205002BFAD0DD021A
:101000001ED4002100E001465B00DC0201F101007A
:10101000F9D5C0F1200422FA04F423437F1A824058
:101020006DE7A0EE000B02B0BDE8F0819DED000B76
:10103000CAE7BCF1000FAADAB2E701362046B5E7ED
:1010400020244FF0FF310020E5E79DED007B37EED7
:10105000477B87EE070BB7E70000F07F53EC102BC0
:1010600023F0004343EC102B704700BF0020704773
:10107000000000009FED010B704700BF0000000062
:101080000000F87F0B460146184600F0C5B900BFC6
:1010900053B94AB9002908BF00281CBF4FF0FF31DF
:1010A0004FF0FF3000F07EB9ADF1080C6DE904CED1
:1010B00000F006F8DDF804E0DDE9022304B0704733
:1010C0002DE9F0478C460E460446089D002B50D172
:1010D0008A4217466CD9B2FA82FEBEF1000F0BD0DD
:1010E000CEF1200420FA04F401FA0EF644EA060CCC
:1010F00002FA0EF700FA0EF44FEA1749220CBCFB75
:10110000F9F01FFA87F809FB10C642EA064600FB11
:1011100008F3B34209D9F61900F1FF3280F02281B9
:10112000B34240F21F8102383E44F61AA2B2B6FB27
:10113000F9F309FB136642EA064403FB08F8A045ED
:1011400009D9E41903F1FF3280F00A81A04540F289
:101150000781023B3C44C8EB040443EA0040002101
:10116000002D62D024FA0EF400232C606B60BDE8E1
:10117000F0878B4207D9002D55D0002185E841002A
:101180000846BDE8F087B3FA83F1002940F090806B
:10119000B34202D3824200F2F880841A66EB03065F
:1011A0000120B446002D40D085E81010BDE8F0873E
:1011B00012B90127B7FBF2F7B7FA87FEBEF1000FAD
:1011C00035D1F31B4FEA17481FFA87FC0121B3FB07
:1011D000F8F0220C08FB103642EA06460CFB00F33E
:1011E000B34207D9F61900F1FF3202D2B34200F23E
:1011F000CE801046F61AA2B2B6FBF8F308FB1366CF
:1012000042EA06440CFB03FCA44507D9E41903F1A8
:10121000FF3202D2A44500F2B5801346CCEB0404A1
:1012200043EA00409CE729462846BDE8F087CEF116
:10123000200106FA0EF307FA0EF720FA01F94FEA39
:101240001748CE4049EA0309B6FBF8FA4FEA1944B9
:1012500008FB1A661FFA87FC44EA06430AFB0CF2F5
:101260009A4200FA0EF40AD9DB190AF1FF3180F034
:1012700087809A4240F28480AAF1020A3B449B1A7A
:101280001FFA89F9B3FBF8F108FB113349EA03436C
:1012900001FB0CF69E4207D9DB1901F1FF326BD23C
:1012A0009E4269D902393B449B1B41EA0A418EE7C1
:1012B000C1F1200E22FA0EF48B40234320FA0EF7E0
:1012C00006FA01F44FEA134C26FA0EF63C43B6FB3D
:1012D000FCF9270C0CFB19661FFA83F847EA06464F
:1012E00009FB08F7B74202FA01F200FA01FA08D93D
:1012F000F61809F1FF3041D2B7423FD9A9F10209EE
:101300001E44F61BA0B2B6FBFCF40CFB146640EACC
:10131000064704FB08F8B84507D9FF1804F1FF3069
:1013200028D2B84526D9023C1F4444EA0940C8EBFC
:101330000707A0FB02894F4544464E4614D329D0E7
:1013400065B3BAEB040367EB060707FA0EFECB4062
:10135000CF404EEA030385E888000021BDE8F0870E
:101360001346F8E61046E0E6B8EB020469EB030624
:101370000138E5E70446D8E7114695E78146C0E71E
:101380008A467CE7023B3C4448E708460AE70238C5
:101390003E442FE7C245E7D33E46D1E72946BDE8A4
:1013A000F08700BF704700BF024B0A46014618682D
:1013B00000F002B82C5F002010B502FB01F100F034
:1013C000D9F80446D8B150F8042C22F00302043AAC
:1013D000242A18D8132A14D900231B2A0360436037
:1013E00016D9242A8360C36011BF00F11002036183
:1013F000436100F11802002313605360936020469C
:1014000010BD0246F7E7002100F018FC204610BD91
:1014100000F10802EFE700BF13460A46014602202A
:1014200004F092BB0023B7EEC00A05F0B5BA00BFC6
:10143000014B1868704700BF2C5F002070B50F4E3D
:101440000F4D761BB61018BF002405D0013455F897
:10145000043B9847A642F9D10A4E0B4D761B06F085
:10146000C9FDB61018BF002406D0013455F8043B5E
:101470009847A642F9D170BD70BD00BFD02C026064
:10148000D02C0260E42C0260D02C026010B504461F
:1014900000F056F82044407800F0070010BD00BF6F
:1014A00010B5044600F04CF82044407800F00300EA
:1014B000A0F10200B0FA80F0400910BD10B504465A
:1014C00000F03EF82044407800F00300A0F1010055
:1014D000B0FA80F0400910BD931E222B10D80A2AC2
:1014E00010B506D000230C46194402F0F3FE204646
:1014F00010BD0028F6DA2D230B7040420123F2E7DD
:1015000000200870704700BFFFF7E6BF034A044B96
:101510001268506B002808BF184670472C5F0020E7
:10152000B0590020044B054A1B685B6B002B08BFB9
:10153000134693F8280170472C5F0020B059002013
:1015400008B5034B1868FFF7E1FFD0F8EC0008BDC1
:101550002C5F0020024B0146186800F00BB800BF5A
:101560002C5F0020024B0146186805F00DBC00BF3F
:101570002C5F00202DE9F04F01F10B05162D83B0F3
:10158000064640F29F8035F0070500F1BF80A94272
:1015900000F2BC8000F0A0FBB5F5FC7FC0F09C829F
:1015A0006B0A00F0BA80042B00F28381A80900F1D5
:1015B000390E4FEA4E033830C44F07EB8303A3F1D3
:1015C00008015C68A14207D1ACE0002A80F2AC803F
:1015D000E468A14200F0A680636823F003035A1B6D
:1015E0000F2AF2DDB9493C6901F1080E744500F09B
:1015F000B381636823F003035A1B0F2A00F3998118
:10160000002AC1F814E0C1F810E080F29E80B3F522
:10161000007F80F06781DB0803F1010C01229B1041
:1016200002FA03F34A6851F83C80C4F8088001EBE1
:10163000CC091A43A9F10803E3604A6041F83C4031
:10164000C8F80C40831001249C40944200F28A8028
:10165000144206D120F003006400144200F104009B
:10166000FAD007EBC009CC468046DCF80C108C455C
:1016700007D173E1002A80F28181C9688C4500F0AE
:101680006D814B6823F003035A1B0F2AF2DD0C46D1
:10169000D1F80CC054F8088F4B1945F001054D6086
:1016A00042F00101C8F80CC03046CCF808807B61DC
:1016B0003B61C3F80CE0C3F808E059609A5000F0B1
:1016C0000DFB1FE0102921D800F006FB1025062392
:1016D00002207E4F07EB8303A3F108025C6894426B
:1016E00000F045816368E168A56823F003032344A3
:1016F00030465A68E96042F001028D605A6000F09D
:10170000EDFA0834204603B0BDE8F08F00240C2326
:101710002046336003B0BDE8F08F80234FF0400EC9
:101720003F2049E770465DE72344E1685A68A568B1
:1017300042F00102E96030468D605A6000F0CEFA56
:101740000834204603B0BDE8F08F234430465A6881
:1017500042F001025A6000F0C1FA0834204603B09A
:10176000BDE8F08FBC68636823F00308A84504D384
:10177000C5EB08030F2B00F38C80554BDFF860910D
:101780001A68D9F8003001332A4404EB080A00F043
:10179000608102F580520F3222F47F6222F00F0244
:1017A00011463046019200F00DFDB0F1FF3F834637
:1017B000019A00F05881824500F2FC80454B19687F
:1017C000DA451144196000F05381D9F80000DFF8C0
:1017D00010E101301BBFCAEB0B0A5144CEF800B038
:1017E00019601BF0070100F01781C1F10800C1F575
:1017F0008051834408315A44C2F30B02C2EB010901
:1018000049463046019300F0DDFC431C019B00F08B
:101810003F81CBEB00024A4442F001021968C7F84D
:1018200008B04944BC42CBF804201960DFF8A4900A
:1018300016D0B8F10F0F40F2FD806268A8F10C03DA
:1018400023F00703E01802F001024FF0050E1A43DF
:101850000F2B6260C0F804E0C0F808E000F21C81C1
:101860001D4BBC681A68914288BF19601B4B1A68EF
:101870009142626888BF196022F003029542A2EB90
:10188000050301D80F2B04DC304600F027FA0024B2
:1018900038E7621943F0010345F001056560304601
:1018A000BA60536000F01AFA0834204603B0BDE86D
:1018B000F08F142B71D9542B00F2A480280B00F167
:1018C0006F0E4FEA4E036E3076E600BF1C5B0020C1
:1018D00090E4002060E4002088E400208CE40020F4
:1018E000245F00205A0A042A5ED9142A00F2B38029
:1018F00002F15C0149005B3207EB810C57F82110C3
:10190000DFF8DC81ACF1080C8C4500F088804A6877
:1019100022F00302934202D289688C45F7D1D1F8B4
:101920000CC07A68C4F80CC0A160CCF80840CC6048
:1019300088E6631942F0010745F00105656030460D
:101940004B610B61C3F80CE0C3F808E05F609A508C
:10195000083400F0C3F9D5E64A6873E608F10108D7
:1019600018F0030F0CF1080C7FF47FAE30E0DC6858
:10197000A34208BF02303FF435AEB3E60B440C4639
:101980005A68C96854F8085F42F001025A6030464C
:10199000E9608D6000F0A2F9B4E603F15C0E03F19A
:1019A0005B004FEA4E0307E69A0902F1390149004C
:1019B0003832A1E7BC424A4B3FF400AF9C686268F2
:1019C00022F003025AE759F80839994540F082801D
:1019D00010F0030F00F1FF30F5D17B6823EA040318
:1019E0007B6064009C423FF6BDAE002C3FF4BAAE73
:1019F0001C4240467FF435AE64001C4200F10400F6
:101A0000FAD02EE6B3F5AA7F18D8E80B00F1780ECD
:101A10004FEA4E037730CFE54FF48051EBE60121DA
:101A2000D8F80430921001FA02F21A43C8F80420E0
:101A3000614677E70123CBF8043025E740F25452A2
:101A4000934220D8A80C00F17D0E4FEA4E037C3063
:101A5000B2E51032A4E6542A26D81A0B02F16F011F
:101A600049006E3248E7BC68626822F0030205E76D
:101A7000CAF30B0000287FF4A8AE4244BB6842F0D2
:101A800001025A60ECE6FE234FF07F0E7E2093E5C4
:101A900001224FF00009C1E604F10801304605F0CB
:101AA00073F9D9F80010DBE6B2F5AA7F05D8DA0B96
:101AB00002F17801490077321EE740F254518A4220
:101AC00005D89A0C02F17D0149007C3214E7FE2111
:101AD0007E2211E77B6884E7E808431C5B00F8E599
:101AE0001C5B002082B049B15AB16BB113780B6016
:101AF0001278101C18BF012002B0704701A9002AFB
:101B0000F3D1104602B070476FF00100F4E700BF58
:101B1000032A70B426D940EA01039B0711D0047848
:101B20000D78AC4222D10244431C05E013F8014B6E
:101B300011F8015FAC4219D19342F7D1002070BC7B
:101B400070470C4603461E682568AE42184621467B
:101B500003F1040304F10404E1D1043A032A184612
:101B60002146F0D8002ADAD11046E8E7601B70BCA5
:101B7000704700BF8842F0B50DD98B1898420AD241
:101B80008118002A51D09A1A13F8014D01F8014D1D
:101B90009342F9D1F0BD0F2A48D941EA00039B07CF
:101BA00046D100F1100401F11003154653F8106CF2
:101BB00044F8106C53F80C6C44F80C6C53F8086C37
:101BC00044F8086C103D53F8046C44F8046C0F2D75
:101BD00003F1100304F11004E8D8A2F1100323F07C
:101BE0000F0302F00F0E1033BEF1030F194403442C
:101BF00021D91E1F0D467446043C55F8047B46F857
:101C0000047F032CF8D8AEF1040424F00304043458
:101C10002344214402F0030262B1013B0A4411F85B
:101C2000014B03F8014F8A42F9D1F0BD0346F3E7B7
:101C30000346F2E7F0BD7246EEE700BF70B48407DA
:101C400046D0541E002A41D0CDB2034602E0621EA7
:101C5000E4B3144603F8015B9A07F8D1032C2ED99C
:101C6000CDB245EA05250F2C45EA054519D903F102
:101C700010022646103E0F2E42F8105C42F80C5C13
:101C800042F8085C42F8045C02F11002F2D8A4F1B8
:101C9000100222F00F0204F00F041032032C134440
:101CA0000DD91E462246043A032A46F8045BFAD8A8
:101CB000221F22F003020432134404F003042CB167
:101CC000C9B21C4403F8011BA342FBD170BC70478E
:101CD00014460346C2E700BF704700BF704700BF0D
:101CE0000FB400B5074983B004AB086853F8042B60
:101CF0008168019302F02EFB03B05DF804EB04B0A1
:101D0000704700BF2C5F0020034B1B6801469A6898
:101D1000184605F0B1BE00BF2C5F0020F0B50546A7
:101D200089B008460C4600F00DFDAB6B144F0494CF
:101D30000126441C04A9022203940590AC6806976E
:101D4000079601910292B3B1B4F90C309A0406D40B
:101D5000626E43F4005322F40052A381626621466E
:101D6000284601AA05F0F8F8002814BF4FF0FF300C
:101D70000A2009B0F0BD284604F0AEFFE4E700BF3A
:101D800020250020024B01461868FFF7C7BF00BF9F
:101D90002C5F002010B40C4B0C4C19680C4AD1F885
:101DA000A830D1F8AC0004FB03F402FB0040A3FB15
:101DB00002230344013243F10003C1E92A2323F043
:101DC00000405DF8044B70472C5F00202DF4515803
:101DD0002D7F954C024B0A460146186800F002B868
:101DE0002C5F00202DE9F04F174683B0002900F04A
:101DF000C1800E46814607F10B05FFF76DFF56F8CF
:101E000004EC162D2EF00304A6F1080840D8102289
:101E10001546AF4241D8944275DAC94B996808EB30
:101E200004008842416800F0D98021F00103034496
:101E30005B68DB077DD51EF0010F35D0394648467B
:101E4000FFF798FB0746E0B156F8043C23F0010386
:101E50004344A0F108029A4200F04481221F242A40
:101E600000F23181132A00F20481034632461168E0
:101E700019605168596092689A603146484604F08A
:101E800083FF4846FFF72AFF384603B0BDE8F08FCE
:101E900025F00705002D2A46BBDA0C230020C9F8DF
:101EA000003003B0BDE8F08F56F8083CC3EB080AD9
:101EB000DAF8043023F0030C04EB0C039342BDDB8F
:101EC0005746DAF80C1057F8080F221F242AC16071
:101ED000886000F21781132A40F212813168CAF833
:101EE00008107168CAF80C101B2A00F22B81083602
:101EF0000AF110023168116071685160B168916037
:101F00003E461C46D046631B0F2B1DD8D8F8043024
:101F100003F0010323434444C8F80430636843F0EA
:101F2000010363604846FFF7D9FE304603B0BDE8C1
:101F3000F08F21F003012144914221DBC3688268C4
:101F40000C46D3609A60DEE7D8F8042008EB050160
:101F500002F00102154343F001020B44C8F804509B
:101F60004A605A6842F0010208315A60484604F05B
:101F70000BFFD7E7114603B0BDE8F04FFFF7FABA01
:101F80001EF0010F7FF45AAF56F8083CC3EB080A65
:101F9000DAF8043023F0030C01EB0C0E96458BDBD2
:101FA000C36882685746D3609A6057F8081FDAF80A
:101FB0000C30CB60221F242A996000F29980132AEA
:101FC00062D93368CAF808307368CAF80C301B2A23
:101FD00000F2A08008360AF1100356E021F0030B4E
:101FE000A34405F11000834559DA1EF0010F7FF478
:101FF00025AF56F8081CC1EB080ADAF8041021F0E6
:10200000030CE34458453FF757AF5746DAF80C1036
:1020100057F8080F221F242AC160886000F2B4809C
:10202000132A40F2A5803168CAF808107168CAF80E
:102030000C101B2A00F2AF8008360AF1100231683A
:10204000116071685160B16891600AEB0501C5EBE0
:102050000B0242F0010299604A60DAF8043003F0A2
:1020600001031D434846CAF80450FFF737FE3846BF
:102070005CE733680360736843601B2A27D800F16C
:10208000080306F10802F2E63B4632681A607268FD
:102090005A60B2689A603E467446D04633E708EB11
:1020A0000501C5EB0B0B4BF0010299604A6056F835
:1020B000043C03F001031D43484646F8045CFFF767
:1020C0000DFE304632E73146FFF754FDD5E6B368E2
:1020D0008360F368C360242A28D000F1100306F15E
:1020E0001002C4E650F8043C23F003031C440AE742
:1020F000314638467446D046FFF73CFD3E4602E77F
:102100003A46F7E6314638461C46D046FFF732FDE0
:102110003E46F8E6B368CAF81030F368CAF81430DF
:10212000242A1BD010360AF11803AEE73369036185
:102130007369436106F1180200F1180397E600BFC6
:102140001C5B0020B168CAF81010F168CAF81410BE
:10215000242A0FD010360AF11802CBE63369CAF8E8
:1021600018307369CAF81C3018360AF120038CE75E
:102170003A4664E73269CAF818207269CAF81C2026
:1021800018360AF12002B5E6314638460193FFF7CA
:10219000F1FC019B59E7B168CAF81010F168CAF860
:1021A0001410242A03D010360AF1180247E73269C6
:1021B000CAF818207269CAF81C2018360AF12002E1
:1021C0003DE700BF38B5074C0023054608462360AD
:1021D000FDF7EEFA431C00D038BD2368002BFBD07E
:1021E0002B6038BDCCF100200CB4F0B5244B002995
:1021F0009DB01D683EDB4FF402730C4602900690C2
:10220000ADF8143023AE17D04C1E229A04943346F6
:102210004FF6FF7702A9284607940196ADF816708D
:1022200000F0A0FD421C1BDB029B00221A701DB0B7
:10223000BDE8F04002B0704733464FF6FF77229A70
:10224000049402A9284607940196ADF8167000F090
:1022500089FD431C07DB1DB0BDE8F04002B07047AC
:102260008B232B60E0E78B232B601DB0BDE8F04093
:1022700002B070478B232B604FF0FF30EBE700BFBD
:102280002C5F002041EA00039B0710B414D10B68B7
:10229000A3F1013222EA030212F0803F0CD10C1D9F
:1022A00040F8043B214654F8043BA3F1013222EAF2
:1022B000030212F0803FF3D0034611F8012B1846B9
:1022C00003F8012B002AF8D15DF8044B704700BFDA
:1022D00070B411F0FF0434D085070FD00378002BC1
:1022E0005AD09C422BD0431C05E013F8012B002A46
:1022F0004FD0944223D09A071846F6D10E0206F426
:102300007F462643036846EA064601E050F8043F4C
:1023100086EA0305A5F10132A3F1013122EA0502A3
:1023200021EA0303134313F0803FEFD0037823B96E
:1023300032E010F8013F002B2ED09C42F9D170BC46
:10234000704784070BD00378002BF8D0431C03E0C0
:1023500002780133002AF2D099071846F8D10268B2
:10236000A2F1013323EA020313F0803F08D150F8B1
:10237000042FA2F1013323EA020313F0803FF6D0C9
:102380000378002BDBD010F8013F002BFBD170BC91
:102390007047104670BC7047184670BC704700BF4D
:1023A00000000000A2EB0300704700BF02780B782A
:1023B000012A28BF9A42F5D16DE9044540EA01049B
:1023C000CDE902676FF0000C4FEA447212B380EA65
:1023D000010414F0070F6AD100F0070420F0070091
:1023E00004F0030521F007014FEAC505F0E80423D6
:1023F00014F0040FF1E804670CFA05F462EA040231
:1024000066EA04060AD063EA0403624667EA040740
:10241000664603E0F0E80423F1E8046782FA4CF52D
:1024200082EA0604A4FA8CF46CBB83FA4CF583EAC6
:102430000705A5FA8CF595B950E9022351E9026721
:1024400082FA4CF582EA0604A4FA8CF483FA4CF57D
:1024500083EA0705A5FA8CF52543DBD09CB92DBA94
:10246000B5FA85F424F0070427FA04F1DDE90267E0
:1024700023FA04F303F0FF0001F0FF01FDE8044537
:10248000A0EB0100704724BAB4FA84F424F00704E6
:1024900026FA04F1DDE9026722FA04F202F0FF00F5
:1024A00001F0FF01FDE80445A0EB0100704714F0C6
:1024B000030F3CD110F0030428D150F8082B51F839
:1024C000083B82FA4CF582EA0305A5FA8CF55DB962
:1024D00050F8042C51F8043C82FA4CF582EA0305CA
:1024E000A5FA8CF5002DE8D02DBAB5FA85F424F0C4
:1024F000070423FA04F122FA04F202F0FF0001F0CB
:10250000FF01FDE80445A0EB010070474FEAC40459
:1025100020F0030050F8082B21F0030151F8083B8C
:102520000CFA04F462EA040263EA0403C9E710F057
:1025300003041AD0A1EB040120F00300E40750F8D3
:10254000042B06D00FD28B785FFAA2F4E41A06D1DE
:102550002BB1CB785FFAB2F4E41A00D11BB9204654
:102560005DF8104B704701F1040150F8042BCC07C3
:1025700021F0030151F8043B48D824D222F07F44D3
:1025800082FA4CF594EA1325A5FA8CF50AD165B9BF
:1025900051F8043B84EA0204B4EB036F0ED150F807
:1025A000042BEBE74FEA132355E035F07F454DD17F
:1025B0000878FDE80445C0F1000070474FEA126258
:1025C00003F0FF0347E002EA1C4482FA4CF594EA68
:1025D0001345A5FA8CF50AD165B951F8043B84EA94
:1025E0000204B4EB034F0CD150F8042BEBE74FEA95
:1025F000134330E015EA1C4528D10B884FEA1242FC
:1026000029E04FEA124203EA1C4324E002F0FF04EF
:1026100082FA4CF594EA1365A5FA8CF50AD165B9EE
:1026200051F8043B84EA0204B4EB032F09D150F8BB
:10263000042BEBE74FEA13630DE015F0FF0F05D114
:102640000B684FEA122223F07F4304E04FF00000B2
:10265000FDE80445704712BA1BBA82FA4CF482EACC
:102660000304A4FA8CF5B5FA85F402FA04F203FA2D
:1026700004F34FEA1260FDE80445A0EB13607047D5
:1026800080EA0102844612F0030F4FD111F0030FCC
:1026900032D14DF8044D11F0040F51F8043B0BD02A
:1026A000A3F101329A4312F0803F04BF4CF8043B7F
:1026B00051F8043B16D100BF51F8044BA3F101328D
:1026C0009A4312F0803FA4F101320BD14CF8043B45
:1026D000A24312F0803F04BF51F8043B4CF8044B76
:1026E000EAD023460CF8013B13F0FF0F4FEA3323E7
:1026F000F8D15DF8044B704711F0010F06D011F8C6
:10270000012B0CF8012B002A08BF704711F0020FB3
:10271000BFD031F8022B12F0FF0F16BF2CF8022B9E
:102720008CF8002012F47F4FB3D1704711F8012BC1
:102730000CF8012B002AF9D1704700BF00000000FF
:102740000000000090F800F06DE9024520F007015C
:102750006FF0000C10F0070491F820F040F0498071
:102760004FF000046FF00700D1E9002391F840F02A
:1027700000F1080082FA4CF2A4FA8CF283FA4CF3CE
:10278000A2FA8CF34BBBD1E9022382FA4CF200F19E
:102790000800A4FA8CF283FA4CF3A2FA8CF3E3B9A2
:1027A000D1E9042382FA4CF200F10800A4FA8CF279
:1027B00083FA4CF3A2FA8CF37BB9D1E9062301F139
:1027C000200182FA4CF200F10800A4FA8CF283FA9C
:1027D0004CF3A2FA8CF3002BC6D0002A04BF0430BD
:1027E0001A4612BAB2FA82F2FDE8024500EBD200B4
:1027F0007047D1E9002304F00305C4F100004FEA5B
:10280000C50514F0040F91F840F00CFA05F562EAE2
:1028100005021CBF63EA050362464FF00004A9E706
:1028200040EA01039B0770B42BD1032A29D90C4637
:102830000346214654F8046BA6F1013525EA060546
:1028400015F0803F06D1043A032A43F8046B214671
:10285000EFD8A2B10C781C70013A013301313CB1C0
:102860006AB111F8014B03F8014B013A002CF7D182
:102870002AB11A44002103F8011B9A42FBD170BC13
:1028800070470346E5E700BF2DE9F0414FF0010E28
:10289000744600254FF0FF362B198B4200EB0607DC
:1028A0000DD23F5D10F803C0BC452DD21D4601245A
:1028B000C6EB030E2B198B4200EB0607F1D34FF04A
:1028C0000108C2F800E0444600254FF0FF372B19FD
:1028D000994200EB070E0ED91EF804E010F803C071
:1028E000F44518D91D460124C7EB03082B1999425A
:1028F00000EB070EF0D80137701C874224BFC2F8E6
:1029000000803846BDE8F0810CD04FF0010E2E4615
:1029100074467544C0E70CD04FF001082F4644467A
:102920004544D4E7744509BFA64601341D46012439
:10293000B2E7444509BFA04601341D460124C6E75D
:102940002DE9F04FADF2144D164605468B46104664
:10295000194603AA1C46FFF797FF03AB81460DF209
:102960000C4243F8044F9342FBD14CB1631E3246F4
:1029700004A812F8011B40F8213013F1FF33F8D2FC
:1029800003994A4631443046FFF7C2F8002871D116
:1029900009F1FF330093F3188246019323468046E2
:1029A000544658469A4608EB0A073A1A002128442A
:1029B00004F000FD002858D1002F56D0EB1904AACE
:1029C00013F8013C52F823304BB124B1039A9342DF
:1029D00001D2C2EB0A03984400243846E3E74C4591
:1029E00023460AF1FF3E38BF4B46734513D208EB2E
:1029F000030216F803C0A85C84452A4406EB0301D1
:102A000006D02EE011F801CF12F8010F844528D12D
:102A100001337345F6D34C45009980F08B80009BC1
:102A2000019808EB03020378A85C83422A4440F033
:102A30008180019B06EB040B06E013F801ED12F810
:102A4000010D864504D161469B4501F1FF3CF4D15F
:102A500001348C4270D8039C3846A044C4EB0A046D
:102A6000A1E7C9F101029044B5E700200DF2144D31
:102A7000BDE8F08FC9EB04034B4538BF4B4601332B
:102A800009F1FF38039306EB080358464FF0000A9C
:102A9000CB4699460AEB04073A1A0021284404F071
:102AA00089FC0028E1D1002FDFD0EB1904AA13F82C
:102AB000013C52F82330A3BB611E8B4515D20AEBB3
:102AC0000B0216F80B3015F802E09E452A4406EB7F
:102AD0000B005B4606D027E010F801CF12F801EF9B
:102AE000F44521D101338B42F6D3B8F1FF3F11D029
:102AF0000AEB080299F80010AB5C99422A440FD106
:102B00004B4605E013F8010D12F8011D884207D16C
:102B1000B342F7D105EB0A000DF2144DBDE8F08F7A
:102B2000039B9A443846B5E7CBF1010292449A449C
:102B30003846AFE749468BE705EB080096E700BF4C
:102B40000378002B00F004812DE9F04F91F800800C
:102B500085B04446B8F1000F16D0864601F1010C4D
:102B6000012703E012F8014B6CB194469C4214BF5C
:102B7000002707F001071EF8013F6246002BF1D144
:102B80009CF800300BBB17B105B0BDE8F08F0E46C6
:102B9000054641460130C6EB0C04FFF799FB07469A
:102BA00098B1012CF0D02819874294BFC7EB000BD5
:102BB0004FF0010B1F2C0CD923463246594638469C
:102BC000FFF7BEFE05B0BDE8F08F002005B0BDE800
:102BD000F08F03AA21463046FFF756FE0399804640
:102BE000024631443046FEF793FF002858D108F1E1
:102BF000FF330193F3188146054600935846B246C9
:102C00006619321A0021384404F0D4FB0028DCD1C4
:102C1000002EDAD0C845434638BF4B469C4212D9F5
:102C20005A191AF80310B85C88423A440AEB030EAA
:102C300006D02DE01EF8010F12F8011F884227D19F
:102C400001339C42F6D8019BC845194640F2838067
:102C5000EA1800980378B85C83423A447BD1009B21
:102C60000AEB090B06E013F801CD12F801EDF4456B
:102C700004D101465B4501F1FF30F4D109F10109AE
:102C8000894557D8039B30461D44C3EB0409B7E779
:102C9000C8F1010215441D444FF000093046AFE76A
:102CA000C8EB0403434538BF4346013308F1FF39FD
:102CB000039306EB090358460025BB469A4667195D
:102CC0003A1A0021584404F075FB00287FF47DAFC8
:102CD000002F3FF47AAF444515D908EB050216F8EA
:102CE00008301BF8020098425A4406EB080143469C
:102CF00006D023E011F801EF12F8010F86451DD12F
:102D000001339C42F6D8B9F1FF3F12D005EB09021E
:102D10009AF800101BF8023099425A4414D15346D5
:102D200005E013F8010D12F8011D88420CD1B342E1
:102D3000F7D15F46781905B0BDE8F08FC8F1010200
:102D400015441D443846BAE7039B38461D44B6E790
:102D50000B7813B97047414690E70020704700BFD9
:102D6000000000002DE9F04F2DED068BB9B00C46A8
:102D7000039192460993059004F09AFA0368109320
:102D80001846FFF7DFFCA3890F90190603D52369C6
:102D9000002B01F07D8000239FEDA48B9FEDA59B70
:102DA0000D931D931C931193069328AB1B93994687
:102DB0009AF800305446EBB1252B02D11AE0252BAE
:102DC00003D014F8013F002BF9D1CAEB04058DB1F3
:102DD0001C9B1D9AC9F800A001332A44072BC9F88F
:102DE00004501D921C9300F3A38009F10809069B6F
:102DF0002B4406932378002B00F0A38000231A466F
:102E00008DF84F30194607939B464FF0FF38637893
:102E100004F1010A45460AF1010AA3F120005828ED
:102E200000F2F883DFE810F06303F603F6036B03A8
:102E3000F603F603F603F603F603F60370037E03C8
:102E4000F6035D00DF00F603FB000C010C010C0132
:102E50000C010C010C010C010C010C01F603F60332
:102E6000F603F603F603F603F603F603F603F6039A
:102E70001C015E01F6035E01F603F603F603F6039A
:102E8000A102F603F603A602F603F603F603F60321
:102E9000F603D802F603F6030503F603F603F6037A
:102EA000F603F603F603F603F603F603F60343030D
:102EB00056035E015E015E015E035603F603F603F0
:102EC000A403F603B103A2006200C303F603C80320
:102ED000F6038303F603F6038B0307980993404236
:102EE00007904BF0040B9AF8003094E7A846099835
:102EF00000213023782288458DF8503004688DF801
:102F0000512000F104074FF000058DF84F104BF0F1
:102F10000203C0F29C832BF0800343F0020B54EABF
:102F20000503099700F069830F460C924348AEE20F
:102F30001BAA0399059804F005FE48B90DF1A009F4
:102F400055E71D9B23B1059803991BAA04F0FAFDD0
:102F5000039B9B8913F0400F069B18BF4FF0FF3374
:102F6000184639B0BDEC068BBDE8F08F0C93A8462F
:102F7000002A41F09A811BF0200300F00682099F8D
:102F8000073727F00703002703F10802B845099225
:102F9000D3E900458DF84F70C0F25E8654EA050310
:102FA0002BF0800B00F04B8328AEE20842EA45721A
:102FB000E90804F007030D461446303354EA0502CD
:102FC00006F8013DF1D11BF0010F00F02782302BF4
:102FD00000F024823022731E06F8012C28AAD21A8F
:102FE00008921E461DE29AF800302A2B0AF10104CD
:102FF00001F02F81A3F13000092898BF002501F2CC
:10300000D58014F8013B05EB850500EB4505A3F1E0
:1030100030000928F5D945EAE575A246FDE64BF0F2
:10302000800B9AF80030F6E6AFF300800000000055
:1030300000000000FFFFFFFFFFFFEF7F404D00207B
:10304000A3F1300000231C461AF8013B04EB840472
:1030500000EB4404A3F130000928F5D90794DCE61D
:103060000C93A846002A41F02C814BF0100B1BF06A
:10307000200F00F00385099F073727F00707D7E9DE
:10308000002307F10801099114461D46002A73F137
:103090000003C0F23785B8F1000F9DF84F70C0F201
:1030A000B58154EA05032BF0800B00F0F683002D68
:1030B00008BF0A2CC0F0AE8128AE204629460A225D
:1030C0000023FDF7E5FF303206F8012D20462946A2
:1030D00000230A22FDF7DCFF04460D4654EA0503EF
:1030E000EBD19BE10C93A846002A41F0E680099FB2
:1030F0001BF0080F07F1070700F0408627F00703D1
:1031000093ED008B03F108020992B0EEC87BB4EE98
:10311000497BF1EE10FA40F3BC85B5EEC08BF1EEC1
:1031200010FA00F1CA879DF84F70A74EA74B0C9973
:1031300003224FF0000804922BF0800B4729D8BFE0
:103140001E460892CDF8388017B1049B01330493D2
:103150001BF002030A9302D0049B023304931BF07A
:1031600084030B9340F08082079B049A9C1A002CE6
:1031700040F37A82102C1D991C9A954F23DD484606
:103180001025C146B046059E04E0103C102C00F10D
:10319000080015DD01321031072A1D911C920760CD
:1031A0004560F2DD1BAA0399304604F0CBFC0028F1
:1031B0007FF4CEAE103C102C1D991C9A28A8E9DC97
:1031C0004646C846814601326318072A1D931C9261
:1031D000C9F80070C9F8044000F3E2839DF84F700D
:1031E00009F1080977B11C9A013201330DF14F0042
:1031F0000121072A1D931C9289E8030000F35F83D5
:1032000009F108090A9A6AB11C9A0132023314A81A
:103210000221072A1D931C9289E8030000F35B83B7
:1032200009F108090B9A802A00F07E82089AC2EB05
:103230000804002C34DD102C1C9A664F23DD49460F
:103240004FF01008B146059D039E04E0103C102C81
:1032500001F1080115DD01321033072A1D931C927C
:1032600081E88001F2DD1BAA3146284604F06AFCA1
:1032700000287FF46DAE103C102C1D9B1C9A28A9D1
:10328000E9DC4E46894601322344072A1D931C92ED
:10329000C9F80070C9F8044000F3058309F1080972
:1032A0001BF4807F40F0E2811C9A0898C9F8006006
:1032B00001320344072A1D93C9F804001C9200F34D
:1032C000C28209F108091BF0040F3ED0079A049945
:1032D000541A002C39DD102C1C9A3D4F22DD10258C
:1032E000059EDDF80C8004E0103C102C09F1080963
:1032F00018DD01321033072A1D931C92C9F80070A3
:10330000C9F80450F0DD1BAA4146304604F01AFC0F
:1033100000287FF41DAE103C102C1D9B1C9A0DF153
:10332000A009E6DC01322344072A1D931C92C9F848
:103330000070C9F8044008DD1BAA0399059804F041
:1033400001FC00287FF404AE1D9B069A079904989F
:103350008142ACBF521812180692002B40F07F82B7
:1033600000231C930DF1A00922E54BF0080B9AF8FD
:10337000003050E50C93A846002A40F09A874BF0A5
:10338000100B1BF020037FF4FAAD1BF0100240F08D
:1033900091831BF0400300F08D8309998DF84F2035
:1033A0000B46B8F1000F03F104030C884FF0000541
:1033B000C0F2AB8554EA05012BF0800B099300F0B5
:1033C0003E811746F0E500BF344D0020304D00200F
:1033D000E4090020004E00200C93A846002A40F08B
:1033E00059874BF0100B1BF0200300F0E782099F78
:1033F000073727F00703002703F10802B8450992B1
:10340000D3E900458DF84F70BFF64BAE54EA050383
:103410007FF44DAE38AE303406F8414D28AB9B1BDF
:103420000893089B4345B8BF4346049300230E937B
:103430008AE60C93A846002A40F028871BF0200F4C
:10344000C24800F08680099F073727F00703D3E9B9
:10345000004503F1080209921BF0010700F04782C2
:1034600054EA050300F0A384002730239DF83020A0
:103470008DF85030B8458DF851208DF84F704BF0D5
:103480000203C0F217862BF0800343F0020B28AE34
:10349000230904F00F0143EA05732A091C46154667
:1034A000435C06F8013D54EA0503F1D1B6E70999FA
:1034B0000C930A688DF8782000230A461F468DF881
:1034C0004F30043201230493B8460E9709920893B3
:1034D0001EAE3DE60C93A846002A3FF4C8AD8DF819
:1034E0004F10C4E54BF0400B9AF8003093E49AF883
:1034F000003000297FF48FAC012220218BE44BF0B7
:10350000010B9AF8003086E4099C2368079318465B
:103510000028234603F10403FFF6DFAC09939AF871
:10352000003078E49AF8003001222B2173E40C93E8
:10353000A846002A3FF457AF8DF84F1053E70C937D
:10354000A846002A40F0AA861BF0200F80487FF48E
:103550007AAF099A1BF0100F134640F0C1821BF09E
:10356000400F00F0BD82043314880993002573E7EF
:103570009AF800306C2B03BF9AF801304BF0200B07
:103580000AF1010A4BF0100B45E4002A40F06F8667
:103590001BF0200F00F06683099A06991368CD1777
:1035A0000846043229460992C3E9000100E44BF0C1
:1035B000200B9AF800302EE4099A0C931668002428
:1035C0008DF84F40171D002E00F06585002DC0F2CC
:1035D000A2842A462146304603F0ECFE002800F083
:1035E000CC85831B0893A04623EAE37309970493D1
:1035F000CDF838809DF84F70A6E555480C92B8F18B
:10360000000F40F0848147464FF00008CDF820803D
:1036100028AE06E70C93002A40F02D860C9A002A6B
:103620003FF48FAC002301211F4604918DF87820D0
:103630008DF84F3098460E9308911EAE88E5B8F18C
:10364000000F00F08B85002700240025ACE44048E3
:103650000C929B4654EA050309974FF000077FF44C
:1036600016AF0024002512E71D9BBBE50C9A652AC6
:1036700040F3A180B5EE408BF1EE10FA40F04981A5
:103680001C9A3449C9F80010013201330121072A7C
:103690001D931C92C9F8041000F3928309F10809E4
:1036A000159A0D998A4203DB1BF0010F3FF40BAE14
:1036B0001C9A0F981099C9F8001001320344072A88
:1036C0001D93C9F804001C9200F3D68309F1080980
:1036D0000D9A541E002C7FF7F6AD102C1C9A1E4F2D
:1036E00040F3DC811025059EDDF80C8005E009F132
:1036F0000809103C102C40F3D18101321033072A05
:103700001D931C92C9F80070C9F80450EFDD1BAA84
:103710004146304604F016FA00287FF419AC1D9B90
:103720001C9A0DF1A009E4E7079A0499541A002C99
:103730007FF77CAD102C1C9A074F2EDD49461025D3
:10374000C1461846B046059E0DE000BFE0130020BC
:10375000404D00201C4D0020004E0020103C102C3D
:1037600001F1080115DD01321030072A1D901C926D
:103770000F604D60F2DD1BAA0399304604F0E2F9B8
:1037800000287FF4E5AB103C102C1D981C9A28A94A
:10379000E9DC46460346C846894601322344072AE7
:1037A0001D931C92C9F80070C9F8044000F34682CA
:1037B00009F108093AE50D9AC9F80060012A1C9A36
:1037C00003F1010302F101024FF001011D931C926C
:1037D000C9F8041040F31082072A00F3158209F19A
:1037E00008090F981099C9F8001001320344072AFC
:1037F0001D931C92C9F8040000F3138209F1080913
:10380000B5EE408BF1EE10FA0D9900F0F58001391C
:10381000013201360B44072AC9F800601C921D933F
:10382000C9F8041000F31D8109F108091198C9F8BD
:1038300004000132034417A9072A1D931C92C9F8FA
:1038400000107FF73EAD1BAA0399059804F07AF9A2
:1038500000287FF47DAB1D9B0DF1A00933E51BAA69
:103860000399059804F06EF900283FF479ADFFF74D
:103870006FBB0999B8F1000F0C688DF84F3001F15A
:1038800004074FF00005C0F2718354EA050209975E
:103890002BF0800B1F467FF40AACB8F1000F3FF409
:1038A000B3AE0024B6E51BAA0399059804F04AF9C3
:1038B00000287FF44DAB1D9B0DF1A009F0E41BAA7D
:1038C0000399059804F03EF900287FF441AB1D9B55
:1038D0000DF1A00996E41BAA0399059804F032F9AA
:1038E00000287FF435AB1D9B0DF1A0099AE4B8F1D7
:1038F000000F8DF84F70C0F26F8254EA05032BF071
:10390000800B7FF4C4ADB8F1000F3FF47CAE00270C
:10391000A7E6159C002C40F361820E9A0D998A420D
:10392000A8BF0A46002A14460DDD1C9AC9F800609B
:1039300001322344072A1D93C9F804401C9200F366
:10394000728309F108090E9A002CA8BF121B002AE5
:10395000144640F3F180102C1C9AC14F40F3198299
:1039600049461025B146DDF81480039E04E0083175
:10397000103C102C40F30B8201321033072A1D93A8
:103980001C920F604D60F2DD1BAA3146404604F0E8
:10399000D9F800287FF4DCAA1D9B1C9A28A9E7E728
:1039A0001BAA0399059804F0CDF800287FF4D0AA4B
:1039B0009DF84F701D9B0DF1A00913E41BF0100240
:1039C0007FF457AF1BF040033FF453AF09998DF8D4
:1039D0004F200B46B8F1000F03F104030C884FF0A1
:1039E0000005C0F2948254EA05012BF0800B099384
:1039F00017467FF45CAB50E74C1E002C7FF716AFE8
:103A0000102C974F22DD1025059EDDF80C8004E078
:103A1000103C102C09F1080918DD01321033072A77
:103A20001D931C92C9F80070C9F80450F0DD1BAA60
:103A30004146304604F086F800287FF489AA103CFD
:103A4000102C1D9B1C9A0DF1A009E6DC01322344C9
:103A5000072A1D931C92C9F80070C9F804407FF72B
:103A6000E3AE1BAA0399059804F06CF800287FF4D4
:103A70006FAA1D9B1C9A0DF1A009D7E61BF0100F31
:103A800033D11BF0400F30D00999B1F90040043117
:103A9000E51722462B460991FFF7F8BA0132234475
:103AA000072A1D931C92C9F80070C9F804407FF7DB
:103AB00008ACC8E60999B8F1000F0C688DF84F30D2
:103AC00001F104074FF00005C0F2C58054EA050279
:103AD0002BF0800B09973FF4B2AD1F46FFF764BA95
:103AE0001C68043309930025B6E4099A1468134648
:103AF0000433E51722460993002A2B4673F100038D
:103B0000BFF6C9AA64424FF02D0765EB4505B8F131
:103B1000000F8DF84F70FFF6CAAA2BF0800BFFF74D
:103B2000C6BA1BAA0399059804F00CF800287FF484
:103B30000FAA1D9B0DF1A0090E99159A31440D464F
:103B40000D998A4247DB1BF0010F44D10D980644C2
:103B5000741B821A9442A8BF1446002C26460DDD21
:103B60001C99C9F800500131234407291D93C9F855
:103B700004401C9100F3808209F10809002EACBFBB
:103B8000941B1446002C7FF79EAB102C1C9A344FCC
:103B900084DD1025059EDDF80C8005E009F108099B
:103BA000103C102C7FF77AAF01321033072A1D9397
:103BB0001C92C9F80070C9F80450EFDD1BAA4146F9
:103BC000304603F0BFFF00287FF4C2A91D9B1C9A5A
:103BD0000DF1A009E4E71C990F9C1098C9F80000AA
:103BE0000131234407291D93C9F804401C9100F3B7
:103BF000268209F10809A9E71BF0010F7FF4ECAD5B
:103C0000072A7FF711AE2CE71BAA0399059803F04A
:103C100099FF00287FF49CA91D9B1C9A0DF1A00917
:103C2000DFE51BAA0399059803F08CFF00287FF4B9
:103C30008FA91D9B1C9A0DF1A009E1E51BAA039910
:103C4000059803F07FFF00287FF482A91D9B0DF1EA
:103C5000A009FFF7EBBA09970027FFF7A5B900BF46
:103C6000004E00201BF0100F0BD11BF0400F08D0AE
:103C7000099A136804320992BDF818201A80FFF7D8
:103C800097B8099A136804320992069A1A60FFF7E6
:103C90008FB8B4EE488BF1EE10FA80F19E820C9B47
:103CA000B8F1FF3F23F0200500F02582472D00F0FA
:103CB00026814BF480730A9318EE903A002BC0F2E1
:103CC0001D82B0EE48AB00270C9B662B00F00282F1
:103CD000462B00F0EC80B0EE4A0B452D0CBF08F1EE
:103CE0000104444619AA16AB01920093224615AB73
:103CF0000221059802F00EF80C9B672B064640F057
:103D00000E821BF0010F00F066823119B5EE40AB58
:103D1000F1EE10FA00F08581199B994206D9302006
:103D20005A1C19921870199B9942F9D89B1B472D60
:103D30000D9300F01F810C9B652B40F3FF810C9BC2
:103D4000662B159B00F0FC810E930E9A0D998A420A
:103D5000C0F2D8811BF0010F40F0348222EAE273F6
:103D6000089267220C92002F40F0F680B846049328
:103D7000DDF828B09DF84F70FFF7E6B927F0070788
:103D800007F1080397ED008B0993FFF7BEB94E4684
:103D9000894601322344072A1D931C92C9F80070FA
:103DA000C9F804403FF7BDAE09F10809C4E6002791
:103DB000B8458DF84F70FFF654AC2BF0800B1EE425
:103DC0001BAA0399059803F0BDFE00287FF4C0A844
:103DD0001D9B0DF1A00963E4099F3BE41C9AB949BE
:103DE000C9F80010013201330121072A1D931C92EA
:103DF000C9F8041076DC09F108092CB90D9A1AB932
:103E00001BF0010F3FF45FAA1C9A0F981099C9F894
:103E1000001001320344072A1D93C9F804001C92C4
:103E200000F3B68109F108096442002C40F3878051
:103E3000102CA54F40F3128149461025B146DDF8FC
:103E40001480039E04E00831103C102C40F30481E0
:103E500001321033072A1D931C920F604D60F2DD72
:103E60001BAA3146404603F06DFE00287FF470A87F
:103E70001D9B1C9A28A9E7E71BAA0399059803F044
:103E800061FE00287FF464A81D9B0DF1A0091FE4CA
:103E900040210598FDF76EFB039A10601061002821
:103EA00000F0ED81039A40235361FEF774BF19AA15
:103EB00016AB01920093424615AB0321B0EE4A0BBC
:103EC000059801F027FF444606460C9B462B06EB5F
:103ED00004017FF41BAF3378302B00F08D81159CEB
:103EE000214413E71BAA0399059803F02BFE002831
:103EF0007FF42EA8159C1D9B0DF1A0097DE7B8F15C
:103F0000000F08BF4FF00108D3E60993A4E6099318
:103F10001746FFF77BBA3046FEF714FCA04603466F
:103F20000890FFF761BB1BAA0399059803F00AFEEE
:103F300000287FF40DA81D9B1C9A0DF1A0090D9877
:103F4000C9F8006001320344072A1D931C92C9F886
:103F500004007FF7B6A976E42D270493DDF828B096
:103F60008DF84F704FF00008FFF7EFB809971F4624
:103F7000FFF74CBA159BDA1C02DB9845BFF6E4AE9E
:103F80000C9A023A0C92013B002B9DF830201593BD
:103F9000B8BF5B428DF85C20B4BF2D222B22092BC9
:103FA0008DF85D2040F306810DF16B000446474A11
:103FB00082FB0321DA17C2EBA10202EB8201A3EB21
:103FC000410303F13001092A134604F8011DEEDC18
:103FD00021463033DAB201F8012D884240F2628185
:103FE0000DF15E01234601E013F8012B01F8012BCE
:103FF0009842F9D1431C1B1B0DF15E02134417AA12
:104000009B1A0D9A1193012A1344089340F3FF80E1
:10401000089B0F9A1344002208930E9223EAE3733D
:10402000A1E60B4682E61BAA0399059803F08AFDD8
:1040300000287EF48DAF1D9B0DF1A00983E41BAA1F
:104040000399059803F07EFD00287EF481AF159A50
:104050001D9B0DF1A00979E54E46894601322344A6
:10406000072A1D931C92C9F80070C9F804403FF755
:104070005AAF09F1080962E71BAA0399059803F0F2
:1040800061FD00287EF464AF159A0D991D9B8A1A74
:104090000DF1A00972E5062D2B4628BF06230893D3
:1040A00023EAE373B04609970E9637460493084E09
:1040B000FFF74AB89B46FFF7EAB92D278DF84F70F6
:1040C000FFF733B81C4D0020004E0020676666667F
:1040D000544D002019AA16AB01920093032115AB91
:1040E0004246B0EE4A0B059801F014FE44460646DF
:1040F00000EB0801EFE64FF00608DAE5B1EE48AB59
:104100002D27E1E50F9A0D9B13440E9A0893002A80
:1041100040F38680672223EAE3730C9223E60C9B2C
:10412000472B7FF4F2AD1BF0010F7FF4CEAE199B4D
:10413000472DA3EB06030D933FF41CAF159B22E71D
:10414000002B1A460E9373DDB8F1000F4BD11BF014
:10415000010F48D123EAE373089204E61BF0010F34
:10416000474605D038AE302306F8413DFFF756B933
:10417000CDF8208028AEFFF754B925EAE5730997FA
:104180000493089580460E909DF84F70FEF7DCBFB3
:104190001BAA0399059803F0D5FC00287EF4D8AE3D
:1041A000159C1D9B1C9A0DF1A0093DE6A246002519
:1041B000FEF733BE303330228DF85F308DF85E204D
:1041C00018AB1CE70F9A0E9B1344672208930C92BE
:1041D00023EAE373C7E5199BA8E53C4E3C4B9DF8E9
:1041E0004F70FEF7A4BF0E9B0F9A9D1805EB0803B6
:1041F000089323EAE373B6E5B5EE40ABF1EE10FAAF
:104200003FF46DAEC4F10104159421447EE51BF02A
:1042100001037FF4FDAE0E93089B23EAE373A2E54E
:104220000E9B089AC3F101031A441346089271E7E2
:10423000B8F1000F02D11BF0010F07D00F9B5D1CDE
:1042400005EB0803089323EAE3738CE50123089345
:1042500089E509989AF8013005680430002D099025
:10426000A246BEF6D8AD4FF0FF35FEF7D4BD8DF8AF
:104270004F10FFF78DB98DF84F10FFF7CFB9059AA2
:104280000C2313604FF0FF30FEF76BBE8DF84F101C
:10429000FFF7D4B88DF84F10FFF7A3B88DF84F1083
:1042A000FFF752B90DF15E03A9E68DF84F10FEF746
:1042B00062BE8DF84F10FFF762B88DF84F10FEF711
:1042C00016BF8DF84F10FEF7D0BE00BF3C4D00204A
:1042D000384D0020F0B5DFF878E0164604460F466A
:1042E000BEE80F008BB06D460FC5BEE80F000FC5CE
:1042F0009EE80300B31E45F8040B222B297022D838
:104300007D1E2846002200E01A46B4FBF6F10AABF7
:1043100006FB114423440C4613F8283C00F8013FE7
:10432000531C0029F0D1F954BB184AB1197815F87B
:10433000010F29700134111B8C4203F80109F5DBD0
:1043400038460BB0F0BD002038700BB0F0BD00BF98
:104350005C4D00202DE9F04F2DED068BB9B01C46C9
:104360008A4616460546059002F0A2FF03681093A0
:104370001846FEF7E7F909940F901DB1AB6B002BBF
:1043800000F02781BAF90C2093B29F040AD4DAF81E
:10439000641042F4005321F40051AAF80C30CAF81A
:1043A00064109BB21D0740F1DB80DAF81020002A70
:1043B00000F0D68003F01A030A2B00F0DF80002300
:1043C0009FEDA68B9FEDA79B0D931D931C931193BF
:1043D000069328AB1B939946B3469BF800305C4686
:1043E000EBB1252B02D11AE0252B03D014F8013FA5
:1043F000002BF9D1CBEB04058DB11C9B1D9AC9F89C
:1044000000B001332A44072BC9F804501D921C93B5
:1044100000F3C48009F10809069B2B440693237816
:10442000002B00F0C48000231A468DF84F30194647
:10443000079303934FF0FF38637804F1010B45466F
:104440000BF1010BA3F12000582800F23A84DFE8B9
:1044500010F0F00338043804F90338043804380441
:104460003804380438045C032A0438045D000F0162
:1044700038042B016A036A036A036A036A036A0346
:104480006A036A036A0338043804380438043804B9
:10449000380438043804380438047A03970338049D
:1044A00097033804380438043804CC03380438043B
:1044B0003201380438043804380438045B01380405
:1044C0003804AE0238043804380438043804380498
:1044D0003804380438043804EF02020397039703C2
:1044E00097033903020338043804400338044A03AD
:1044F000C40064000104380409043804D3033804F8
:104500003804DB030798099340420790039B43F06C
:10451000040303939BF8003092E70998A846002112
:1045200004688DF84F10071D0398302378228845C2
:104530008DF850304FF000058DF8512040F0020307
:10454000C0F2DC8320F0800343F00203039354EABB
:104550000503099700F0AD830F460C92434857E2DC
:104560005146059801F08CFA002840F0EB87BAF824
:104570000C3003F01A030A2B7FF421AFBAF90E3086
:10458000002BFFF61CAF234632465146059801F03A
:104590001DFA39B0BDEC068BBDE8F08F1BAA514661
:1045A000059803F08BFB48B90DF1A00934E71D9B7A
:1045B00023B105981BAA514603F080FBBAF80C30D2
:1045C000590600F1BF87069839B0BDEC068BBDE8EF
:1045D000F08F059802F080FBD4E60C93A846002AE1
:1045E00041F0CC81039A12F0200371D0099F073764
:1045F00027F00703002703F10801B8450991D3E923
:1046000000458DF84F70C0F2168722F080030393A7
:1046100054EA050300F06A8328AEE20842EA4572D4
:10462000E90804F007030D461446303354EA050246
:1046300006F8013DF1D1039AD40740F1A380302B55
:1046400000F0A0803022731E06F8012C28AAD21A8E
:1046500008921E4699E000BFAFF300800000000002
:1046600000000000FFFFFFFFFFFFEF7F404D002035
:104670009BF800302A2B0BF1010401F05881A3F1C3
:104680003000092898BF002501F2FB8014F8013B97
:1046900005EB850500EB4505A3F130000928F5D9A8
:1046A00045EAE575A346CDE6039B43F080030393FB
:1046B0009BF80030C4E60C93A846002A41F07581AF
:1046C000039B43F010030393039A12F020038DD150
:1046D000039911F0100200F0838609988DF84F308D
:1046E000B8F1000F046800F104074FF00005C0F2B4
:1046F000A1860A4622F08002039254EA0502099735
:1047000000F0F4821F4687E70C93A846002A41F088
:104710004481039B43F010030393039A12F0200398
:1047200000F0B584099F073727F00703002703F13E
:104730000801B8450991D3E900458DF84F70C0F2E2
:10474000DF8422F08003039354EA050300F0A9817B
:10475000002D08BF0A2CC0F0D78428AE2046294679
:104760000A220023FCF794FC303206F8012D204683
:10477000294600230A22FCF78BFC04460D4654EA26
:104780000503EBD128AB9B1B0893089B4345B8BF9F
:104790004346049300230E9317B1049B0133049303
:1047A000039B13F002030A9302D0049B0233049389
:1047B000039B13F084030B9340F0AD82079B049A94
:1047C0009C1A002C40F3A782102C1D991C9ABA4FFA
:1047D00021DD4B461025B146059E04E0103C102C0F
:1047E00003F1080315DD01321031072A1D911C92D7
:1047F0001F605D60F2DD1BAA5146304603F05EFA91
:1048000000287FF4DBAE103C102C1D991C9A28ABBD
:10481000E9DC4E46994601326318072A1D931C9223
:10482000C9F80070C9F8044000F3F2839DF84F7096
:1048300009F1080977B11C9A013201330DF14F00DB
:104840000121072A1D931C9289E8030000F36D8360
:1048500009F108090A9A6AB11C9A0132023314A8B4
:104860000221072A1D931C9289E8030000F3698343
:1048700009F108090B9A802A00F0AB82089AC2EB72
:104880000804002C30DD102C1C9A8C4F1FDD4FF0DB
:104890001008059D04E0103C102C09F1080916DDF4
:1048A00001321033072A1D931C9289E88001F2DD42
:1048B0001BAA5146284603F001FA00287FF47EAE79
:1048C000103C102C1D9B1C9A0DF1A009E8DC013254
:1048D0002344072A1D931C92C9F80070C9F80440AC
:1048E00000F3178309F10809039AD00500F1158236
:1048F0001C9A0898C9F8006001320344072A1D93E6
:10490000C9F804001C9200F3EE8209F10809039A29
:1049100050073CD5079A0499541A002C37DD102C07
:104920001C9A654F20DD1025059E04E0103C102CDC
:1049300009F1080918DD01321033072A1D931C9272
:10494000C9F80070C9F80450F0DD1BAA5146304682
:1049500003F0B4F900287FF431AE103C102C1D9BFD
:104960001C9A0DF1A009E6DC01322344072A1D93AD
:104970001C92C9F80070C9F8044008DD1BAA514612
:10498000059803F09BF900287FF418AE1D9B069A4A
:10499000079904988142ACBF521812180692002B56
:1049A00040F0AD8200231C930DF1A00915E50C9396
:1049B000A846002A40F0ED87039B41489E0640F13F
:1049C0002D81099F073727F00703D3E9004503F13D
:1049D00008020992039A12F0010700F0BE8254EA1D
:1049E000050300F046859DF830208DF85120002702
:1049F000039A8DF84F703023B8458DF8503042F04F
:104A00000203C0F2EC8622F0800343F0020303931A
:104A100028AE230904F00F0143EA05732A091C4656
:104A20001546435C06F8013D54EA0503F1D1A9E6B9
:104A300009990C930A688DF8782000230A461F46CE
:104A40008DF84F30043201230493B8460E97099233
:104A500008931EAEA4E60C93A846002A40F0A18756
:104A6000039B9C067BD5099F073727F00707D7E9EB
:104A7000002307F10801099114461D46002A73F12D
:104A80000003C0F20284B8F1000F9DF84F70C0F22D
:104A90003783039B23F08003039354EA05037FF4D9
:104AA00057AEB8F1000F40F0D5834FF00008CDF8B5
:104AB000208028AE69E600BFF4090020104E0020D7
:104AC000E0130020039B43F0400303939BF8003066
:104AD000B6E49BF800306C2B00F08485039840F01E
:104AE00010000390ACE4002A40F04087039B9A0634
:104AF00040F15D84099A06991368CD17084604327F
:104B000029460992C3E9000167E4099C23680793D9
:104B100018460028234603F10403FFF6F3AC09937B
:104B20009BF800308CE4A3F1300000231C461BF8F6
:104B3000013B04EB840400EB4404A3F1300009289A
:104B4000F5D907947EE40C93A846002A40F01D870F
:104B5000039B43F010030393039B9C0683D4039BA6
:104B6000D80600F16382039B590640F15F820999E0
:104B7000B1F900400431E51722462B4609917DE743
:104B80000C93A846002A40F01887039B099F1A0738
:104B900007F1070740F1028427F0070393ED008B2C
:104BA00003F108020992B0EEC87BB4EE497BF1EE46
:104BB00010FA40F37D83B5EEC08BF1EE10FA00F1F0
:104BC00011869DF84F70A04EA04B039921F08001F3
:104BD00003910C9903224FF0000804924729D8BF93
:104BE0001E460892CDF83880D6E5039B43F00803B3
:104BF00003939BF8003023E40C93A846002A3FF46B
:104C00008CAD8DF84F1088E50C93A846002A40F033
:104C1000D086039B8E489E063FF5D3AE039BDD06F0
:104C200040F10C84099A1346043314680993002553
:104C3000D0E69BF8003000297FF402AC012220214D
:104C4000FFF7FEBB039B43F0010303939BF8003087
:104C5000FFF7F6BB039B43F0200303939BF8003060
:104C6000FFF7EEBB099A0C93166800248DF84F40AD
:104C7000171D002E00F07885002DC0F2CA842A4648
:104C80002146304602F096FB002800F0CF85831BBA
:104C90000893A04623EAE37309970493CDF838807C
:104CA0009DF84F7078E59BF8003001222B21FFF72B
:104CB000C7BB67480C92B8F1000F40F05F814746D0
:104CC000F3E60C93002A40F055860C9A002A3FF434
:104CD0006EAC002301211F4604918DF878208DF8D9
:104CE0004F3098460E9308911EAE59E5B8F1000F6B
:104CF00000F0A7850027002400258DE45448039385
:104D00000C9254EA050309974FF000077FF480AE38
:104D1000002400257CE61D9B8CE50C9A652A40F357
:104D20009D80B5EE408BF1EE10FA40F029811C9A7F
:104D30004849C9F80010013201330121072A1D93A7
:104D40001C92C9F8041000F39F8309F10809159A11
:104D50000D998A4203DB039AD1077FF5D8AD1C9ADF
:104D60000F981099C9F8001001320344072A1D93C7
:104D7000C9F804001C9200F33F8409F108090D9A58
:104D8000541E002C7FF7C3AD102C1C9A324F40F3F9
:104D900098811025059E05E009F10809103C102CAA
:104DA00040F38F8101321033072A1D931C92C9F8FA
:104DB0000070C9F80450EFDD1BAA5146304602F0DE
:104DC0007DFF00287FF4FAAB1D9B1C9A0DF1A00912
:104DD000E4E7079A0499541A002C7FF74FAD102C82
:104DE0001C9A1D4F21DD49461025B146059E04E061
:104DF000103C102C01F1080115DD01321033072A97
:104E00001D931C920F604D60F2DD1BAA5146304687
:104E100002F054FF00287FF4D1AB103C102C1D9BF6
:104E20001C9A28A9E9DC4E46894601322344072A08
:104E30001D931C92C9F80070C9F8044000F3188251
:104E400009F108091AE500BF344D0020304D00205B
:104E5000404D00201C4D0020104E00200D9A012ACC
:104E600040F3C0811C9AC9F800600132013301216E
:104E7000072A1D931C92C9F8041000F3D18109F18F
:104E800008090F981099C9F8001001320344072A45
:104E90001D931C92C9F8040000F3CF8109F10809A1
:104EA000B5EE408BF1EE10FA0D9900F0C880013993
:104EB000013201360B44072A1C921D93C9F8006089
:104EC000C9F8041000F39F8109F108091198C9F885
:104ED00004000132034417A9072A1D931C92C9F844
:104EE00000107FF712AD1BAA5146059802F0E6FEAE
:104EF00000287FF463AB1D9B0DF1A00907E51BAAF9
:104F00005146059802F0DAFE00283FF44BADFFF75A
:104F100055BB1BAA5146059802F0D0FE00287FF42D
:104F20004DAB1D9B0DF1A009DEE41BAA514605986F
:104F300002F0C4FE00287FF441AB1D9B0DF1A009D7
:104F400088E41BAA5146059802F0B8FE00287FF4B9
:104F500035AB1D9B0DF1A0098CE4B8F1000F8DF865
:104F60004F70C0F2EC8222F08003039354EA0503F1
:104F70007FF44EADB8F1000F3FF4A1AE0027C7E6B5
:104F8000159C002C40F38C820E9A0D998A42A8BF82
:104F90000A46002A14460DDD1C9AC9F80060013249
:104FA0002344072A1D93C9F804401C9200F365832B
:104FB00009F108090E9A002CA8BF121B002A1446FA
:104FC00040F3B380102C1C9AB84F40F34482102554
:104FD000DDF8148005E009F10809103C102C40F3BD
:104FE0003A8201321033072A1D931C92C9F80070CF
:104FF000C9F80450EFDD1BAA5146404602F05EFEA0
:1050000000287FF4DBAA1D9B1C9A0DF1A009E4E7A0
:105010001BAA5146059802F051FE00287FF4CEAA43
:105020009DF84F701D9B0DF1A00903E4099A1468C7
:1050300013460433E517099322462B461EE54C1E02
:10504000002C7FF743AF102C984F40F305811025BB
:10505000059E05E009F10809103C102C40F3FC8086
:1050600001321033072A1D931C92C9F80070C9F849
:105070000450EFDD1BAA5146304602F01FFE002807
:105080007FF49CAA1D9B1C9A0DF1A009E4E70399EB
:1050900011F0100221D009988DF84F30B8F1000FAF
:1050A000046800F104074FF0000527DB0A4622F0F0
:1050B0008002039254EA050209971F467FF448AB29
:1050C000EFE401322344072A1D931C92C9F80070B3
:1050D000C9F804407FF719AC05E7039911F04003C4
:1050E00040F03A8209998DF84F30B8F1000F0C6802
:1050F00001F104074FF0000580F2708109971F4607
:1051000054EA05037FF424AB38AE303406F8414D41
:10511000FFF738BB1BAA5146059802F0CFFD0028C7
:105120007FF44CAA1D9B0DF1A0090E99159A3144EC
:105130000D460D998A4244DB0399CF0741D40D985F
:105140000644741B821A9442A8BF1446002C2646BB
:105150000DDD1C99C9F800500131234407291D9326
:10516000C9F804401C9100F3178309F10809002EC7
:10517000ACBF941B1446002C7FF7C9AB102C1C9AB3
:105180004A4F9EDD1025059E04E009F10809103CF8
:10519000102C96DD01321033072A1D931C92C9F89A
:1051A0000070C9F80450F0DD1BAA5146304602F0E9
:1051B00085FD00287FF402AA1D9B1C9A0DF1A00911
:1051C000E5E71C990F9C1098C9F8000001312344B1
:1051D00007291D93C9F804401C9100F3678209F167
:1051E0000809ACE7039AD4073FF53CAE1C9AC9F80E
:1051F0000060013201330121072A1D931C92C9F876
:1052000004107FF761AE1BAA5146059802F056FDC7
:1052100000287FF4D3A91D9B1C9A0DF1A00955E627
:105220001BAA5146059802F049FD00287FF4C6A943
:105230001D9B1C9A0DF1A00923E61BAA5146059857
:1052400002F03CFD00287FF4B9A91D9B1C9A0DF1CA
:10525000A00925E6002457E701322344072A1D93BD
:105260001C92C9F80070C9F804407FF72DAECAE758
:105270001BAA5146059802F021FD00287FF49EA943
:105280001D9B0DF1A009FFF7F9BA64424FF02D07FD
:1052900065EB4505B8F1000F8DF84F70FFF658AA81
:1052A000039B23F080030393FFF752BA104E0020B4
:1052B000B4EE488BF1EE10FA80F116830C9BB8F136
:1052C000FF3F23F0200500F08782472D00F0848106
:1052D000039B43F480730A9318EE903A002BC0F2BC
:1052E0008682B0EE48AB00270C9B662B00F06382F1
:1052F000462B00F05681B0EE4A0B452D0CBF08F14D
:105300000104444619AA16AB01920093224615AB3C
:105310000221059800F0FEFC0C9B672B064640F02E
:105320009F82039BDA0740F1D4823119B5EE40AB7E
:10533000F1EE10FA00F09F81199B994206D93020B6
:105340005A1C19921870199B9942F9D89B1B472D2A
:105350000D9300F089810C9B652B40F390820C9B90
:10536000662B159B0E9300F053820E9A0D998A427C
:10537000C0F24182039BD90700F1978222EAE273CF
:10538000089267220C92002F40F0648104930A9BDC
:105390000393B8469DF84F70FFF7FEB927F0070753
:1053A00007F1080397ED008B0993FFF7FCBB039B04
:1053B000DB060BD4039B5F0608D5099A13680432F9
:1053C0000992BDF818201A80FFF707B8099A1368E8
:1053D00004320992069A1A60FEF7FFBF039A66E646
:1053E000039911F0400317D009988DF84F20034618
:1053F000B8F1000F03F1040304884FF00005C0F278
:10540000528221F08001039154EA050109933FF48F
:105410006DAC1746FFF700B909998DF84F30B8F118
:10542000000F0C6801F104074FF0000502DB039A3E
:10543000FFF760B909970027FFF7EEB8039B099AB9
:1054400013F0400F134600F0818004331488099351
:105450000025FFF7BFBA01322344072A1D931C928F
:10546000C9F80070C9F804403FF754AE09F10809C3
:105470005BE60027B8458DF84F70FFF649AC039BFB
:1054800023F08003039316E41BAA5146059802F00B
:1054900015FC00287FF492A81D9B0DF1A00956E48D
:1054A0001C9AB949C9F80010013201330121072AB9
:1054B0001D931C92C9F8041066DC09F108092CB987
:1054C0000D9A1AB9039AD2077FF521AA1C9A0F9850
:1054D0001099C9F8001001320344072A1D93C9F836
:1054E00004001C9200F3D18109F108096442002CE8
:1054F00040F3A380102CA54F40F3CB801025DDF89E
:10550000148005E009F10809103C102C40F3C1801B
:1055100001321033072A1D931C92C9F80070C9F894
:105520000450EFDD1BAA5146404602F0C7FB00289D
:105530007FF444A81D9B1C9A0DF1A009E4E7099F84
:10554000FFF7DFBB4FF0FF30FFF73EB804331468BE
:1055500009930025FFF73EBA09988DF84F200346BE
:10556000B8F1000F03F1040304884FF00005C0F206
:10557000A58121F08001039154EA050109931746A2
:105580007FF4E6A8FFF78DBA1BAA5146059802F0F2
:1055900095FB00287FF412A8159C1D9B0DF1A00916
:1055A0008DE719AA16AB01920093424615AB032171
:1055B000B0EE4A0B059800F0ADFB444606460C9B46
:1055C000462B06EB04017FF4B1AE3378302B00F0AC
:1055D0009181159C2144A9E6B8F1000F08BF4FF056
:1055E000010875E6039B43F0200303930BF1010BC5
:1055F0009BF80030FEF724BF1BAA5146059802F025
:105600005DFB00287EF4DAAF1D9B0DF1A009FFF7CA
:10561000B6BB3046FDF796F8A04603460890FFF764
:1056200039BB1BAA5146059802F048FB00287EF4BE
:10563000C5AF1D9B1C9A0DF1A0090D98C9F800601B
:1056400001320344072A1D931C92C9F804007FF716
:105650005CA948E42D2704930A9B03938DF84F70AF
:105660004FF00008FFF799B8159BDD1C2BDB984520
:1056700029DB0E9379E60B4668E61BAA514605988E
:1056800002F01CFB00287EF499AF1D9B0DF1A009D0
:1056900090E401322344072A1D931C92C9F800703C
:1056A000C9F80440BDDC09F10809C6E71BAA514648
:1056B000059802F003FB00287EF480AF159A1D9B2D
:1056C0000DF1A0093BE50C9A023A0C92013B002B2C
:1056D0009DF830201593B8BF5B428DF85C20B4BFB5
:1056E0002D222B22092B8DF85D2040F3EA800DF14D
:1056F0006B000446264A82FB0321DA17C2EBA102A3
:1057000002EB8201A3EB410303F13001092A1346A6
:1057100004F8011DEEDC21463033DAB201F8012D28
:10572000884240F22F810DF15E01234601E013F81B
:10573000012B01F8012B9842F9D1431C1B1B0DF1E1
:105740005E02134417AA9B1A0D9A1193012A13445F
:10575000089340F3DA80089B0F9A134400220893C1
:105760000E9223EAE3730EE6062D2B4628BF06238E
:10577000089323EAE373B04609970E9637460493DD
:10578000044EFFF709B800BF1C4D0020104E00204A
:1057900067666666544D00201BAA5146059802F0C4
:1057A0008DFA00287EF40AAF159A0D991D9B8A1A6E
:1057B0000DF1A009DBE419AA16AB019200930321B5
:1057C00015AB4246B0EE4A0B059800F0A3FA4446EA
:1057D000064600EB0801F8E64FF0060878E503936B
:1057E000FFF716B92D278DF84F70FFF7ECB9B1EE22
:1057F00048AB2D2778E50F9A0D9B13440E9A08931A
:10580000002A40F38C80672223EAE3730C92BAE506
:10581000002B40F39A80B8F1000F5CD1039AD407B3
:1058200059D41A46089223EAE373ACE525EAE573F6
:1058300009970493089580460E909DF84F70FEF7E7
:10584000ABBF039BDB07474605D538AE302306F8D0
:10585000413DFEF797BFCDF8208028AEFEF795BFFB
:105860000C9B472B7FF461AD039BDB073FF5A7AE95
:10587000199B472DA3EB06030D933FF4F5AE159B43
:1058800024E7A3460025FEF7DDBD1BAA5146059877
:1058900002F014FA00287EF491AE159C1D9B1C9A10
:1058A0000DF1A00922E60993C5E50F9A0E9B13445A
:1058B000672208930C9223EAE37364E50993174681
:1058C0001EE4303330228DF85F308DF85E2018AB47
:1058D00038E7199B3AE50E9B0F9A9D1805EB0803D4
:1058E000089323EAE3734EE5364E374B9DF84F702D
:1058F000FFF76BB9B5EE40ABF1EE10FA3FF469AECD
:10590000C4F101041594214410E5039B13F0010335
:105910007FF421AF0E93089B23EAE37333E50E9BDC
:10592000089AC3F101031A44134608926BE70998D9
:105930009BF8013005680430002D0990A346BEF69F
:105940007FAD4FF0FF35FEF77BBDB8F1000F02D100
:10595000039BD80707D50F9B5D1C05EB0803089335
:1059600023EAE3730FE5012308930CE58DF84F104C
:10597000FFF7BCB88DF84F10FFF7A7B98DF84F109F
:10598000FEF730BE0DF15E03DCE68DF84F10FFF739
:10599000DFB88DF84F10FFF70FB88DF84F10FEF7F6
:1059A000B8BE8DF84F10FFF75BB88DF84F10FEF7BB
:1059B00087BE8DF84F10FFF72CB98DF84F10FFF709
:1059C000E4B800BF3C4D0020384D0020F0B50C4637
:1059D000ADF26C4D8989666EE589199621F0020158
:1059E000666AADF80E500025E769ADF80C1009960F
:1059F00006951AAE4FF480656946009604960295A6
:105A0000059507970646FEF7A5FC051E07DB304601
:105A1000694601F0CDF8002818BF4FF0FF35BDF8FA
:105A20000C305B0603D5A38943F04003A3812846CD
:105A30000DF26C4DF0BD00BF21B1FF2A04D80A70F1
:105A400001207047084670478A2303604FF0FF30FB
:105A5000704700BF70B50D46084C114606461A4601
:105A6000284600232360F8F723F9431C00D070BDBB
:105A70002368002BFBD0336070BD00BFCCF1002049
:105A800038B5304B1B6805460C4613B19A6B002A9B
:105A900038D0B4F90C2093B218070CD52069A8B1FE
:105AA00013F001021ED0636900225B42A361A26071
:105AB000F0B1002038BDD9063CD5580726D420695E
:105AC00042F00803A3819BB20028E9D103F42072BD
:105AD000B2F5007FE4D02846214601F027FCA389D7
:105AE0002069DDE7990758BF6269A2600028E0D10C
:105AF000B4F90C301A06DDD543F04003A3814FF012
:105B0000FF3038BD184601F0E7F8C2E7216B51B10C
:105B100004F14003994204D0284601F035F9B4F964
:105B20000C200023236300232069636022F02402F9
:105B30002060C5E742F0400209232B604FF0FF30A0
:105B4000A28138BD2C5F00202DE9F047254C256847
:105B5000D5F848410646884692469946C4B36068DF
:105B60001F2817DC431C76B104EB80050122C5F821
:105B700088A0D4F8881182401143022EC4F88811FD
:105B8000C5F808911ED00230636044F820800020E0
:105B9000BDE8F087144B03B34FF4C870FBF7DAFC91
:105BA0000446D0B1D5F84831002780E88800C5F810
:105BB000484138460123C4F88871C4F88C71002E1E
:105BC000E1D0D1E7D4F88C110A43C4F88C21DAE78C
:105BD00005F5A674C5F84841C1E74FF0FF30BDE8B0
:105BE000F08700BFE0090020511D010002690B6928
:105BF000934200F38D802DE9F04F03F1FF3801F15E
:105C0000140700F1140B57F828205BF828304FEAEE
:105C1000880483B00132B3FBF2F90BEB0403009468
:105C200007EB040A0193B9F1000F39D00025BC46F7
:105C3000DE462B465CF8046BDEF80020B4B209FBAC
:105C40000455360C2C0C09FB0644ADB25B1BA6B206
:105C500013FA82F3C6EB124606EB23469BB243EAE5
:105C60000643E2454EF8043B4FEA14454FEA26430B
:105C7000E0D2009B5BF8033093B9019C231F9B4546
:105C80000CD254F8043C4BB9A4F1080302E01A68A2
:105C9000043B1AB99B4508F1FF38F8D3C0F81080CF
:105CA000044601F0DFFD00282EDB09F101095D4605
:105CB000002357F8041B28688AB29A1A090C12FAB2
:105CC00080F2C1EB104303EB224391B241EA03415E
:105CD000BA4545F8041B4FEA2343EAD25BF8282073
:105CE0000BEB880382B91A1F93450BD253F8042C8F
:105CF00042B9083B02E01A68043B1AB99B4508F117
:105D0000FF38F8D3C4F81080484603B0BDE8F08FE0
:105D1000002070472DE9F04F57EC106B93B0056CE5
:105D2000019104469046049310EE10AABB464DB173
:105D3000426C6A6001239340AB60294601F0B0FBDE
:105D400000232364BBF1000F5E4634DB1C9A002362
:105D50001360C44B1A463340934215D04BEC17AB3B
:105D6000B5EE407BF1EE10FACDE902AB2AD1049AF0
:105D7000012313601D9B002B00F0B780BA48186008
:105D8000013813B0BDE8F08F049A42F20F7313602C
:105D9000BAF1000F00F09280B4481D9B002BF0D0A8
:105DA000C378002B00F0A38000F108031D9A136054
:105DB00013B0BDE8F08F1C9A01232BF0004613604E
:105DC000B346C6E711A910AA9DED020B204601F0CB
:105DD000F5FD310D07907AD110981199014401F227
:105DE0003243202B40F34182C3F1400301F21242BF
:105DF0009E402AFA02F3334307EE903AB8EE677BEF
:105E0000012553EC172B0139A3F1F8730A9543ECE4
:105E1000172BB7EE086B9FED8D4B37EE466B9FED62
:105E20008D7B9FED8E5BA6EE047B06EE901AB8EE9E
:105E3000E66BA6EE057BFDEEC76BB5EEC07BF1EE23
:105E400010FACDED026A00F11C81029D162D00F2C0
:105E50001581874B03EBC50393ED007B4BEC16AB31
:105E6000B4EEC67BF1EE10FA40F306826B1E02938D
:105E700000230C93411AB1F1010900F117810023AD
:105E80000693029B002BC0F2088199440B930023D8
:105E90000593019B092B2CD8052B40F35F85043B10
:105EA000019300230E93019B023B032B00F25F85BD
:105EB000DFE813F0A902E501B502C8036B4B6D4A98
:105EC000C6F31300002814BF1846104665E7DDE945
:105ED0000223C3F3130040F07F530025A1F2FF31EA
:105EE00043F4401310980A9591E7634849E7C31CAF
:105EF0005CE70021616420468846019101F0AAFA1E
:105F00004FF0FF370123089020640D970993119BF0
:105F1000002B7ADB029A0E2A77DC554BB8F1000F82
:105F200003EBC20393ED004BC0F28482B1EE442B2D
:105F30004BEC17AB87EE046BBDEEC66B089A16EE02
:105F4000103A012F03F13003B8EEC65B02F1010BEA
:105F50001370A2EE057B22D0B2EE043B27EE037B4A
:105F6000B5EE407BF1EE10FA3AD0089A06E027EE43
:105F7000037BB5EE407BF1EE10FA31D087EE046B77
:105F8000BDEEC66B16EE103A30330BF8013BC2EB98
:105F90000B03BB42B8EEC65BA2EE057BE7D137EE42
:105FA000077BB4EEC74BF1EE10FA08D4B4EE474BC2
:105FB000F1EE10FA14D116EE103ADB0710D51BF8EB
:105FC000010C089A0BF1FF3304E09A4200F0E583DC
:105FD00013F8010D392803F1010BF6D001301870C8
:105FE0000799204601F05CFA0022029B8BF8002002
:105FF000049A013313601D9B002B00F06683089800
:10600000C3F800B013B0BDE8F08F099A002A53D04E
:10601000019A012A40F32E8205997A1E9142C0F21C
:1060200057838B1A0E93002F069BC0F224840A9389
:106030003B46069A01211A4420460692994401F0F3
:10604000C7FA06463DE000BFAFF3008061436F63CF
:10605000A787D23FB3C8608B288AC63FFB799F5081
:106060001344D33F0000F07F1D4D0020904D0020D1
:10607000A8020020844D00201C4D002001230C9319
:10608000F8E6B8EEE66BB4EE467BF1EE10FA3FF4BC
:10609000DCAE029B013B0293D7E6069A029BD21A22
:1060A0005B420593002306920B93F2E6C9F10003CD
:1060B00006934FF00009E4E6059B0E93099E069BAC
:1060C0000A930A990B4661B1B9F1000F09DD494500
:1060D000069AA8BF4B46D21A0692CA1A0A92C3EB76
:1060E0000909059B002B40F38082099A002A00F0E1
:1060F0009A810E9A002A00F096813146204601F0DE
:1061000009FB079A01460646204601F06BFA0799FB
:106110000546204601F0C4F9059B0E9A9B1A05938B
:1061200040F080810121204601F052FA0B9B05903E
:10613000002B00F0AC8101461A46204601F0EAFA35
:10614000019B0590012B40F3808200230793059A61
:10615000136902EB8303186901F0ECF9C0F1200028
:10616000484410F01F0000F09081C0F12003042B80
:1061700040F3F883C0F11C00069B034406930A9B7E
:1061800003440A938144069B002B05DD29461A46E9
:10619000204601F00FFB0546B9F1000F05DD4A4628
:1061A0000599204601F006FB05900C9B002B40F062
:1061B0000182002F40F32082099B002B40F07B815D
:1061C000DDF820B0DDF814A0D84602E001F072F945
:1061D000054651462846FFF709FD00F1300908F849
:1061E000019BCBEB0803BB424FF00A024FF00003C8
:1061F00029462046EADB089B012FACBFDB1901339F
:106200009B464FF0000A29460122204601F0D2FAAF
:106210000599079001F026FB002840F38C821BF8BB
:10622000012C08990BF1FF3304E08B4200F003824C
:1062300013F8012D392A03F1010BF6D001321A703F
:106240000599204601F02CF9002E3FF4C9AEBAF1B1
:10625000000F05D0B24503D05146204601F020F989
:106260003146204601F01CF9BAE6C3F120030AFAD0
:1062700003F307EE903AC1E500230C93FAE50023FF
:106280000993029B43445F1C002F0D9340F32D8222
:106290003E463D460021172E61640AD9012204239F
:1062A0005B0003F11400B042114602F10102F7D97C
:1062B0006164204601F0CEF80E2D089020643FF670
:1062C00026AE0E9B002B3FF422AE02990029CDE9A9
:1062D0000EAB40F34182C64B01F00F0203EBC2024A
:1062E0000B11DE0692ED006B40F1FB81C14A92ED8D
:1062F000087B4BEC14AB03F00F03032184EE075B28
:106300005BB1BC4ADD0704D592ED007B013126EE7E
:10631000076B5B1002F10802F4D185EE064B0C9B73
:106320003BB1B7EE007BB4EEC74BF1EE10FA00F1D3
:10633000B78207EE901AB8EEE76BB1EE0C7BA6EED3
:10634000047B53EC172BA3F15073002F00F0A681B0
:10635000029E39460998002800F04D82B6EE003BB7
:10636000A348089D00EBC10010ED026BBDEEC47B9D
:1063700083EE065B17EE100A43EC162B3030C0B2EA
:1063800035EE465BB8EEC77B34EE477BB4EEC75BB9
:10639000F1EE10FA287005F1010B32DCB7EE003B8C
:1063A00033EE476BB4EEC65BF1EE10FA00F3AE824B
:1063B000012940F3CD81B2EE044B089B19440AE059
:1063C00033EE476BB4EEC56BF1EE10FA00F19E822E
:1063D0008B4500F0BD8127EE047B25EE045BBDEE0E
:1063E000C76B16EE103A03F13000C0B2B8EEC66BC0
:1063F00037EE467BB4EEC57BF1EE10FA0BF8010BDD
:10640000DED50296ECE500230993B8F1000F40F3C6
:10641000708146464546CDF8348047463AE7012329
:106420000993F2E70795059A0799204601F072F95A
:10643000054677E6002F3FF779AD40F04281B1EE97
:10644000047B24EE074B4BEC17ABB4EEC74BF1EEDD
:1064500010FA3E460597C0F2E5806FEA0803DDF8C2
:1064600020B002930599204601F01AF8002E3FF45F
:10647000B7ADF5E60A9A002A00F00282059A0E925C
:10648000069A0A9203F23343D3E51C2074E6019B7B
:10649000012B40F340820B9B0793012060E63146BD
:1064A00000230A22204601F005F80D9B002B06462A
:1064B00040F34D821F460A9B002B05DD31461A46EC
:1064C000204601F077F90646079B002B40F06E81CD
:1064D000B046089B013FDA1909920AF001020A92BC
:1064E0001F46DDF814B028465946FFF77FFB3146BA
:1064F0008246284601F0B6F9424659468146204672
:1065000001F0D2F9C36883460AF13002002B49D169
:1065100001462846079201F0A5F959460690204603
:1065200000F0BEFF069B079A2BB9019919B90A9989
:10653000002900F0F581B9F1000FC0F2DF8005D12C
:10654000019919B90A99002900F0D880002B00F3AD
:106550004181099B3A7007F101099F42CB4600F047
:106560004681294600230A22204600F0A3FF464523
:10657000054631464FF000034FF00A0220460BD08B
:1065800000F098FF4146064600230A22204600F00C
:1065900091FF4F468046A4E700F08CFF4F46064629
:1065A00080469EE701462046069200F079FF0123CF
:1065B000069AC0E70599284601F054F90028BFF66D
:1065C000F8AD2946029D0023013D0A22204602958E
:1065D00000F070FF099B0546002B7FF460AF0D9B18
:1065E000002B40F3AD811F46EAE5079D9AE500BF09
:1065F000A802002080020020019B022B7FF7DCAD67
:10660000002F40F069813B4605990522204600F0A5
:1066100051FF01460590284601F024F9002807950E
:106620007FF71BAF029A08993123013202920B7057
:1066300001F1010B16E7029A01320292089A312306
:106640001370FDE5012309931BE6BAF1000F7FF4F7
:106650007CADCBF31303002B40F01B812BF00043E8
:106660001B0D1B05002B00F05481069B0133069384
:10667000012309F1010907930B9B0120002B3FF433
:106680006FAD64E507EE901AB8EEE76BB1EE0C7BE8
:10669000A4EE067B53EC172BA3F1507343EC162B9F
:1066A000B1EE047B34EE477BB4EEC67BF1EE10FA1C
:1066B00000F3DD80B1EE466BB4EEC67BF1EE10FA6E
:1066C00046D5002305931E46C7E60898FFF759BB39
:1066D000059B0B990592D31A194400230B910E9335
:1066E000A1E49DED0E5B02210AE63D4600216164B6
:1066F000DFE501250D952F46A846F7E7002B9146CB
:1067000011DD29460122204601F054F8059905467D
:1067100001F0A8F8002840F30C81B9F1390F00F01E
:10672000DD800AF13109B24687F8009007F1010BCC
:106730004646079584E504D119F0010F01D06EE5B6
:1067400093461BF8013C302B0BF1FF32F8D077E574
:10675000DDE90EABFFF7DBBB029B5B42002B00F0D9
:106760009B808B4A03F00F0102EBC10292ED007B8C
:106770009DED0E6B1B1126EE074B00F0E680854A5F
:106780000221D80704D592ED007B013124EE074B9E
:106790005B1002F10802F4D1C1E5089930220A70B9
:1067A000029A1BF8010C0132029217E4716820462C
:1067B00000F050FE33699A1C8046920006F10C01ED
:1067C0000C30F8F7ADF941460122204600F0F2FF07
:1067D00080467EE6392A00F0818002F10109B24646
:1067E00087F8009007F1010B4646079528E5B24669
:1067F0009146464607E56648BDEEC46B4D1E00EB6C
:10680000C50043EC172B90ED003B16EE103A23EE3B
:10681000073B089830330129B8EEC66B037000F1CE
:10682000010B34EE467B14D0B2EE045B089B194496
:106830005B4627EE057BBDEEC76B16EE102A3032A5
:1068400003F8012B9942B8EEC66B37EE467BF0D1C8
:10685000AB44B6EE006B33EE065BB4EEC75BF1EE15
:1068600010FA43D502961BF8010CFFF7AABB0023D0
:1068700005931E46D6E6DB1B0A930023FFF7D9BB20
:10688000059A109B0E92069A0A92C3F13603FFF7FF
:10689000D0BB00230793EFE69DED0E4B02213EE5B2
:1068A000002F3FF4EFAE0D9800287FF751AFB2EE06
:1068B000045BB1EE0C7B013106EE901A24EE054B21
:1068C000029BB8EEE66B5E1EA4EE067B53EC172B24
:1068D0000146A3F150733DE50795BEE53922B24666
:1068E000079546463A7007F1010B9AE436EE436B82
:1068F000B4EEC76BF1EE10FA01DC29E793461BF802
:10690000013C302B0BF1FF32F8D07AE50296FFF70D
:1069100058BB0793B0E6BAF1000F7FF4BCAD98E620
:10692000392ACB469146D9D0BBF1000F3FF7F9AEDB
:10693000F9E67FF4F8AE19F0010F3FF4F4AEECE69F
:10694000019B022B08DC0D9F3AE40221E7E4019B46
:10695000022B01DC0D9FAEE50D9F51E601230E9346
:10696000FFF7A1BA3FF40FACC0F13C0004E40025EE
:1069700065642946204600F06DFD4FF0FF37012386
:106980000890A84620640D970993FFF7C0BA00BF8E
:10699000A8020020800200202DE9F043314D87B08D
:1069A0002F6804460E4690461D46002B3BD0B7EE9E
:1069B000007BB4EEC70B05ABF1EE10FA0193CDF8F6
:1069C000008038463346224622D40321FFF7A2F93D
:1069D000059B31689842C1F100012BD2491B2B461F
:1069E00010F8012B03F8012B059A824203EB0106F4
:1069F000F6D8B44221DDA21B1A44302103F8011B52
:106A00009A42FBD100231370284607B0BDE8F083FB
:106A1000BFEE007BB4EEC70BF1EE10FAD5DD02211C
:106A2000FFF778F9D4E73A6D00F123039A4206DDC7
:106A30007D6DBCE70E462B46DBE71A46E2E700F128
:106A400024094A46796D38468DED020BFBF7CAF9E9
:106A500005460028D8D0C7F8509078659DED020B08
:106A6000A5E700BF2C5F0020B1F90C309AB22DE9E8
:106A7000F0410D46110780463CD46A6843F4006338
:106A8000002AAB8173DDAC6A002C4BD09BB203F4BF
:106A90008052002192B2D8F80060C8F80010002A95
:106AA00069D02A6D5F0705D569682B6B521A0BB147
:106AB000EB6BD21A0023E9694046A047441C3CD046
:106AC000B5F90C302A692A6023F400630022AB81F7
:106AD000DB046A6049D4296BC8F8006011B305F182
:106AE0004003994202D0404600F04EF9002028634E
:106AF000BDE8F0812E69AEB12C682E6090070CBF06
:106B00006B690023A41BAB600AE0234632466F6A20
:106B1000E9694046B8470028A4EB0004064404DDB8
:106B2000002CF2DC0020BDE8F081AB8943F040038B
:106B3000AB814FF0FF30BDE8F081D8F800201D2A6E
:106B4000F3D81A4BD34003F0010383F00104002B68
:106B5000EBD0B5F90C302969296023F40063D9041E
:106B60006C60AB81B7D5002AB5D12865B3E7EA6B75
:106B7000002A88DCD6E70123E9694046A047431C88
:106B8000024602D0AB89AC6A8CE7D8F80030002B03
:106B9000F8D01D2B01D0162B02D1C8F80060C1E738
:106BA000AB8943F04003AB81BDE8F0810100402098
:106BB00010B5044682B008B1836B53B1B1F90C0033
:106BC00008B902B010BD204602B0BDE81040FFF782
:106BD0004BBF019100F080F80199EFE7014900F007
:106BE0003DBB00BF9D8501002DE9F04F354B456849
:106BF000C3630024074600F53B7204230321C0F859
:106C0000E412C0F8E822C0F8E04283B02C606C6067
:106C1000AC606C66EC812C616C61AC61AB8121462F
:106C200005F15C000822FBF709F8BE68DFF898B0B0
:106C3000DFF898A0DFF89890DFF89880C5F820B0CA
:106C400001230922C5F824A0C5F82890C5F82C8096
:106C5000ED612146F381B28106F15C00346074601D
:106C6000B460746634617461B46108220193FAF708
:106C7000E5FFFD68F66112200222C6F820B0C6F8D2
:106C800024A0C6F82890C6F82C802146A881EA8165
:106C90002C606C60AC606C662C616C61AC6105F161
:106CA0005C000822FAF7CAFF019BED61C5F820B02D
:106CB000C5F824A0C5F82890C5F82C80BB6303B0A4
:106CC000BDE8F08FD9730100B9820100DD820100B7
:106CD0001983010039830100836B03B17047FFF70B
:106CE00083BF00BF704700BF704700BFF8B5234F98
:106CF0000C460646FAF7F0FFBB685D6825F0030511
:106D0000291B01F6EF7121F47F6121F00F01A1F53C
:106D10008054B4F5805F07DB00213046FBF752FA60
:106D2000BB682B44984204D03046FAF7D7FF0020C6
:106D3000F8BD61423046FBF745FA01300DD0104BEB
:106D4000BA6819682D1B45F001053046091B5560CE
:106D50001960FAF7C3FF0120F8BD00213046FBF7A8
:106D600031FABA68831A0F2BDEDD064C0449246819
:106D700043F00103001B53600860D5E71C5B002053
:106D800060E40020245F0020002945D02DE9F04177
:106D90000D468046FAF7A0FF55F8047C6A4927F0B3
:106DA0000103A5F10804E2188E685068B24220F091
:106DB000030062D0FE0750600BD455F8087CE41B3A
:106DC00001F1080EA56875453B446FD0E768EF6098
:106DD000BD6015186D68ED0742D543F00102626091
:106DE000E350B3F5007F18D2DB085A1C4D6851F808
:106DF0003270A76001209B1000FA03F301EBC20080
:106E00001D430838E0604D6041F83240FC60404668
:106E1000BDE8F041FAF762BF70475A0A042A53D816
:106E20009A0902F139077F0002F1380501EB87006A
:106E300051F827204449083890424DD0516821F03C
:106E400003018B4202D292689042F7D1D068E06091
:106E5000A2608460D4604046BDE8F041FAF73EBFCE
:106E600095683A4FBD4203443FD0D068E86043F094
:106E7000010285606260E350B3E7FF07034407D473
:106E800055F8082CA41A1344A068E268C260906008
:106E90002F4A126843F00100934260608C60B6D3C1
:106EA0002C4B40461968FFF721FFB0E711184968DD
:106EB000C90744D49168D268CA60034443F0010012
:106EC00091606060E350A2E7142A17D802F15C07D2
:106ED0007F0002F15B05A9E7AA104B68012505FABE
:106EE00002F213434B600246B1E743F001024C61EA
:106EF0000C61E560A5606260E35088E7542A06D81B
:106F00001A0B02F16F077F0002F16E058EE7B2F5F2
:106F1000AA7F06D8DA0B02F178077F0002F1770525
:106F200084E740F25450824206D89A0C02F17D0761
:106F30007F0002F17C0579E7FE277E2576E743F0A6
:106F400001026260E35062E71C5B0020245B0020CA
:106F5000285F002090E400209368002B76D02DE974
:106F6000F04F8B8985B00C4619070190164629D53C
:106F700022693AB303F002081FFA88F03568002846
:106F80002FD04FF00009B44FC846B246B84543462B
:106F90004A4628BF3B460198B8F1000F50D0E1693E
:106FA000666AB047002871DDDAF808301B1A8144A0
:106FB000C0EB0808CAF80830002BE7D1002005B064
:106FC000BDE8F08F21460198FEF75AFD002840F0F9
:106FD0003A81A389356803F002081FFA88F0002877
:106FE000CFD113F001095BD14F4602961FB39A052A
:106FF000D4F808802CD54745C246C0F0A48013F4CD
:10700000906F40F0B180206852464946FAF7B2FDD1
:10701000A0682368C8EB00005344A0602360384692
:10702000029A93681B1A81443F1A9360002BC5D0C3
:10703000A389002FDBD1D5F800906F680835D5E71C
:10704000D5F80090D5F8048008359FE700207047F8
:1070500020682369984203D861698F4280F0B78025
:10706000B84528BFB84642464946FAF783FDA368AB
:107070002268C8EB03034244A3602260002B49D17D
:1070800021460198FFF794FD002843D0B4F90C3055
:1070900043F040034FF0FF30A38105B0BDE8F08F0F
:1070A0008046029082468146B9F1000F2AD0029BA9
:1070B000002B4CD0206823696269C845C34628BFAD
:1070C000CB4698425F4604D9A36813449B4500F31E
:1070D0009080934520DB1346676AE1690198524628
:1070E000B847071ED2DDB8EB070823D0B368DB1B17
:1070F000BA44C7EB0909B360002B3FF45FAFB9F1A5
:10710000000FD4D10023D5F800A0D5F80490029345
:107110000835C9E7404683E75A465146FAF72AFD43
:10712000A2682368CBEB02025B44B8EB0708A260BD
:107130002360DBD121460198FFF73AFD0028A5D155
:10714000CDF80880D2E72068B846BA465CE74A46E0
:107150000A21504600F02EF900286FD0013001239B
:10716000CAEB00080293A5E762692068216902EB77
:107170004208C1EB000A08EBD8780AF101004FEA97
:10718000680838444045424684BF804642465B0515
:1071900042D511460198FAF7EDF98346002855D0FB
:1071A00052462169F7F7BCFCA38923F4906343F0AE
:1071B0008003A381CAEB08030BEB0A00C4F8148018
:1071C000C4F810B02060A360B846BA461CE76FF060
:1071D0000043BB4228BF3B464A4693FBF1F301986C
:1071E000666A01FB03F3E169B04700283FF718AF77
:1071F0004CE71A4651460393FAF7BCFC2268039BFE
:1072000001981A4422602146FFF7D2FC039B002814
:107210007FF43CAF1F4666E70198FAF7E3FD83462B
:107220000028C7D1019D21692846FFF7ADFDB4F9BB
:107230000C300C2223F080032A6029E7012309F196
:107240000108029336E74FF0FF30B8E6019A0C23AD
:107250001360B4F90C301BE700FCFF7F2DE9F84305
:1072600010F538771FD0884606464FF000097D6834
:10727000BC68013D11D4A389012B05F1FF3508D964
:10728000B4F90E3001332146304602D0C04749EAF6
:1072900000096B1C04F16804EDD13F68002FE6D1B2
:1072A0004846BDE8F883B9464846BDE8F88300BFC4
:1072B000044A054B1268506B002808BF1846F0308E
:1072C000704700BF2C5F0020B059002070B50D46FC
:1072D000B1F90E10002990B014461E4614DB01AA25
:1072E00000F000FE00280FDB029A02F47042A2F5C3
:1072F0000052B2FA82F252094FF480634FF40060F8
:107300003260236010B070BDA88900F0800082B2A6
:10731000002030601AB14023236010B070BD4FF4DC
:1073200080631046236010B070BD00BF8A89920749
:107330000B4606D501F1430201211A601A61596119
:107340007047F0B583B001AB6A460C460546FFF7BF
:10735000BDFF009906462846FAF70CF9B4F90C303F
:10736000D0B1019A124F0099EF6343F08003A381DB
:107370002060206161611AB93343A38103B0F0BD7D
:107380002846B4F90E1000F0C1FDB4F90C30002805
:10739000F2D043F00103EFE79A05EFD404F1430282
:1073A00043F002030121A381226022616161E5E7CC
:1073B000D973010001F0FF01102A2BDB10F0070F39
:1073C00008D010F8013B013A8B422DD010F0070F86
:1073D00042B3F6D1F0B441EA012141EA014122F081
:1073E00007047FF000070023F0E80256083C85EA16
:1073F000010586EA010685FA47F5A3FA87F586FABC
:1074000047F6A5FA87F68EB9EED1F0BC01F0FF0180
:1074100002F0070232B110F8013B013A83EA01039E
:1074200013B1F8D10020704701387047002D06BF16
:1074300035460338073815F0010F07D1013015F430
:10744000807F02BF013015F4C03F0130F0BC01382D
:10745000704700BFC36C70B505460C464BB153F87E
:10746000240080B1026843F8242000230361C36034
:1074700070BD21220421F9F79FFFE864034600282C
:10748000EDD1002070BD012101FA04F6721D2846DD
:107490009200F9F791FF0028F3D044608660E4E79A
:1074A00031B1C36C4A6853F82200086043F82210D7
:1074B000704700BFF0B50C6983B00D46064601F178
:1074C000140E0027DEF8000081B202FB01310B0C24
:1074D000000C02FB003389B2013701EB0341BC42CF
:1074E0004EF8041B4FEA1343ECDC3BB1AA6894420C
:1074F00007DA05EB8402013453612C61284603B09E
:10750000F0BD6968019301313046FFF7A3FF2A6996
:10751000023205F10C01074692000C30F7F700FB30
:10752000F26C6968019B52F82100286042F82150F2
:107530003D46DEE7030C1B04B3B90004102310F032
:107540007F4F04BF0002083310F0704F04BF0001EA
:10755000043310F0404F04BF80000233002807DBE3
:10756000420003D4202070470023E8E7581C7047EE
:1075700018467047036813F0070207D0D90720D4D4
:107580009A0720D49B0803600220704799B209B97A
:107590001B0C102213F0FF0F04BF1B0A083219073F
:1075A00004BF1B090432990704BF9B080232D907A4
:1075B00004D45B0801D120207047013203601046DB
:1075C0007047002070475B0803600120704700BFD0
:1075D00010B50C460121FFF73DFF01224461026115
:1075E00010BD00BF2DE9F04F0D691769BD4283B092
:1075F0000C46164604DA2A4634463D460E461746E1
:10760000A368616805EB07089845C8BF0131FFF71B
:1076100021FF00F1140C0CEB8809CC45009005D239
:107620006346002143F8041B9945FBD806F1140278
:1076300002EB870A04F11403524503EB850E54D282
:10764000CDF80490994652F8043B1FFA83FBBBF136
:10765000000F20D000204F466646054600E01E463B
:1076600057F8044B3068A1B283B20BFB0131240CF4
:10767000000C4B190BFB040000EB134099B233468E
:1076800041EA0041BE454FEA104543F8041BE6D8E5
:10769000756052F8043C5FEA134B20D0DCF80030F0
:1076A000674618464D46002100E037462C88000CFE
:1076B0000BFB040001449CB23E4644EA014346F8F9
:1076C000043B786855F8044B83B2240C0BFB04345C
:1076D00004EB1143AE454FEA1341E6D87B60924577
:1076E0000CF1040CAFD8DDF80490B8F1000F0BDDFD
:1076F00059F8043CA9F104091BB105E059F8043D0F
:1077000013B9B8F10108F9D10098C0F8108003B09E
:10771000BDE8F08F12F003032DE9F041144607464F
:107720002ED10E46A4101CD0BD6C95B3E3074FF0CC
:10773000000806D4641014D02868A8B10546E307F1
:10774000F8D52A4631463846FFF74CFFB6B1726885
:10775000FB6C641053F82210316043F82260064637
:10776000EAD13046BDE8F0812A4629463846FFF77F
:1077700039FF2860C0F800800546E0E70646D9E7F3
:107780005A1E0B4D002355F82220FFF793FE0646A4
:10779000C8E701213846FFF75DFE40F27121012262
:1077A0000023416102610546B8640360BEE700BF83
:1077B000640E00202DE9F04791460A698B684FEA74
:1077C000691404EB020808F101059D420E46824649
:1077D000496804DD5B009D4201F10101FADC50467D
:1077E000FFF738FE002C00F1140238DD02EB8403B1
:1077F000002142F8041B9342FBD1346906F11401C5
:1078000019F01F0901EB840E21D0C9F120020024D8
:107810000F6807FA09FC4CEA04049C4643F8044B41
:1078200051F8044B8E4524FA02F4F1D8CCF8044008
:107830000CB108F10205DAF84C307268013D53F8DA
:1078400022100561316043F82260BDE8F087043BF7
:1078500051F8042B43F8042F8E45F9D8EBE7134673
:10786000CBE700BF02690B69D21A13D19B00143019
:107870001431194410B4034401E098420CD253F877
:10788000044D51F8042D9442F7D009D301205DF83E
:10789000044B70471046704700205DF8044B70475A
:1078A0004FF0FF30F3E700BF2DE9F8430B690F46B7
:1078B00011695B1A002B904617D1890007F1140259
:1078C00008F114055318294401E09A425ED253F896
:1078D000046D51F8044DA642F7D060D23B461446E1
:1078E00047464FF00109984606E05DDB07F11405B5
:1078F00002F114044FF000097968FFF7ABFDD8F8E6
:1079000010303E69C0F80C9004EB830CA64605EBE2
:10791000860700F1140400235EF8041B55F8048B5D
:107920008AB213FA88F3090C9A1AC1EB184303EBD5
:10793000224392B242EA0342F44544F8042B4FEA50
:107940002343E9D8AF4217D9A446294651F804EB9E
:1079500013FA8EF2131403EB1E4392B242EA03426F
:107960008F424CF8042B4FEA2343EFD8ED433D44BC
:1079700025F0030504352C44043C22B954F8043D99
:10798000013E002BFAD00661BDE8F8830021FFF725
:1079900061FD0122002302614361BDE8F8832C46AA
:1079A0004FF000091546A7E73B4607F1140408F11C
:1079B000140547464FF0010998469DE72DE9F0432D
:1079C00057EC106B83B0884601213C46C7F30A553B
:1079D0001746FFF73FFDC4F3130481460DB144F48D
:1079E000801401941EB302A840F8086DFFF7C2FD91
:1079F000002834D19DE80C00C9F81420002B0CBFDE
:107A000001210221C9F81830C9F81010DDB909EBBD
:107A10008103A0F23240C8F800001869FFF78AFD20
:107A2000C0EB41103860484603B0BDE8F08301A8C0
:107A3000FFF7A0FD019BC9F8143001212030C9F8DF
:107A40001010002DE3D0A5F233450544C0F13500F8
:107A5000C8F800503860484603B0BDE8F0839DE8A0
:107A60000C00C0F1200103FA01F10A43C340019365
:107A7000C9F81420C2E700BF70B50D46144606468B
:107A800018B1836B0BB9FFF727F9A368013B002BF3
:107A9000A36005DBE8B223685A1C22601D7070BD2C
:107AA000A269934202DBE8B20A28F4D122462946B1
:107AB0003046BDE8704000F00BB900BF10B50C4671
:107AC000B1F90E1000F04AFA002803DB236D0344DD
:107AD000236510BDA38923F48053A38110BD00BF8B
:107AE0002DE9F0411646B1F90C201F46D3050C468E
:107AF000054607D500220223B1F90E1000F018FA4E
:107B0000B4F90C20B4F90E1022F48052A2813B4645
:107B100032462846BDE8F041FDF79CBF10B50C4643
:107B2000B1F90E1000F004FAA389421C0EBF23F431
:107B3000805343F480532065A38110BDB1F90E102A
:107B400000F01CB92DE9F04F936883B09046002BEC
:107B500072D083464FF00009166808688B680D469E
:107B60004C46002C45D09C421F469A4646D3AB89D2
:107B700013F4906F2DD06F69296907EB4707C1EBAC
:107B8000000A07EBD777601C7F105044B8423A4692
:107B900084BF07463A465B0533D511465846F9F788
:107BA000E9FC002837D0524629690190F6F7B8FF62
:107BB000AA89019B22F4906242F08002AA81CAEB5A
:107BC000070203EB0A006F612B612860AA60274659
:107BD000A24652464946F9F7CDFFD8F80820AB68CF
:107BE0002868DB1B5044141BAB602860C8F80840B1
:107BF00014B3D6F8009074680836B2E72746A24658
:107C0000E7E75846FAF7EEF803460028D7D1296986
:107C10005846FFF7B9F80C23CBF80030AB890022A7
:107C200043F040034FF0FF30AB81C8F80820C8F89C
:107C3000042003B0BDE8F08F0020C8F8040003B0B2
:107C4000BDE8F08F4B6E2DE9F0479C0492462CD591
:107C5000936812683BB30F46804602F1080919E9A0
:107C60006000B60817D0043D002401E0A64210D001
:107C70003A4655F8041F404600F020F9431C04F131
:107C80000104F3D10023CAF80830CAF80430BDE873
:107C9000F087DAF80830A3EB8603CAF8083009F158
:107CA0000809002BDBD10020ECE7FFF755F9002392
:107CB000CAF80830CAF80430BDE8F08793680BB101
:107CC000FFF7C0BF10B4184653605DF8044B70470F
:107CD000F8B50D461446064610B1836B002B4AD00A
:107CE000B4F90C20A369A36091B2080738D52369C1
:107CF000002B35D08904EFB215D522686169D31AFB
:107D00008B421CDA0133A168501C0139A16020604C
:107D1000157062699A421AD0A389DB0701D50A2F30
:107D200015D03846F8BD616E42F4005221F400517E
:107D3000A281226861666169D31A8B42E2DB214627
:107D40003046FEF735FF40B922680123DBE72146C4
:107D50003046FEF72DFF0028E3D04FF0FF37E0E775
:107D600021463046FDF78CFE0028F6D1B4F90C20F0
:107D7000236991B2BEE7FEF7AFFFB1E738B5074C14
:107D80000023054608462360F7F72CFD431C00D06E
:107D900038BD2368002BFBD02B6038BDCCF1002010
:107DA00000293DD070B505460C4608B1836B7BB306
:107DB000B4F90C300BB9002070BD21462846FEF7FF
:107DC00053FEE36A064633B1E16928469847002826
:107DD000B8BF4FF0FF36A3891B061CD4216B41B1FD
:107DE00004F14003994202D02846FEF7CDFF00235C
:107DF0002363616C21B12846FEF7C6FF002363644C
:107E0000FEF770FF0023A381FEF76EFF304670BDC2
:107E1000FEF762FFCCE721692846FEF7B5FFDDE7F4
:107E2000002070472DE9F04782B08046894614460D
:107E3000F9F778FB012833D004F15C034A4601A925
:107E4000404600F0A1F8B0F1FF3F824621D088B350
:107E50009DF80460002508E023685A1C22601E700B
:107E60000135554526D201AB5E5DA368013B002B71
:107E7000A360F1DAA769BB4231462246404601DBE6
:107E80000A2EE9D1FFF724FF431CE9D102B0BDE877
:107E9000F087A38943F04003A38102B0BDE8F087D7
:107EA00009F1FF33FE2BC7D85FFA89F682468DF8B9
:107EB0000460CFE7484602B0BDE8F087B2F90C3065
:107EC00013F4005F0BD110B4546E43F4005344F428
:107ED0000054546693815DF8044BFFF7A3BFFFF78E
:107EE000A1BF00BF38B50B46074C054611461846E2
:107EF00000232360F7F77AFC431C00D038BD2368C9
:107F0000002BFBD02B6038BDCCF1002038B5074CDE
:107F10000023054608462360F7F76EFC431C00D09B
:107F200038BD2368002BFBD02B6038BDCCF100207E
:107F300070B50D46084C114606461A4628460023E1
:107F40002360F7F75BFC431C00D070BD2368002B57
:107F5000FBD0336070BD00BFCCF1002070B50D4682
:107F6000084C114606461A46284600232360F7F7B8
:107F700037FC431C00D070BD2368002BFBD033605E
:107F800070BD00BFCCF10020F0B5064685B01F469D
:107F900089B1104C104D2468646B002C08BF2C462E
:107FA000D4F8E040A047431C03D100228A233A6062
:107FB000336005B0F0BD0C460649074A0968496BB5
:107FC000002908BF11462246D1F8E04001A9A04788
:107FD000E9E700BF2C5F0020B05900205FF800F0F7
:107FE000A5DF01605FF800F0551600605FF800F053
:107FF000D9D001605FF800F0152C02605FF800F046
:04800000C12B02602E
:04800400F8B500BF0C
:088008007C90FF7F01000000E5
:108010000000000000000000000000000000000060
:108020000000000000000000000000000000000050
:108030000000000000000000000000000000000040
:108040000000000000000000000000000000000030
:108050000000000000000000000000000000000020
:108060000000000000000000000000000000000010
:108070000000000000000000000000000000000000
:1080800000000000000000000000000000000000F0
:1080900000000000000000000000000000000000E0
:1080A00000000000000000000000000000000000D0
:1080B00000000000000000000000000000000000C0
:1080C00000000000000000000000000000000000B0
:1080D00000000000000000000000000000000000A0
:1080E0000000000000000000000000000000000090
:1080F0000000000000000000000000000000000080
:10810000000000000000000000000000000000006F
:10811000000000000000000000000000000000005F
:10812000000000000000000000000000000000004F
:10813000000000000000000000000000000000003F
:10814000000000000000000000000000000000002F
:10815000000000000000000000000000000000001F
:10816000000000000000000000000000000000000F
:1081700000000000000000000000000000000000FF
:1081800000000000000000000000000000000000EF
:1081900000000000000000000000000000000000DF
:1081A00000000000000000000000000000000000CF
:1081B00000000000000000000000000000000000BF
:1081C00000000000000000000000000000000000AF
:1081D000000000000000000000000000000000009F
:1081E000000000000000000000000000000000008F
:1081F000000000000000000000000000000000007F
:10820000000000000000000000000000000000006E
:10821000000000000000000000000000000000005E
:10822000000000000000000000000000000000004E
:10823000000000000000000000000000000000003E
:10824000000000000000000000000000000000002E
:10825000000000000000000000000000000000001E
:10826000000000000000000000000000000000000E
:1082700000000000000000000000000000000000FE
:1082800000000000000000000000000000000000EE
:108290000080E03779C34143176E05B5B5B8934602
:1082A000F5F93FE9034F384D321D30F94877825ACE
:1082B0003CBF737FDD4F1575000000000000F03FEC
:1082C00000000000000024400000000000005940B1
:1082D0000000000000408F40000000000088C34004
:1082E00000000000006AF8400000000080842E4179
:1082F00000000000D01263410000000084D79741C5
:108300000000000065CDCD41000000205FA00242CA
:10831000000000E876483742000000A2941A6D423F
:10832000000040E59C30A2420000901EC4BCD64232
:1083300000003426F56B0C430080E03779C34143DD
:1083400000A0D8855734764300C84E676DC1AB4353
:10835000003D9160E458E143408CB5781DAF154471
:1083600050EFE2D6E41A4B4492D54D06CFF080444C
:10837000F64AE1C7022DB544B49DD9794378EA4461
:108380003C1850000000010100010101010201013F
:1083900002020102030102030202040202050202B8
:1083A0000503020603020703020704030704030789
:1083B000050407050407060507060607060607075E
:1083C0000707070001000400D01D0020481E002000
:1083D0007C1E0020B01E0020E41E0020181F00207C
:1083E0002B810400210000002B81040022000000EA
:1083F000AABBCC03020100FFFFFFFFFF1122330ADB
:108400000B0CCCDDDDDDDDDD000000000203050727
:108410000B0D1113171D1F25292B2F353B3D4347EE
:10842000494F53596165676B6D717F83898B959750
:108430009DA3A7ADB3B5BFC1C5C7D3DFE3E5E9EFE2
:10844000F1FB0000FFFFFFFFFFFFFFFFC90FDAA2F4
:108450002168C234C4C6628B80DC1CD129024E085C
:108460008A67CC74020BBEA63B139B22514A087943
:108470008E3404DDEF9519B3CD3A431B302B0A6DD2
:10848000F25F14374FE1356D6D51C245E485B57625
:10849000625E7EC6F44C42E9A637ED6B0BFF5CB61C
:1084A000F406B7EDEE386BFB5A899FA5AE9F2411F9
:1084B0007C4B1FE649286651ECE45B3DC2007CB86A
:1084C000A163BF0598DA48361C55D39A69163FA8B0
:1084D000FD24CF5F83655D23DCA3AD961C62F3565C
:1084E000208552BB9ED529077096966D670C354E38
:1084F0004ABC9804F1746C08CA18217C32905E461C
:108500002E36CE3BE39E772C180E86039B2783A244
:10851000EC07A28FB5C55DF06F4C52C9DE2BCBF6D0
:10852000955817183995497CEA956AE515D22618A9
:1085300098FA051015728E5A8AACAA68FFFFFFFFE1
:10854000FFFFFFFF00000000551D25000000000098
:108550000D0A000000C03D4000003E4000403E408B
:1085600000C01D4000001E4000401E401445002079
:108570001C450020244500202C45002030D00260FE
:1085800000D00260D0CF0260A0CF026070CF026046
:1085900040CF02600304050607080000010203043F
:1085A00005060000541300207813002094130020C7
:1085B000A8130020BC130020CC130020B0D9026007
:1085C00080D9026050D9026020D902600002000008
:1085D000000400000008000000100000000000007F
:1085E00000000000B93B0000AD260000D9420000A9
:1085F0004528000001450000492800004D280000E2
:108600000000000000000000595100006952000005
:108610007D000000715100005151000081520000A6
:1086200001530000955100002553000075510000D2
:1086300041520000E151000051520000755300000A
:10864000B952000031510000395100004951000079
:108650005D5200004D5100000000000000000000CD
:10866000BDE0000015E400001DDB0000F5DB0000AC
:108670003DDB000065DB000011DC000000000000B5
:1086800000000000E5090100DD090100D909010031
:10869000D5090100D1090100CD090100C909010076
:1086A000C50901000000000000000000254800008E
:1086B000554800007D00000021480000DD47000013
:1086C000E947000009480000000000000000000029
:1086D00059E200000000C1C081C1400101C3C003D4
:1086E000800241C201C6C006800741C70005C1C55E
:1086F00081C4400401CCC00C800D41CD000FC1CF1E
:1087000081CE400E000AC1CA81CB400B01C9C0090D
:10871000800841C801D8C018801941D9001BC1DBAD
:1087200081DA401A001EC1DE81DF401F01DDC01D5D
:10873000801C41DC0014C1D481D5401501D7C0177D
:10874000801641D601D2C012801341D30011C1D18D
:1087500081D0401001F0C030803141F10033C1F3CD
:1087600081F240320036C1F681F7403701F5C0355D
:10877000803441F4003CC1FC81FD403D01FFC03F1D
:10878000803E41FE01FAC03A803B41FB0039C1F90D
:1087900081F840380028C1E881E9402901EBC02B6D
:1087A000802A41EA01EEC02E802F41EF002DC1ED5D
:1087B00081EC402C01E4C024802541E50027C1E77D
:1087C00081E640260022C1E281E3402301E1C0218D
:1087D000802041E001A0C060806141A10063C1A38D
:1087E00081A240620066C1A681A7406701A5C0655D
:1087F000806441A4006CC1AC81AD406D01AFC06F1D
:10880000806E41AE01AAC06A806B41AB0069C1A90C
:1088100081A840680078C1B881B9407901BBC07BAC
:10882000807A41BA01BEC07E807F41BF007DC1BD5C
:1088300081BC407C01B4C074807541B50077C1B77C
:1088400081B640760072C1B281B3407301B1C0718C
:10885000807041B00050C190819140510193C0534C
:10886000805241920196C056805741970055C1955C
:1088700081944054019CC05C805D419D005FC19F1C
:10888000819E405E005AC19A819B405B0199C0590C
:10889000805841980188C04880494189004BC18B6C
:1088A000818A404A004EC18E818F404F018DC04D5C
:1088B000804C418C0044C184818540450187C0477C
:1088C000804641860182C042804341830041C1818C
:1088D00081804040A94D00003D4E0000394E00000F
:1088E000AD4D0000B14D0000000000000020202030
:1088F0002020202020202828282828202020202050
:10890000202020202020202020202020208810101F
:10891000101010101010101010101010100404047B
:108920000404040404040410101010101010414139
:108930004141414101010101010101010101010127
:10894000010101010101010110101010101042423B
:1089500042424242020202020202020202020202F7
:108960000202020202020202101010102000000097
:1089700000000000000000000000000000000000F7
:1089800000000000000000000000000000000000E7
:1089900000000000000000000000000000000000D7
:1089A00000000000000000000000000000000000C7
:1089B00000000000000000000000000000000000B7
:1089C00000000000000000000000000000000000A7
:1089D0000000000000000000000000000000000097
:1089E0000000000000000000000000000000000087
:1089F000284E002020202020202020202020202061
:108A00002020202020202020202020202020202066
:108A10002020202000000042C8801F40B8821F4054
:108A20000800000000000042C4801F40B4821F40C4
:108A30000400000000C0004224801F4014821F4038
:108A40001000000000C0004228801F4018821F4014
:108A50002000000000C000422C801F401C821F40EC
:108A60004000000000C0004234801F4024821F40AC
:108A7000000100000040004264811F4054831F40F9
:108A8000000400000040004280811F4070831F40AE
:108A900000000200004000427C811F406C831F40A8
:108AA000000001000040004268811F4058831F40C1
:108AB00000080000004000423C811F402C831F4002
:108AC000010000000040004244811F4034831F40E9
:108AD000040000000040004240811F4030831F40DE
:108AE000020000000040004248811F4038831F40C0
:108AF000080000000000004204811F40F4821F4073
:108B0000000004000000004208811F40F8821F405E
:108B1000000008000000004218811F4008831F4029
:108B2000000080000000004214811F4004831F40A9
:108B3000000040000000004200811F40F0821F4002
:108B40000000020000000042FC801F40EC821F4039
:108B5000000001000000004224811F4014831F40D8
:108B6000000000040000004228811F4018831F40BD
:108B700000000008000000421C811F400C831F40C1
:108B8000000000010000004220811F4010831F40B0
:108B90000000000200000042EC801F40DC821F4009
:108BA0000010000000000042F0801F40E0821F40E3
:108BB000002000000000004234811F4024831F4039
:108BC000000000400000004238811F4028831F4001
:108BD000000000800080004294801F4084821F407B
:108BE0000000040000C0004290801F4080821F40AF
:108BF0000000008000800042A8801F4098821F4033
:108C00000000800000800042A4801F4094821F402A
:108C100000004000004000426C811F405C831F4008
:108C20000010000000C0004230801F4020821F4022
:108C30008000000000400042B0811F40A0831F4020
:108C40000000002000400042AC811F409C831F4078
:108C5000000000100040004284811F4074831F40C8
:108C6000000004000040004288811F4078831F40BC
:108C700000000800000000422C811F401C831F40A0
:108C8000000000100000004230811F4020831F4080
:108C900000000020000000420C811F40FC821F40A9
:108CA000000010000000004210811F4000831F40A0
:108CB0000000200000800042C8811F40B8831F4090
:108CC0000080000000800042C4811F40B4831F4028
:108CD0000040000000800042C0811F40B0831F4060
:108CE0000020000000800042BC811F40AC831F4078
:108CF0000010000000800042D0811F40C0831F4050
:108D00000000020000800042CC811F40BC831F4055
:108D10000000010000C0004274801F4064821F40B8
:108D20000000000100C0004280801F4070821F4090
:108D30000000000800C0004284801F4074821F4071
:108D40000000001000C000426C801F405C821F4089
:108D50000000400000C000427C801F406C821F4029
:108D60000000000400C0004278801F4068821F405D
:108D70000000000200C0004288801F4078821F402F
:108D80000000002063825363FFFFFFFFFFFF00002E
:108D900000000000000000000100000006000000CC
:108DA000615D0000395D0000297A0000F57900005E
:108DB000F1790000655B0000B95C0000A17B000058
:108DC000A95B0000057B0000C17A0000C00D0020F7
:108DD000F15B0000555C00003460002098610020C9
:108DE000BC6100207461002000000000459E00006E
:108DF0001DA00000E99F000000000000859F00000A
:108E00008D9E00005D9E00001581000055810000D0
:108E10000000000001000000F1B40000B1D000002B
:108E200095C70000BDB40000ADBE000031C6000013
:108E3000BDC00000A9B700003DB40000F5CF0000A0
:108E400000000000F1D500006DD8000041D80000FE
:108E500000000000E1D7000049D6000019D600004C
:108E60001581000055810000000000001B05000076
:108E70001705000005000000190000007D0000003B
:108E800007080C0B06050F000D0E0102838407086E
:108E90000C0B06050F000D0E01028384FFFFFFFF80
:108EA000FFFFFFFFFFFF8182090A000001010004AC
:108EB000010000040132010101320201011001012F
:108EC0000111010101120102010302060103010661
:108ED000011202020200000102020001020100016F
:108EE0000210000102220001022300010000000024
:108EF000000000000221000102200001000000002B
:108F000000000000013001010131010101020004F3
:108F10000103000400000000000000000121020124
:108F2000012101010000000000000000000000001D
:108F30000110020100000000000000000113010602
:108F40000113020600000000000000000000000005
:108F50000000000001010201010101010100020104
:108F600001000101010202010102010100000000F3
:108F700000000000000000000123020100000000CA
:108F8000000000000120010141444320436F6E6E48
:108F90006563746F6E204F4B000000004144432016
:108FA000436F6E6E6563746F6E204641494C454455
:108FB000210000004175746F7374656572207275CD
:108FC0006E6E696E672C2077616974696E672066C2
:108FD0006F722041674F70656E475053000000006C
:108FE0004175746F73746565722064697361626C36
:108FF00065642C20475053206F6E6C79206D6F6430
:1090000065000000556E6B6E6F776E20516F5300D8
:10901000546F6F2062696720646174612066726FAB
:109020006D20544D31373121200000004572726FA0
:10903000723A204D65737361676520746F6F206CA1
:109040006F6E6720666F7220686172647761726507
:10905000206D657373616765206275666665720071
:10906000496E697469616C697A696E6720657468B4
:1090700065726E65742077697468207374617469B1
:1090800063204950206164647265737300000000BE
:1090900045746865726E657420736869656C6420D8
:1090A000776173206E6F7420666F756E642E204733
:1090B00050532076696120555342206F6E6C792E93
:1090C0000000000045746865726E6574206361621B
:1090D0006C65206973206E6F7420636F6E6E6563BC
:1090E000746564202D2057686F206361726573205A
:1090F00077652077696C6C20737461727420657475
:109100006865726E657420616E797761792E0000F2
:109110000D0A45746865726E6574207374617475A8
:1091200073204F4B00000000495020736574204DA0
:10913000616E75616C6C793A200000000D0A45740F
:109140006865726E6574204950206F66206D6F648B
:10915000756C653A2000000045746865726E657430
:109160002073656E64696E6720746F2049503A20E1
:1091700000000000416C6C20646174612073656EB6
:1091800064696E6720746F20706F72743A200000FB
:1091900045746865726E657420475053205544507D
:1091A0002073656E64696E672066726F6D20706FE4
:1091B00072743A200000000045746865726E657430
:1091C000204E5452495020554450206C69737465A8
:1091D0006E696E6720746F20706F72743A200000A1
:1091E00045746865726E6574204175746F5374655B
:1091F000657220554450206C697374656E696E67A2
:1092000020746F20262073656E642066726F6D2057
:10921000706F72743A200000472D565447000000CA
:10922000472D474741000000435055207370656546
:10923000642073657420746F3A2000005374617267
:10924000742073657475700053657269616C414F69
:10925000472C2053657269616C52544B2C20536526
:109260007269616C47505320616E64205365726966
:10927000616C4750533220696E697469616C697A18
:10928000656400000D0A5374617274696E67204151
:1092900075746F53746565722E2E2E000D0A53740B
:1092A000617274696E672045746865726E65742EAC
:1092B0002E2E0000526563656976656420646174D2
:1092C000612066726F6D20544D313731000000000F
:1092D0004E6F2066726573682064617461206672E7
:1092E0006F6D20544D3137310000000052696768BE
:1092F000742E2E2E2074696D6520666F7220736F38
:109300006D652043414E4255532100000D0A456EC4
:10931000642073657475702C2077616974696E6759
:1093200020666F72204750532E2E2E0D0A0000002B
:109330002450414F47492C002450414E44412C00B9
:109340002A0000000D0A0000544D313731202D2035
:1093500054656D703A200000432020516F533A202D
:10936000000000005365727669636520756E617652
:1093700061696C61626C65202D2052657374617245
:1093800074696E670000000053657276696365203A
:10939000756E617661696C61626C65202D20466135
:1093A000756C7400506572666F726D616E636520D6
:1093B0006C696D69746564004261736963207065EE
:1093C00072666F726D616E636500000046696E655E
:1093D00020736572766963650000000056657279D6
:1093E00020676F6F642073657276696365000000A3
:1093F00030313233343536373839414243444546CB
:109400000000000053657474696E672065787465A8
:109410006E6465642066696C746572203078000043
:1094200053657474696E67207374616E64617264ED
:109430002066696C7465722030780000496E69742A
:1094400069616C697365642043414E425553000065
:1094500043414E4255532049443A20002020000009
:1094600042797465206F6620696E746572657374E5
:10947000206174206F666673657420002020566139
:109480006C75653A2000000043414E4255532062FE
:1094900069742073746174653A2074727565000094
:1094A000456E676167696E67207374656572696E82
:1094B00067000000446973656E676167696E6720C5
:1094C0007374656572696E6700000000537461749F
:1094D000654572723A200000436F6E6E65637420BA
:1094E0004572723A2000000053656E644572723A0C
:1094F000200000002563000064656300656E630062
:1095000020204145532D4543422D253364202825F5
:1095100073293A2000000000736B69707065640065
:10952000706173736564000020204145532D4342F0
:10953000432D25336420282573293A20000000009C
:1095400020204145532D4346423132382D25336486
:1095500020282573293A200020204145532D4354CB
:10956000522D31323820282573293A20000000007E
:109570006661696C65640000202042617365363461
:1095800020656E636F64696E6720746573743A203A
:10959000000000007061737365640A2020426173EB
:1095A000653634206465636F64696E672074657323
:1095B000743A20007061737365640A004546453053
:1095C00032314332363435464431444335383645FA
:1095D00036393138344146344133314544354635E6
:1095E00033453933423546313233464134313638EA
:1095F0003038363742413131303133313934344605
:1096000045373935324532353137333337373830EE
:109610004342304442383045363141414537433882
:10962000444443364335433641414445423334454F
:10963000423338413246343044354536000000006C
:109640004232453745464433373037354239463064
:109650003346463938394337433530353143323074
:1096600033344432413332333831303235313132B0
:10967000374537424638363235413446343941353C
:109680004633453237463444413842443539433411
:109690003744364441414241344338313237424401
:1096A000354235433235373633323232464546431A
:1096B0004346433338423833323336364332394502
:1096C0000000000030303636413139383138364309
:1096D00031384331304232463545443942353232F1
:1096E00037353241393833304236393931364535FC
:1096F00033354338463034373531384138383941DD
:1097000034334135393442364245443237413136BB
:1097100038443331443441353246383839323541B2
:10972000413846350000000036303241423745436B
:109730004135393741334436423536464639383279
:10974000394135453842383539453835374541395D
:109750003541303335313245324241453733393185
:109760003638384432363441413536363342303378
:10977000343144423943434644324334433546341A
:109780003231464543383134383030314237324552
:10979000383438413338434145314336354637381C
:1097A00045353641424445464531324433433033F2
:1097B00039423841303244364245353933463042F9
:1097C00042424441353646314543463637373135D6
:1097D0003245463830343337304331413330354306
:1097E00041463342354246313330383739423536D7
:1097F00043363144453538344130463533413234CF
:10980000343741353145000020204D5049207465E2
:10981000737420233120286D756C5F6D7069293A4F
:10982000200000003235363536373333363035399F
:1098300045353243414532323932353437343730A9
:1098400035463339413934003636313346323631D4
:10985000363232323344463438384539434434386A
:109860004343313332433741304143393343373057
:109870003142303031423039324534453542394653
:109880003733424344323742394545353044303628
:109890003537433737463337344539303343444619
:1098A000413443363432000020204D504920746545
:1098B000737420233220286469765F6D7069293AB9
:1098C0002000000020204D5049207465737420232F
:1098D0003320286578705F6D6F64293A200000009E
:1098E00020204D504920746573742023342028694A
:1098F0006E765F6D6F64293A200000006661696CC6
:1099000065642061742025640A000000556E657846
:10991000706563746564206572726F722C20726565
:109920007475726E20636F6465203D202530385851
:109930000A0000003336453133394145413535326F
:10994000313536303944323831363939384544309A
:109950003230424242443936433337383930463662
:109960003531373144393438453942433743424140
:10997000413444393332354432344436413343314F
:10998000323731304631304130394641303841424A
:109990003837000030303341304141454444374589
:1099A00037383446433037443846394543364533F3
:1099B00042464435433344424137363435363336F4
:1099C00033413130383639363232454143324444FE
:1099D00038344543433542384137344441433444B5
:1099E00030394530334235453042453737394632D4
:1099F000444636310000000020204D504920746557
:109A00007374202335202873696D706C652067633B
:109A100064293A2000000000202043414D454C4C71
:109A200049412D4543422D25336420282573293A89
:109A300020000000202043414D454C4C49412D431E
:109A400042432D25336420282573293A2000000045
:109A5000202043414D454C4C49412D4354522D311A
:109A6000323820282573293A200000002020434363
:109A70004D3A207365747570206661696C65640089
:109A8000202043434D2D414553202325753A200086
:109A90004445532D454445332D43424300000000C7
:109AA0004445532D454445332D45434200000000B5
:109AB0004445532D4544452D434243004445532DD1
:109AC0004544452D454342004445532D45434200FE
:109AD00043414D454C4C49412D3235362D43434D84
:109AE0000000000043414D454C4C49412D31393275
:109AF0002D43434D0000000043414D454C4C49412E
:109B00002D3132382D43434D0000000043414D4577
:109B10004C4C49412D3235362D47434D0000000055
:109B200043414D454C4C49412D3139322D47434D30
:109B30000000000043414D454C4C49412D31323825
:109B40002D47434D0000000043414D454C4C4941D9
:109B50002D3235362D4354520000000043414D450F
:109B60004C4C49412D3139322D43545200000000F4
:109B700043414D454C4C49412D3132382D435452CF
:109B80000000000043414D454C4C49412D323536D3
:109B90002D4346423132380043414D454C4C4941FA
:109BA0002D3139322D4346423132380043414D4543
:109BB0004C4C49412D3132382D4346423132380028
:109BC00043414D454C4C49412D3235362D4342439E
:109BD0000000000043414D454C4C49412D31393284
:109BE0002D4342430000000043414D454C4C494148
:109BF0002D3132382D4342430000000043414D4592
:109C00004C4C49412D3235362D4543420000000071
:109C100043414D454C4C49412D3139322D4543424C
:109C20000000000043414D454C4C49412D31323834
:109C30002D454342000000004145532D3235362D5D
:109C400043434D004145532D3139322D43434D009F
:109C50004145532D3132382D43434D004145532D5D
:109C60003235362D47434D004145532D3139322D84
:109C700047434D004145532D3132382D47434D0068
:109C80004145532D3235362D435452004145532D15
:109C90003139322D435452004145532D3132382D44
:109CA000435452004145532D3235362D43464231FF
:109CB000323800004145532D3139322D434642316F
:109CC000323800004145532D3132382D4346423160
:109CD000323800004145532D3235362D4342430082
:109CE0004145532D3139322D434243004145532DD7
:109CF0003132382D434243004145532D3235362D04
:109D0000454342004145532D3139322D45434200F0
:109D10004145532D3132382D4543420020204445E2
:109D20005325632D4543422D25336420282573296F
:109D30003A200000202044455325632D4342432D03
:109D400025336420282573293A2000002D2D2D2D40
:109D50002D454E4420444820504152414D455445E4
:109D600052532D2D2D2D2D002D2D2D2D2D424547BE
:109D7000494E20444820504152414D45544552538C
:109D80002D2D2D2D2D000000202044484D207061E8
:109D900072616D65746572206C6F61643A200000B9
:109DA00073656370333834723100000020204543FE
:109DB0005020746573742023312028636F6E737490
:109DC000616E74206F705F636F756E742C206261BA
:109DD000736520706F696E742047293A2000000077
:109DE0003030303030303030303030303030303073
:109DF0003030303030303030303030303030303063
:109E00003030303030303030303030303030303151
:109E1000000000006661696C656420282575290AC8
:109E200000000000202045435020746573742023F7
:109E3000322028636F6E7374616E74206F705F637D
:109E40006F756E742C206F7468657220706F696E08
:109E500074293A20000000004646464646464646DB
:109E60004646464646464646464646464646464692
:109E70003939444546383336313436424339423134
:109E80004234443232383330000000003545413628
:109E90004633383941333842384243383145373612
:109EA000373735334231354141353536394531372C
:109EB00038324533304142453744323500000000E6
:109EC000343030303030303030303030303030308E
:109ED0003030303030303030303030303030303082
:109EE0003030303030303030303030303030303072
:109EF0000000000037464646464646464646464629
:109F000046464646464646464646464646464646F1
:109F100046464646464646464646464646464646E1
:109F20004646464600000000353535353535353571
:109F300035353535353535353535353535353535D1
:109F400035353535353535353535353535353535C1
:109F500035353535353535350000000073656370AE
:109F600032353672310000007365637032323472FC
:109F700031000000736563703139327231000000C6
:109F800020204145532D47434D2D25336420232563
:109F90006420282573293A20000000002020414534
:109FA000532D47434D2D25336420232564207370A2
:109FB0006C697420282573293A2000002020484D20
:109FC00041435F4452424720285052203D20547262
:109FD000756529203A2000002020484D41435F4408
:109FE00052424720285052203D2046616C7365291B
:109FF000203A20004D44350020204D443520746522
:10A000007374202325643A20000000002A864886C5
:10A01000F70D01010400000025642E2564000000F6
:10A020002E256400551D1300550403002A8648861A
:10A03000F70D0101010000002A8648CE3D02010013
:10A040002A8648CE3D030101000000002A8648868A
:10A05000F70D0205000000002A864886F70D02076A
:10A06000000000002B0601050507030100000000A9
:10A070002B0E03021A0000002B0E03020700000043
:10A080002A864886F70D010C0103000070626557AF
:10A09000697468534841416E64332D4B657954723D
:10A0A00069706C654445532D43424300504245203E
:10A0B00077697468205348413120616E6420332DE4
:10A0C0004B65792033444553000000002A864886BA
:10A0D000F70D010C01040000706265576974685344
:10A0E0004841416E64322D4B6579547269706C65DC
:10A0F0004445532D434243005042452077697468DC
:10A10000205348413120616E6420322D4B65792007
:10A110003344455300000000686D6163534841318A
:10A1200000000000484D41432D5348412D310000AF
:10A130002A864886F70D020800000000686D6163FA
:10A140005348413232340000484D41432D53484179
:10A150002D323234000000002A864886F70D0209AD
:10A1600000000000686D61635348413235360000DD
:10A17000484D41432D5348412D32353600000000F3
:10A180002A864886F70D020A00000000686D6163A8
:10A190005348413338340000484D41432D53484122
:10A1A0002D333834000000002A864886F70D020B54
:10A1B00000000000686D6163534841353132000092
:10A1C000484D41432D5348412D35313200000000A8
:10A1D00069642D6D6435000069642D736861310018
:10A1E0005348412D31000000608648016503040298
:10A1F0000400000069642D7368613232340000008D
:10A200005348412D32323400608648016503040210
:10A210000100000069642D7368613235360000006A
:10A220005348412D323536006086480165030402EB
:10A230000200000069642D73686133383400000047
:10A240005348412D333834006086480165030402C9
:10A250000300000069642D7368613531320000002D
:10A260005348412D35313200646573434243000049
:10A270002A864886F70D0307000000006465732DE9
:10A28000656465332D636263000000002A8648CE52
:10A290003D03010700000000727361456E6372792F
:10A2A0007074696F6E0000005253410069642D653F
:10A2B000635075626C69634B6579000047656E6534
:10A2C000726963204543206B657900002B8104018E
:10A2D0000C00000069642D65634448004543206B11
:10A2E000657920666F722045434448006D64355798
:10A2F000697468525341456E6372797074696F6E08
:10A30000000000005253412077697468204D4435A5
:10A31000000000002A864886F70D010105000000B4
:10A320007368612D3157697468525341456E637289
:10A33000797074696F6E00005253412077697468B8
:10A3400020534841310000002A864886F70D01015C
:10A350000E000000736861323234576974685253DA
:10A3600041456E6372797074696F6E00525341207B
:10A3700077697468205348412D3232340000000060
:10A380002A864886F70D01010B00000073686132D0
:10A39000353657697468525341456E6372797074EB
:10A3A000696F6E00525341207769746820534841A9
:10A3B0002D323536000000002A864886F70D01014F
:10A3C0000C00000073686133383457697468525365
:10A3D00041456E6372797074696F6E00525341200B
:10A3E00077697468205348412D33383400000000E9
:10A3F0002A864886F70D01010D000000736861355B
:10A40000313257697468525341456E637279707482
:10A41000696F6E0052534120776974682053484138
:10A420002D353132000000002B0E03021D0000000C
:10A430002A8648CE3D04010065636473612D776907
:10A4400074682D5348413100454344534120776996
:10A4500074682053484131002A8648CE3D040301E8
:10A460000000000065636473612D776974682D5383
:10A47000484132323400000045434453412077695B
:10A480007468205348413232340000002A8648CE96
:10A490003D0403020000000065636473612D776969
:10A4A00074682D534841323536000000454344530B
:10A4B00041207769746820534841323536000000E6
:10A4C0002A8648CE3D0403030000000065636473E0
:10A4D000612D776974682D5348413338340000008A
:10A4E00045434453412077697468205348413338C9
:10A4F000340000002A8648CE3D040304000000001A
:10A5000065636473612D776974682D5348413531F3
:10A51000320000004543445341207769746820535A
:10A5200048413531320000002A864886F70D010186
:10A530000A0000005253415353412D505353000021
:10A5400069642D6B702D73657276657241757468E0
:10A5500000000000544C532057656220536572760A
:10A5600065722041757468656E7469636174696FA2
:10A570006E0000002B060105050703020000000025
:10A5800069642D6B702D636C69656E7441757468B8
:10A5900000000000544C532057656220436C6965ED
:10A5A0006E742041757468656E7469636174696F57
:10A5B0006E0000002B0601050507030300000000E4
:10A5C00069642D6B702D636F64655369676E696E86
:10A5D00067000000436F6465205369676E696E67AA
:10A5E000000000002B060105050703040000000021
:10A5F00069642D6B702D656D61696C50726F746547
:10A600006374696F6E000000452D6D61696C2050A8
:10A61000726F74656374696F6E0000002B0601052C
:10A62000050703080000000069642D6B702D746934
:10A630006D655374616D70696E67000054696D6576
:10A64000205374616D70696E670000002B06010570
:10A65000050703090000000069642D6B702D4F434E
:10A6600053505369676E696E670000004F43535043
:10A67000205369676E696E670000000069642D638E
:10A68000652D6261736963436F6E73747261696E85
:10A6900074730000426173696320436F6E73747258
:10A6A00061696E7473000000551D0F0069642D63AD
:10A6B000652D6B6579557361676500004B65792081
:10A6C0005573616765000000551D250069642D63A1
:10A6D000652D6578744B6579557361676500000079
:10A6E000457874656E646564204B657920557361A7
:10A6F00067650000551D110069642D63652D737534
:10A70000626A656374416C744E616D65000000009F
:10A710005375626A65637420416C74204E616D6587
:10A72000000000006086480186F842010100000038
:10A7300069642D6E657473636170652D63657274F1
:10A7400074797065000000004E6574736361706514
:10A750002043657274696669636174652054797019
:10A760006500000069642D61742D636F6D6D6F6EFF
:10A770004E616D6500000000436F6D6D6F6E204E81
:10A78000616D6500434E00005504060069642D614B
:10A79000742D636F756E7472794E616D6500000083
:10A7A000436F756E74727900430000005504070012
:10A7B00069642D61742D6C6F63616C69747900003C
:10A7C0004C6F63616C697479000000004C000000FC
:10A7D0005504080069642D61742D737461746500FB
:10A7E00053746174650000005354000055040A005E
:10A7F00069642D61742D6F7267616E697A61746925
:10A800006F6E4E616D6500004F7267616E697A61AF
:10A8100074696F6E000000004F00000055040B00CB
:10A8200069642D61742D6F7267616E697A617469F4
:10A830006F6E616C556E69744E616D65000000004D
:10A840004F726720556E6974000000004F5500007C
:10A850002A864886F70D010901000000656D6169CF
:10A860006C4164647265737300000000452D6D6176
:10A87000696C20616464726573730000550405009F
:10A8800069642D61742D73657269616C4E756D62BA
:10A890006572000053657269616C206E756D62654A
:10A8A0007200000073657269616C4E756D6265724D
:10A8B000000000005504100069642D61742D706F54
:10A8C0007374616C4164647265737300506F737468
:10A8D000616C20616464726573730000706F7374DF
:10A8E000616C41646472657373000000550411006B
:10A8F00069642D61742D706F7374616C436F64654E
:10A9000000000000506F7374616C20636F64650019
:10A91000706F7374616C436F6465000055040400CC
:10A9200069642D61742D7375724E616D6500000050
:10A930005375726E616D6500534E000055042A0018
:10A9400069642D61742D676976656E4E616D650071
:10A95000476976656E206E616D650000474E0000A8
:10A9600055042B0069642D61742D696E69746961E9
:10A970006C730000496E697469616C7300000000BB
:10A98000696E697469616C730000000055042C00E5
:10A9900069642D61742D67656E65726174696F6E8F
:10A9A0005175616C696669657200000047656E6586
:10A9B000726174696F6E207175616C696669657228
:10A9C0000000000067656E65726174696F6E517595
:10A9D000616C69666965720055040C0069642D61DB
:10A9E000742D7469746C65005469746C65000000A2
:10A9F0007469746C6500000055042E0069642D6153
:10AA0000742D646E5175616C696669657200000031
:10AA100044697374696E67756973686564204E6113
:10AA20006D65207175616C69666965720000000072
:10AA3000646E5175616C6966696572005504410008
:10AA400069642D61742D70736575646F6E796D0026
:10AA500050736575646F6E796D0000007073657575
:10AA6000646F6E796D0000000992268993F22C6460
:10AA70000119000069642D646F6D61696E436F6D2B
:10AA8000706F6E656E740000446F6D61696E206357
:10AA90006F6D706F6E656E740000000044430000BF
:10AAA00055042D0069642D61742D756E697175658D
:10AAB0004964656E7469666965720000556E6971F6
:10AAC0007565204964656E74696669657200000089
:10AAD000756E697175654964656E746966696572DC
:10AAE0000000000050726F632D547970653A203475
:10AAF0002C454E43525950544544000044454B2D7B
:10AB0000496E666F3A204445532D454445332D43E5
:10AB100042432C0044454B2D496E666F3A20444514
:10AB2000532D4342432C000044454B2D496E666F24
:10AB30003A204145532D000044454B2D496E666F28
:10AB40003A204145532D3132382D4342432C0000E9
:10AB500044454B2D496E666F3A204145532D31399E
:10AB6000322D4342432C000044454B2D496E666F05
:10AB70003A204145532D3235362D4342432C0000B7
:10AB8000696E76616C696420504B00002A864886A5
:10AB9000F70D01050C000000202050424B444632C6
:10ABA00020285348413129202325643A2000000001
:10ABB0002A8648CE3D0101002A864886F70D010C01
:10ABC000010100002A864886F70D01050D000000EE
:10ABD0002D2D2D2D2D454E442052534120505249AC
:10ABE00056415445204B45592D2D2D2D2D0000004B
:10ABF0002D2D2D2D2D424547494E20525341205099
:10AC0000524956415445204B45592D2D2D2D2D008F
:10AC10002D2D2D2D2D454E44204543205052495673
:10AC2000415445204B45592D2D2D2D2D0000000060
:10AC30002D2D2D2D2D424547494E20454320505264
:10AC40004956415445204B45592D2D2D2D2D0000A1
:10AC50002D2D2D2D2D454E44205052495641544501
:10AC6000204B45592D2D2D2D2D0000002D2D2D2D46
:10AC70002D424547494E2050524956415445204B9C
:10AC800045592D2D2D2D2D002D2D2D2D2D454E448D
:10AC900020454E4352595054454420505249564144
:10ACA0005445204B45592D2D2D2D2D002D2D2D2D6D
:10ACB0002D424547494E20454E4352595054454434
:10ACC0002050524956415445204B45592D2D2D2D8C
:10ACD0002D0000002D2D2D2D2D454E442052534189
:10ACE000205055424C4943204B45592D2D2D2D2D9B
:10ACF000000000002D2D2D2D2D424547494E20529C
:10AD00005341205055424C4943204B45592D2D2D40
:10AD10002D2D00002D2D2D2D2D454E44205055421A
:10AD20004C4943204B45592D2D2D2D2D0000000061
:10AD30002D2D2D2D2D424547494E205055424C4931
:10AD400043204B45592D2D2D2D2D00007273612E62
:10AD50004E0000007273612E4500000065636B6554
:10AD6000792E51005253412D616C74004543445378
:10AD70004100000045435F44480000004543000097
:10AD80003932393237353834353330363344383068
:10AD90003344443630334435453737374437383811
:10ADA0003845443144354246333537383631393009
:10ADB00046413246323345424330383438414541CA
:10ADC00044444139324341364333443830423332CC
:10ADD00043344431303942453046333644364145B8
:10ADE00037313330423943454437414344463534A3
:10ADF0004346433735353541433134454542414279
:10AE00003933413839383133464246334334463892
:10AE100030363644324438303046374333384138A0
:10AE200031414533313934323931373430334646A4
:10AE30003439343642304138334433443345303585
:10AE40004545353743364635463536303646423544
:10AE5000443442433643443334454530383031413D
:10AE6000354539344242373742303735303732335F
:10AE7000334130424337424143384639304637390F
:10AE800000000000433336443045423746434432E5
:10AE900038353232334346423541414241354244EE
:10AEA00041334438324330314341443139454134F0
:10AEB00038344138374541343337373633374537FF
:10AEC00035353030464342323030354335433744F0
:10AED00044364543344143303233434441323835BC
:10AEE0004437393643334439453735453145464390
:10AEF00034323438384242344631443133414333BA
:10AF000030413537000000004330303044463531A1
:10AF10004137433737414538443743373337304378
:10AF20003146463535423639453231314332423980
:10AF30004535444231454430424636314430443947
:10AF40003839393632304634393130453431363893
:10AF50003338374533433330414131453030433363
:10AF6000333941373935303838343532444439365D
:10AF700041394135454135443944434136384441EE
:10AF80003633363033324146000000003234424618
:10AF90003631383534363837383646444433303332
:10AFA00030383344323545363445464336364341EE
:10AFB0003437324243343444323533313032463818
:10AFC00042344139443342464137353039313338E0
:10AFD00036433030373739333746453333464133DC
:10AFE00032353244323838353538333741453142DD
:10AFF0003438344138413941343546374545384392
:10B00000304336333446393945384344444637397A
:10B010004335434530374545373243374631323380
:10B0200031343231393831363432333443414242AB
:10B03000373234434637384238313733423946386D
:10B040003830464338363332323430374146314671
:10B050004544464444453242454236373443413103
:10B060003546334538314131353231453037313568
:10B07000313341314538354235444641303331462C
:10B0800032314543414539314133344400000000F9
:10B0900031303030310000002020525341206B65A8
:10B0A000792076616C69646174696F6E3A20000082
:10B0B0007061737365640A2020504B435323312021
:10B0C00064656372797074696F6E203A20000000C5
:10B0D0007061737365640A2020504B435323312001
:10B0E000656E6372797074696F6E203A200000009B
:10B0F0002020504B435323312064617461207369D5
:10B10000676E20203A2000007061737365640A2026
:10B1100020504B43532331207369672E207665728C
:10B120006966793A2000000020205348412D3120E3
:10B1300074657374202325643A20000042756666A6
:10B14000657220616C6C6F636174696F6E206661FB
:10B15000696C65640000000020205348412D25647F
:10B160002074657374202325643A2000544C532DB9
:10B1700045434448452D45434453412D5749544880
:10B180002D4145532D3132382D4342432D534841F3
:10B1900000000000756E6B6E6F776E00544C532D7F
:10B1A00045434448452D45434453412D5749544850
:10B1B0002D4145532D3235362D4342432D534841C1
:10B1C00000000000544C532D45434448452D454351
:10B1D0004453412D574954482D4145532D31323860
:10B1E0002D4342432D53484132353600544C532DA4
:10B1F00045434448452D45434453412D5749544800
:10B200002D4145532D3132382D47434D2D53484163
:10B2100032353600544C532D45434448452D454363
:10B220004453412D574954482D4145532D3235360D
:10B230002D4342432D53484133383400544C532D51
:10B2400045434448452D45434453412D57495448AF
:10B250002D4145532D3235362D47434D2D53484111
:10B2600033383400544C532D45434448452D454311
:10B270004453412D574954482D4145532D323536BD
:10B280002D43434D00000000544C532D454344488A
:10B29000452D45434453412D574954482D4145536D
:10B2A0002D3235362D43434D2D380000544C532D4F
:10B2B00045434448452D45434453412D574954483F
:10B2C0002D4145532D3132382D43434D00000000B0
:10B2D000544C532D45434448452D45434453412D3B
:10B2E000574954482D4145532D3132382D43434D54
:10B2F0002D380000544C532D45434448452D4543BB
:10B300004453412D574954482D43414D454C4C49D8
:10B31000412D3132382D4342432D53484132353689
:10B3200000000000544C532D45434448452D4543EF
:10B330004453412D574954482D43414D454C4C49A8
:10B34000412D3235362D4342432D53484133383455
:10B3500000000000544C532D45434448452D4543BF
:10B360004453412D574954482D43414D454C4C4978
:10B37000412D3132382D47434D2D5348413235361A
:10B3800000000000544C532D45434448452D45438F
:10B390004453412D574954482D43414D454C4C4948
:10B3A000412D3235362D47434D2D534841333834E6
:10B3B00000000000544C532D45434448452D45435F
:10B3C0004453412D574954482D334445532D45444A
:10B3D000452D4342432D534841000000544C532D0A
:10B3E00045434448452D5253412D574954482D411A
:10B3F00045532D3132382D4342432D5348410000EF
:10B40000544C532D45434448452D5253412D5749E3
:10B4100054482D4145532D3235362D4342432D534B
:10B4200048410000544C532D45434448452D525348
:10B43000412D574954482D4145532D3132382D4324
:10B4400042432D534841323536000000544C532DB1
:10B4500045434448452D5253412D574954482D41A9
:10B4600045532D3132382D47434D2D534841323508
:10B4700036000000544C532D45434448452D52534B
:10B48000412D574954482D4145532D3235362D43D2
:10B4900042432D534841333834000000544C532D5F
:10B4A00045434448452D5253412D574954482D4159
:10B4B00045532D3235362D47434D2D5348413338B2
:10B4C00034000000544C532D45434448452D5253FD
:10B4D000412D574954482D43414D454C4C49412D30
:10B4E0003132382D4342432D534841323536000026
:10B4F000544C532D45434448452D5253412D5749F3
:10B5000054482D43414D454C4C49412D3235362D43
:10B510004342432D5348413338340000544C532D9B
:10B5200045434448452D5253412D574954482D43D6
:10B53000414D454C4C49412D3132382D47434D2D1D
:10B540005348413235360000544C532D454344484E
:10B55000452D5253412D574954482D43414D454C9B
:10B560004C49412D3235362D47434D2D53484133FB
:10B5700038340000544C532D45434448452D525314
:10B58000412D574954482D334445532D4544452DAD
:10B590004342432D53484100544C532D4448452DBC
:10B5A0005253412D574954482D4145532D3235367C
:10B5B0002D47434D2D53484133383400544C532DBF
:10B5C0004448452D5253412D574954482D41455328
:10B5D0002D3132382D47434D2D53484132353600F9
:10B5E000544C532D4448452D5253412D57495448EE
:10B5F0002D4145532D3132382D4342432D5348417F
:10B6000032353600544C532D4448452D5253412D6C
:10B61000574954482D4145532D3235362D43424329
:10B620002D53484132353600544C532D4448452D56
:10B630005253412D574954482D4145532D313238ED
:10B640002D4342432D53484100000000544C532DDC
:10B650004448452D5253412D574954482D41455397
:10B660002D3235362D4342432D5348410000000012
:10B67000544C532D4448452D5253412D574954485D
:10B680002D4145532D3235362D43434D00000000EA
:10B69000544C532D4448452D5253412D574954483D
:10B6A0002D4145532D3235362D43434D2D38000065
:10B6B000544C532D4448452D5253412D574954481D
:10B6C0002D4145532D3132382D43434D00000000AC
:10B6D000544C532D4448452D5253412D57495448FD
:10B6E0002D4145532D3132382D43434D2D38000027
:10B6F000544C532D4448452D5253412D57495448DD
:10B700002D43414D454C4C49412D3132382D43425A
:10B71000432D53484132353600000000544C532D20
:10B720004448452D5253412D574954482D43414DCE
:10B73000454C4C49412D3235362D4342432D53481B
:10B740004132353600000000544C532D4448452DFD
:10B750005253412D574954482D43414D454C4C4976
:10B76000412D3132382D4342432D534841000000D2
:10B77000544C532D4448452D5253412D574954485C
:10B780002D43414D454C4C49412D3235362D4342D8
:10B79000432D534841000000544C532D4448452D3F
:10B7A0005253412D574954482D43414D454C4C4926
:10B7B000412D3132382D47434D2D534841323536D6
:10B7C00000000000544C532D4448452D5253412D48
:10B7D000574954482D43414D454C4C49412D323534
:10B7E000362D47434D2D5348413338340000000077
:10B7F000544C532D4448452D5253412D57495448DC
:10B800002D334445532D4544452D4342432D534844
:10B8100041000000544C532D5253412D5749544878
:10B820002D4145532D3235362D47434D2D5348413B
:10B8300033383400544C532D5253412D57495448FA
:10B840002D4145532D3132382D47434D2D5348411D
:10B8500032353600544C532D5253412D57495448DC
:10B860002D4145532D3132382D4342432D5348410C
:10B8700032353600544C532D5253412D57495448BC
:10B880002D4145532D3235362D4342432D534841EA
:10B8900032353600544C532D5253412D574954489C
:10B8A0002D4145532D3132382D4342432D534841CC
:10B8B00000000000544C532D5253412D5749544819
:10B8C0002D4145532D3235362D4342432D534841AA
:10B8D00000000000544C532D5253412D57495448F9
:10B8E0002D4145532D3235362D43434D0000000088
:10B8F000544C532D5253412D574954482D414553D3
:10B900002D3235362D43434D2D380000544C532DE8
:10B910005253412D574954482D4145532D3132380A
:10B920002D43434D00000000544C532D5253412DE4
:10B93000574954482D4145532D3132382D43434DFD
:10B940002D380000544C532D5253412D5749544823
:10B950002D43414D454C4C49412D3132382D434208
:10B96000432D53484132353600000000544C532DCE
:10B970005253412D574954482D43414D454C4C4954
:10B98000412D3235362D4342432D53484132353611
:10B9900000000000544C532D5253412D5749544838
:10B9A0002D43414D454C4C49412D3132382D4342B8
:10B9B000432D534841000000544C532D5253412D08
:10B9C000574954482D43414D454C4C49412D323542
:10B9D000362D4342432D534841000000544C532D13
:10B9E0005253412D574954482D43414D454C4C49E4
:10B9F000412D3132382D47434D2D53484132353694
:10BA000000000000544C532D5253412D57495448C7
:10BA10002D43414D454C4C49412D3235362D474340
:10BA20004D2D53484133383400000000544C532D01
:10BA30005253412D574954482D334445532D4544C5
:10BA4000452D4342432D534841000000544C532D93
:10BA5000454344482D5253412D574954482D4145A3
:10BA6000532D3132382D4342432D534841000000BD
:10BA7000544C532D454344482D5253412D5749545E
:10BA8000482D4145532D3235362D4342432D5348E1
:10BA900041000000544C532D454344482D5253411E
:10BAA0002D574954482D4145532D3132382D4342AD
:10BAB000432D53484132353600000000544C532D7D
:10BAC000454344482D5253412D574954482D414533
:10BAD000532D3132382D47434D2D534841323536A1
:10BAE00000000000544C532D454344482D5253410F
:10BAF0002D574954482D4145532D3235362D43425B
:10BB0000432D53484133383400000000544C532D2A
:10BB1000454344482D5253412D574954482D4145E2
:10BB2000532D3235362D47434D2D5348413338344C
:10BB300000000000544C532D454344482D525341BE
:10BB40002D574954482D43414D454C4C49412D31C9
:10BB500032382D4342432D534841323536000000E0
:10BB6000544C532D454344482D5253412D5749546D
:10BB7000482D43414D454C4C49412D3235362D43DE
:10BB800042432D534841333834000000544C532D68
:10BB9000454344482D5253412D574954482D434164
:10BBA0004D454C4C49412D3132382D47434D2D5395
:10BBB0004841323536000000544C532D454344482B
:10BBC0002D5253412D574954482D43414D454C4C1E
:10BBD00049412D3235362D47434D2D534841333899
:10BBE00034000000544C532D454344482D525341DA
:10BBF0002D574954482D334445532D4544452D4335
:10BC000042432D5348410000544C532D4543444872
:10BC10002D45434453412D574954482D4145532DFB
:10BC20003132382D4342432D53484100544C532D5B
:10BC3000454344482D45434453412D574954482DCD
:10BC40004145532D3235362D4342432D5348410053
:10BC5000544C532D454344482D45434453412D579F
:10BC60004954482D4145532D3132382D4342432DFF
:10BC70005348413235360000544C532D4543444817
:10BC80002D45434453412D574954482D4145532D8B
:10BC90003132382D47434D2D53484132353600005F
:10BCA000544C532D454344482D45434453412D574F
:10BCB0004954482D4145532D3235362D4342432DAD
:10BCC0005348413338340000544C532D45434448C5
:10BCD0002D45434453412D574954482D4145532D3B
:10BCE0003235362D47434D2D53484133383400000B
:10BCF000544C532D454344482D45434453412D57FF
:10BD00004954482D43414D454C4C49412D31323821
:10BD10002D4342432D53484132353600544C532D68
:10BD2000454344482D45434453412D574954482DDC
:10BD300043414D454C4C49412D3235362D4342430C
:10BD40002D53484133383400544C532D4543444817
:10BD50002D45434453412D574954482D43414D45AA
:10BD60004C4C49412D3132382D47434D2D534841DC
:10BD700032353600544C532D454344482D454344F9
:10BD800053412D574954482D43414D454C4C494151
:10BD90002D3235362D47434D2D534841333834002D
:10BDA000544C532D454344482D45434453412D574E
:10BDB0004954482D334445532D4544452D43424372
:10BDC0002D53484100000000544C532D50534B2D2F
:10BDD000574954482D4145532D3132382D47434D55
:10BDE0002D53484132353600544C532D50534B2D72
:10BDF000574954482D4145532D3235362D47434D33
:10BE00002D53484133383400544C532D50534B2D4F
:10BE1000574954482D4145532D3132382D43424323
:10BE20002D53484132353600544C532D50534B2D31
:10BE3000574954482D4145532D3235362D43424301
:10BE40002D53484133383400544C532D50534B2D0F
:10BE5000574954482D4145532D3132382D434243E3
:10BE60002D53484100000000544C532D50534B2D8E
:10BE7000574954482D4145532D3235362D434243C1
:10BE80002D53484100000000544C532D50534B2D6E
:10BE9000574954482D4145532D3235362D43434D96
:10BEA00000000000544C532D50534B2D574954481B
:10BEB0002D4145532D3235362D43434D2D3800004D
:10BEC000544C532D50534B2D574954482D414553F5
:10BED0002D3132382D43434D00000000544C532D7A
:10BEE00050534B2D574954482D4145532D3132382D
:10BEF0002D43434D2D380000544C532D50534B2DA2
:10BF0000574954482D43414D454C4C49412D313200
:10BF1000382D4342432D534841323536000000004E
:10BF2000544C532D50534B2D574954482D43414D9C
:10BF3000454C4C49412D3235362D4342432D534813
:10BF40004133383400000000544C532D50534B2DD6
:10BF5000574954482D43414D454C4C49412D3132B0
:10BF6000382D47434D2D53484132353600000000EF
:10BF7000544C532D50534B2D574954482D43414D4C
:10BF8000454C4C49412D3235362D47434D2D5348B4
:10BF90004133383400000000544C532D50534B2D86
:10BFA000574954482D334445532D4544452D43426C
:10BFB000432D534841000000544C532D4448452D17
:10BFC00050534B2D574954482D4145532D3132384C
:10BFD0002D47434D2D53484132353600544C532D97
:10BFE0004448452D50534B2D574954482D414553F6
:10BFF0002D3235362D47434D2D53484133383400CB
:10C00000544C532D4448452D50534B2D57495448BB
:10C010002D4145532D3132382D4342432D53484154
:10C0200032353600544C532D4448452D50534B2D3A
:10C03000574954482D4145532D3235362D434243FF
:10C040002D53484133383400544C532D4448452D2A
:10C0500050534B2D574954482D4145532D313238BB
:10C060002D4342432D53484100000000544C532DB2
:10C070004448452D50534B2D574954482D41455365
:10C080002D3235362D4342432D53484100000000E8
:10C09000544C532D4448452D50534B2D574954482B
:10C0A0002D4145532D3235362D43434D00000000C0
:10C0B000544C532D4448452D50534B2D574954480B
:10C0C0002D4145532D3235362D43434D2D3800003B
:10C0D000544C532D4448452D50534B2D57495448EB
:10C0E0002D4145532D3132382D43434D0000000082
:10C0F000544C532D4448452D50534B2D57495448CB
:10C100002D4145532D3132382D43434D2D380000FC
:10C11000544C532D4448452D50534B2D57495448AA
:10C120002D43414D454C4C49412D3132382D434230
:10C13000432D53484132353600000000544C532DF6
:10C140004448452D50534B2D574954482D43414D9C
:10C15000454C4C49412D3235362D4342432D5348F1
:10C160004133383400000000544C532D4448452DD1
:10C1700050534B2D574954482D43414D454C4C4944
:10C18000412D3132382D47434D2D534841323536FC
:10C1900000000000544C532D4448452D50534B2D66
:10C1A000574954482D43414D454C4C49412D32355A
:10C1B000362D47434D2D534841333834000000009D
:10C1C000544C532D4448452D50534B2D57495448FA
:10C1D0002D334445532D4544452D4342432D53486B
:10C1E00041000000544C532D45434448452D5053C5
:10C1F0004B2D574954482D4145532D3132382D434D
:10C2000042432D534841323536000000544C532DE3
:10C2100045434448452D50534B2D574954482D41D3
:10C2200045532D3235362D4342432D534841333843
:10C2300034000000544C532D45434448452D505381
:10C240004B2D574954482D4145532D3132382D43FC
:10C2500042432D5348410000544C532D454344481C
:10C26000452D50534B2D574954482D4145532D32A0
:10C2700035362D4342432D5348410000544C532D35
:10C2800045434448452D50534B2D574954482D4361
:10C29000414D454C4C49412D3132382D4342432DBF
:10C2A0005348413235360000544C532D45434448E1
:10C2B000452D50534B2D574954482D43414D454C26
:10C2C0004C49412D3235362D4342432D534841339D
:10C2D00038340000544C532D45434448452D5053A9
:10C2E0004B2D574954482D334445532D4544452D36
:10C2F0004342432D53484100544C532D5253412D3A
:10C3000050534B2D574954482D4145532D31323808
:10C310002D47434D2D53484132353600544C532D53
:10C320005253412D50534B2D574954482D4145539D
:10C330002D3235362D47434D2D5348413338340087
:10C34000544C532D5253412D50534B2D5749544863
:10C350002D4145532D3132382D4342432D53484111
:10C3600032353600544C532D5253412D50534B2DE2
:10C37000574954482D4145532D3235362D434243BC
:10C380002D53484133383400544C532D5253412DD2
:10C3900050534B2D574954482D4145532D31323878
:10C3A0002D4342432D53484100000000544C532D6F
:10C3B0005253412D50534B2D574954482D4145530D
:10C3C0002D3235362D4342432D53484100000000A5
:10C3D000544C532D5253412D50534B2D57495448D3
:10C3E0002D43414D454C4C49412D3132382D43426E
:10C3F000432D53484132353600000000544C532D34
:10C400005253412D50534B2D574954482D43414DC4
:10C41000454C4C49412D3235362D4342432D53482E
:10C420004133383400000000544C532D5253412DF9
:10C4300050534B2D574954482D43414D454C4C4981
:10C44000412D3132382D47434D2D53484132353639
:10C4500000000000544C532D5253412D50534B2D8E
:10C46000574954482D43414D454C4C49412D323597
:10C47000362D47434D2D53484133383400000000DA
:10C48000544C532D5253412D50534B2D5749544822
:10C490002D334445532D4544452D4342432D5348A8
:10C4A00041000000636C69656E742066696E697393
:10C4B000686564007365727665722066696E69737B
:10C4C0006865640044544C5376312E3000000000FF
:10C4D00044544C5376312E3200000000756E6B6E62
:10C4E0006F776E202844544C53290000657874659A
:10C4F0006E646564206D6173746572207365637228
:10C50000657400006D617374657220736563726594
:10C51000740000006B657920657870616E73696FD7
:10C520006E00000053534C76332E3000544C53763B
:10C53000312E3000544C5376312E3100544C53760A
:10C54000312E3200202B20002C20000025733D00CE
:10C550003F3F3D003A00000025303258257300006F
:10C560002E2E2E2E000000002020582E353039208F
:10C570006365727469666963617465206C6F616478
:10C580003A2000007061737365640A2020582E35CC
:10C590003039207369676E617475726520766572D3
:10C5A0006966793A200000002A864886F70D010165
:10C5B000080000003F3F3F00202825732C204D47F6
:10C5C00046312D25732C2030782530325829000033
:10C5D0002573206B65792073697A650074727565BF
:10C5E0000000000066616C73650000000A4365721C
:10C5F000746966696361746520697320756E696E1C
:10C60000697469616C69736564210A0025736365E7
:10C6100072742E2076657273696F6E202020202040
:10C620003A2025640A000000257373657269616C05
:10C63000206E756D62657220202020203A20000057
:10C640000A2573697373756572206E616D652020AC
:10C6500020202020203A20000A25737375626A6525
:10C660006374206E616D652020202020203A200018
:10C670000A257369737375656420206F6E2020200E
:10C6800020202020203A20253034642D25303264AB
:10C690002D2530326420253032643A253032643A18
:10C6A00025303264000000000A25736578706972D5
:10C6B0006573206F6E20202020202020203A202526
:10C6C0003034642D253032642D25303264202530FD
:10C6D00032643A253032643A25303264000000007A
:10C6E0000A25737369676E6564207573696E6720C8
:10C6F00020202020203A20000A2573252D31387370
:10C700003A20256420626974730000000A25736270
:10C710006173696320636F6E73747261696E7473A1
:10C72000203A2043413D2573000000002C206D611C
:10C73000785F706174686C656E3D25640000000070
:10C740000A25737375626A65637420616C74206E68
:10C75000616D6520203A20000A2573636572742E8E
:10C76000207479706520202020202020203A20008D
:10C77000257353534C20436C69656E7400000000B0
:10C78000257353534C205365727665720000000088
:10C790002573456D61696C0025734F626A6563742A
:10C7A000205369676E696E6700000000257352654B
:10C7B0007365727665640000257353534C204341C2
:10C7C000000000002573456D61696C204341000045
:10C7D00025734F626A656374205369676E696E677B
:10C7E000204341000A25736B657920757361676585
:10C7F0002020202020202020203A2000257344697A
:10C80000676974616C205369676E61747572650045
:10C8100025734E6F6E205265707564696174696F1F
:10C820006E00000025734B657920456E6369706862
:10C8300065726D656E7400002573446174612045F6
:10C840006E6369706865726D656E740025734B6503
:10C85000792041677265656D656E740025734B655F
:10C86000792043657274205369676E0025734352C3
:10C870004C205369676E00002573456E63697068CC
:10C880006572204F6E6C790025734465636970682A
:10C890006572204F6E6C79000A2573657874206B81
:10C8A000657920757361676520202020203A20007B
:10C8B0002573257300000000546865206365727459
:10C8C000696669636174652076616C69646974790D
:10C8D00020686173206578706972656400000000EB
:10C8E000257325730A0000002573556E6B6E6F77F4
:10C8F0006E20726561736F6E20287468697320738F
:10C90000686F756C64206E6F742068617070656EFE
:10C91000290A00002D2D2D2D2D424547494E20433B
:10C92000455254494649434154452D2D2D2D2D0046
:10C930002D2D2D2D2D454E44204345525449464919
:10C94000434154452D2D2D2D2D00000054686520A8
:10C9500063657274696669636174652068617320D8
:10C960006265656E207265766F6B656420286973F9
:10C97000206F6E20612043524C29000054686520CE
:10C98000636572746966696361746520436F6D6D78
:10C990006F6E204E616D652028434E2920646F65BF
:10C9A00073206E6F74206D6174636820776974689A
:10C9B0002074686520657870656374656420434EF3
:10C9C00000000000546865206365727469666963DD
:10C9D000617465206973206E6F7420636F72726575
:10C9E00063746C79207369676E6564206279207462
:10C9F000686520747275737465642043410000009B
:10CA00005468652043524C206973206E6F74206314
:10CA10006F72726563746C79207369676E656420E8
:10CA2000627920746865207472757374656420433C
:10CA3000410000005468652043524C206973206512
:10CA40007870697265640000436572746966696331
:10CA500061746520776173206D697373696E670017
:10CA6000436572746966696361746520766572698D
:10CA70006669636174696F6E2077617320736B6997
:10CA800070706564000000004F7468657220726504
:10CA900061736F6E202863616E2062652075736517
:10CAA00064206279207665726966792063616C6CB6
:10CAB0006261636B290000005468652063657274CD
:10CAC000696669636174652076616C69646974790B
:10CAD0002073746172747320696E207468652066B7
:10CAE00075747572650000005468652043524C20CF
:10CAF00069732066726F6D20746865206675747541
:10CB000072650000557361676520646F6573206E00
:10CB10006F74206D6174636820746865206B65793B
:10CB2000557361676520657874656E73696F6E0013
:10CB3000557361676520646F6573206E6F74206D37
:10CB4000617463682074686520657874656E6465D7
:10CB5000644B6579557361676520657874656E739C
:10CB6000696F6E00557361676520646F6573206E31
:10CB70006F74206D6174636820746865206E734300
:10CB80006572745479706520657874656E73696F29
:10CB90006E0000005468652063657274696669639D
:10CBA000617465206973207369676E6564207769B5
:10CBB000746820616E20756E616363657074616274
:10CBC0006C6520686173682E000000005468652061
:10CBD0006365727469666963617465206973207343
:10CBE00069676E6564207769746820616E20756E70
:10CBF00061636365707461626C6520504B20616C89
:10CC000067202865672052534120767320454344AE
:10CC10005341292E0000000054686520636572743A
:10CC200069666963617465206973207369676E65FD
:10CC300064207769746820616E20756E6163636536
:10CC4000707461626C65206B65792028656720626D
:10CC500061642063757276652C2052534120746F95
:10CC60006F2073686F7274292E000000546865206D
:10CC700043524C206973207369676E65642077693D
:10CC8000746820616E20756E6163636570746162A3
:10CC90006C6520686173682E000000005468652090
:10CCA00043524C206973207369676E65642077690D
:10CCB000746820616E20756E616363657074616273
:10CCC0006C6520504B20616C6720286567205253AB
:10CCD00041207673204543445341292E0000000033
:10CCE0005468652043524C206973207369676E65F0
:10CCF00064207769746820616E20756E6163636576
:10CD0000707461626C65206B6579202865672062AC
:10CD100061642063757276652C2052534120746FD4
:10CD20006F2073686F7274292E00000030000000BD
:10CD30006173696E00000000504F534958000000B5
:10CD4000494E4600696E66004E414E006E616E00AF
:10CD50003031323334353637383961626364656671
:10CD600000000000286E756C6C29000030313233F1
:10CD70003435363738396162636465666768696A75
:10CD80006B6C6D6E6F707172737475767778797A7B
:10CD900000000000496E66696E6974790000000049
:10CDA0004E614E0000010000845F00201200000070
:10CDB00000060000F8F702600A0000000002000010
:10CDC000ACF702604B0000000007000060F7026053
:10CDD0004B000000000300005CF702600000000050
:10CDE0000103090444F70260000000000203090483
:10CDF0002CF7026000000000030309041863002000
:10CE00000000000000000000000000000000000022
:10CE10003030303030303030303030303030303012
:10CE20003030303030303030303030303030303002
:10CE30000000000000208C40000000001451002081
:10CE40007C510020E45100200000000000000000A0
:10CE500000000000000000000000000000000000D2
:10CE600000000000000000000000000000000000C2
:10CE700000000000000000000000000000000000B2
:10CE800000000000000000000000000000000000A2
:10CE90000000000000000000000000000000000092
:10CEA0000000000000000000000000000000000082
:10CEB0000000000000000000000000000000000072
:10CEC0000000000000000000000000000000000062
:10CED0000000000000000000000000000000000052
:10CEE00001000000000000000E33CDAB34126DE6EF
:10CEF000ECDE05000B000000000000000000000058
:10CF00000000000000000000000000000000000021
:10CF10000000000000000000000000000000000011
:10CF20000000000000000000000000000000000001
:10CF300000000000000000000000000000000000F1
:10CF400000000000000000000000000000000000E1
:10CF500000000000000000000000000000000000D1
:10CF600000000000000000000000000000000000C1
:10CF700000000000000000000000000000000000B1
:10CF800000000000000000000000000000000000A1
:10CF90000000000000000000000000000000000091
:10CFA0000000000000000000000000000000000081
:10CFB0000000000000000000000000000000000071
:10CFC0000000000000000000000000000000000061
:10CFD0000000000000000000000000000000000051
:10CFE0000000000000000000000000000000000041
:10CFF0000000000000000000000000000000000031
:10D000000000000000000000000000000000000020
:10D010000000000000000000000000000000000010
:10D020000000000000000000000000000000000000
:10D0300000000000000000000000000000000000F0
:10D0400000000000000000000000000000000000E0
:10D0500000000000000000000000000000000000D0
:10D0600000000000000000000000000000000000C0
:10D0700000000000000000000000000000000000B0
:10D0800000000000000000000000000000000000A0
:10D090000000000000000000000000000000000090
:10D0A0000000000000000000000000000000000080
:10D0B0000000000000000000000000000000000070
:10D0C0000000000000000000000000000000000060
:10D0D0000000000000000000000000000000000050
:10D0E0000000000000000000000000000000000040
:10D0F0000000000000000000000000000000000030
:10D10000000000000000000000000000000000001F
:10D11000000000000000000000000000000000000F
:10D1200000000000000000000000000000000000FF
:10D1300000000000000000000000000000000000EF
:10D1400000000000000000000000000000000000DF
:10D1500000000000000000000000000000000000CF
:10D1600000000000000000000000000000000000BF
:10D1700000000000000000000000000000000000AF
:10D18000000000000000000000000000000000009F
:10D19000000000000000000000000000000000008F
:10D1A000000000000000000000000000000000007F
:10D1B000000000000000000000000000000000006F
:10D1C000000000000000000000000000000000005F
:10D1D000000000000000000000000000000000004F
:10D1E000000000000000000000000000000000003F
:10D1F000000000000000000000000000000000002F
:10D20000000000000000000000000000000000001E
:10D21000000000000000000000000000000000000E
:10D2200000000000000000000000000000000000FE
:10D2300000000000000000000000000000000000EE
:10D2400000000000000000000000000000000000DE
:10D2500000000000000000000000000000000000CE
:10D2600000000000B8220000B90800000000000023
:10D2700000000000000000080000000000000000A6
:10D28000000000000677FF1400000000B20000005C
:10D290000029DE07007B9A1780817EFA08000000D3
:10D2A0000000000000CC000080817EFD080000002E
:10D2B0000000000000CC0000740600200000000008
:10D2C000E8030000000000005006002000000000FD
:10D2D000E80300000000000000001940745800201E
:10D2E0000000000034E3002034E2002000000000D1
:10D2F000000000002800000040000000280000009E
:10D3000040000000000000000000000000000000DD
:10D31000000000000000000000000000000000000D
:10D320000000000000000000500600200000000087
:10D33000E8030000000000000080184010580020A2
:10D34000000000005CE3002074E200200000000008
:10D35000000000002800000040000000280000003D
:10D36000400000000000000000000000000000007D
:10D3700000000000000000000000000000000000AD
:10D380000000000000000000500600200000000027
:10D39000E80300000000000000001A403C59002093
:10D3A0000000000084E30020B4E200200000000040
:10D3B00000000000280000004000000028000000DD
:10D3C000400000000000000000000000000000001D
:10D3D000000000000000000000000000000000004D
:10D3E00000000000000000005006002000000000C7
:10D3F000E80300000000000000C01940D8580020D9
:10D4000000000000ACE30020F4E200200000000077
:10D41000000000002800000040000000280000007C
:10D4200040000000000000000000000000000000BC
:10D4300000000000000000000000000000000000EC
:10D440000000000000000000D8530020B852002067
:10D4500078530020785300209C0600200000000034
:10D46000E80300000000000000003F40882D02603B
:10D4700000000000000000000000000000000000AC
:10D48000000000000000000000000000000000009C
:10D49000000000000000000000000000000000008C
:10D4A000000000000000000000000000000000007C
:10D4B000000000000000000000000000000000006C
:10D4C000000000000000000000000000000000005C
:10D4D000000000000000000000000000000000004C
:10D4E000000000000000000000000000000000003C
:10D4F000000000000000000000000000000000002C
:10D50000000000000000000000000000000000001B
:10D51000000000000000000000000000000000000B
:10D5200000000000000000000000000000000000FB
:10D5300000000000000000000000000000000000EB
:10D5400000000000000000000000000000000000DB
:10D5500000000000000000000000000000000000CB
:10D5600000000000000000000000000000000000BB
:10D5700000000000000000000000000000000000AB
:10D58000000000000000000000000000000000009B
:10D5900000000000000000009C06002000000000C9
:10D5A000E80300000000000000803F40382D0260CA
:10D5B000000000000000000000000000000000006B
:10D5C000000000000000000000000000000000005B
:10D5D000000000000000000000000000000000004B
:10D5E000000000000000000000000000000000003B
:10D5F000000000000000000000000000000000002B
:10D60000000000000000000000000000000000001A
:10D61000000000000000000000000000000000000A
:10D6200000000000000000000000000000000000FA
:10D6300000000000000000000000000000000000EA
:10D6400000000000000000000000000000000000DA
:10D6500000000000000000000000000000000000CA
:10D6600000000000000000000000000000000000BA
:10D6700000000000000000000000000000000000AA
:10D68000000000000000000000000000000000009A
:10D69000000000000000000000000000000000008A
:10D6A000000000000000000000000000000000007A
:10D6B000000000000000000000000000000000006A
:10D6C000000000000000000000000000000000005A
:10D6D00000000000000000009C0600200000000088
:10D6E000E80300000000000000C03F40E82C02609A
:10D6F000000000000000000000000000000000002A
:10D700000000000000000000000000000000000019
:10D710000000000000000000000000000000000009
:10D7200000000000000000000000000000000000F9
:10D7300000000000000000000000000000000000E9
:10D7400000000000000000000000000000000000D9
:10D7500000000000000000000000000000000000C9
:10D7600000000000000000000000000000000000B9
:10D7700000000000000000000000000000000000A9
:10D780000000000000000000000000000000000099
:10D790000000000000000000000000000000000089
:10D7A0000000000000000000000000000000000079
:10D7B0000000000000000000000000000000000069
:10D7C0000000000000000000000000000000000059
:10D7D0000000000000000000000000000000000049
:10D7E0000000000000000000000000000000000039
:10D7F0000000000000000000000000000000000029
:10D800000000000000000000000000000000000018
:10D810000000000000000000000000008000000088
:10D820000215000035E2000011FE000029F7026039
:10D8300068C00F40000000300F0000000200000030
:10D840002C851F4001000000FF000000FF000000C9
:10D8500000000000000000000E00000002000000B8
:10D8600030851F4001000000FF000000FF000000A5
:10D870000000000000000000130240002600180015
:10D88000780000000117000029E200000DFE0000F2
:10D8900028F702606CC00F40000000030700000082
:10D8A0000200000040851F4002000000FF00000051
:10D8B000FF00000000000000000000000800000061
:10D8C0000200000044851F4002000000FF0000002D
:10D8D000FF0000000000000000000000FF0040000A
:10D8E000260018007A000000061A00004DE2000031
:10D8F00019FE00002BF702607CC00F400000000CF6
:10D900001C0000000200000058851F4001000000BC
:10D91000FF000000FF000000000000000000000009
:10D920001D000000020000005C851F400100000097
:10D93000FF000000FF0000000000000000000000E9
:10D94000FF004000260018007D000000041B0000BE
:10D9500041E2000015FE00002AF7026080C00F407F
:10D9600000C00000150000000200000060851F409C
:10D97000010000002E0000000200000060851F4032
:10D9800000000000140000000200000064851F4039
:10D99000010000002F0000000200000064851F400D
:10D9A000000000002B024000260018007E0000004E
:10D9B0000000000080000000FFFFFFFF80302020FB
:10D9C0004300000000000000000000000000000014
:10D9D0000000000000000000000000000000000047
:10D9E00043000000000000000000000000000000F4
:10D9F0000000000000000000000000000000000027
:10DA000043000000000000000000000000000000D3
:10DA10000000000000000000000000000000000006
:10DA200043000000000000000000000000000000B3
:10DA300000000000000000000000000000000000E6
:10DA40004300000000000000000000000000000093
:10DA500000000000000000000000000000000000C6
:10DA60004300000000000000000000000000000073
:10DA700000000000000000000000000000000000A6
:10DA80004300000000000000000000000000000053
:10DA90000000000000000000000000000000000086
:10DAA00035620100E122010000000000DC080020D6
:10DAB000184D002038200020382000203820002079
:10DAC0003820002038200020382000203820002076
:10DAD0003820002038200020FFFFFFFFFFFFFFFF5E
:10DAE000FFFFFFFFFFFF00000100415343494900D2
:10DAF0000000000000000000000000000000000026
:10DB000000000000000000000000415343494900AC
:10DB10000000000000000000000000000000000005
:10DB200000000000000000000000000000000000F5
:10DB3000000000001C5B00201C5B0020245B002018
:10DB4000245B00202C5B00202C5B0020345B002039
:10DB5000345B00203C5B00203C5B0020445B0020E9
:10DB6000445B00204C5B00204C5B0020545B002099
:10DB7000545B00205C5B00205C5B0020645B002049
:10DB8000645B00206C5B00206C5B0020745B0020F9
:10DB9000745B00207C5B00207C5B0020845B0020A9
:10DBA000845B00208C5B00208C5B0020945B002059
:10DBB000945B00209C5B00209C5B0020A45B002009
:10DBC000A45B0020AC5B0020AC5B0020B45B0020B9
:10DBD000B45B0020BC5B0020BC5B0020C45B002069
:10DBE000C45B0020CC5B0020CC5B0020D45B002019
:10DBF000D45B0020DC5B0020DC5B0020E45B0020C9
:10DC0000E45B0020EC5B0020EC5B0020F45B002078
:10DC1000F45B0020FC5B0020FC5B0020045C002027
:10DC2000045C00200C5C00200C5C0020145C0020D4
:10DC3000145C00201C5C00201C5C0020245C002084
:10DC4000245C00202C5C00202C5C0020345C002034
:10DC5000345C00203C5C00203C5C0020445C0020E4
:10DC6000445C00204C5C00204C5C0020545C002094
:10DC7000545C00205C5C00205C5C0020645C002044
:10DC8000645C00206C5C00206C5C0020745C0020F4
:10DC9000745C00207C5C00207C5C0020845C0020A4
:10DCA000845C00208C5C00208C5C0020945C002054
:10DCB000945C00209C5C00209C5C0020A45C002004
:10DCC000A45C0020AC5C0020AC5C0020B45C0020B4
:10DCD000B45C0020BC5C0020BC5C0020C45C002064
:10DCE000C45C0020CC5C0020CC5C0020D45C002014
:10DCF000D45C0020DC5C0020DC5C0020E45C0020C4
:10DD0000E45C0020EC5C0020EC5C0020F45C002073
:10DD1000F45C0020FC5C0020FC5C0020045D002022
:10DD2000045D00200C5D00200C5D0020145D0020CF
:10DD3000145D00201C5D00201C5D0020245D00207F
:10DD4000245D00202C5D00202C5D0020345D00202F
:10DD5000345D00203C5D00203C5D0020445D0020DF
:10DD6000445D00204C5D00204C5D0020545D00208F
:10DD7000545D00205C5D00205C5D0020645D00203F
:10DD8000645D00206C5D00206C5D0020745D0020EF
:10DD9000745D00207C5D00207C5D0020845D00209F
:10DDA000845D00208C5D00208C5D0020945D00204F
:10DDB000945D00209C5D00209C5D0020A45D0020FF
:10DDC000A45D0020AC5D0020AC5D0020B45D0020AF
:10DDD000B45D0020BC5D0020BC5D0020C45D00205F
:10DDE000C45D0020CC5D0020CC5D0020D45D00200F
:10DDF000D45D0020DC5D0020DC5D0020E45D0020BF
:10DE0000E45D0020EC5D0020EC5D0020F45D00206E
:10DE1000F45D0020FC5D0020FC5D0020045E00201D
:10DE2000045E00200C5E00200C5E0020145E0020CA
:10DE3000145E00201C5E00201C5E0020245E00207A
:10DE4000245E00202C5E00202C5E0020345E00202A
:10DE5000345E00203C5E00203C5E0020445E0020DA
:10DE6000445E00204C5E00204C5E0020545E00208A
:10DE7000545E00205C5E00205C5E0020645E00203A
:10DE8000645E00206C5E00206C5E0020745E0020EA
:10DE9000745E00207C5E00207C5E0020845E00209A
:10DEA000845E00208C5E00208C5E0020945E00204A
:10DEB000945E00209C5E00209C5E0020A45E0020FA
:10DEC000A45E0020AC5E0020AC5E0020B45E0020AA
:10DED000B45E0020BC5E0020BC5E0020C45E00205A
:10DEE000C45E0020CC5E0020CC5E0020D45E00200A
:10DEF000D45E0020DC5E0020DC5E0020E45E0020BA
:10DF0000E45E0020EC5E0020EC5E0020F45E002069
:10DF1000F45E0020FC5E0020FC5E0020045F002018
:10DF2000045F00200C5F00200C5F0020145F0020C5
:10DF3000145F0020FFFFFFFF00000200284E0020BA
:10DF4000B562013C0000000000000000000000007D
:10DF500000000000000000000000000000000000C1
:10DF600000000000000000000000000000000000B1
:10DF700000000000000000000000000000000000A1
:10DF80000000000000000000E01300201900000065
:10DF90001900000012010002EF020140C0168304C4
:10DFA0008002010203010000657468300000000077
:10DFB000DC05000058600020880D002000000000F3
:10DFC0000000000000000000000000000000000051
:10DFD0000000000000000000000000000000000041
:10DFE0000000000000000000000000000000000031
:10DFF0000000000000000000000000000000000021
:10E0000000000000010306333A3B00000104000059
:10E0100000802D4000802D408200000000000000A4
:10E0200000000000000000000000000000000000F0
:10E0300000000000000000000000000000000000E0
:10E04000C066002000000000010000000100000088
:10E050000000000000000000C57D0000000000007E
:10E060000000000000000000006000200000000030
:10E0700000000000E95F0000D56000006961000059
:10E080005959000055590000000000000000000030
:10E090000000000000000000000000000000000080
:10E0A0000000000000000000000000000000000070
:10E0B0000000000000000000000000000000000060
:10E0C0000000000000000000000000000000000050
:10E0D0000000000000000000000000000000000040
:10E0E0000000000000000000000000000000000030
:10E0F0000000000000000000000000000000000020
:10E10000000000000000000000000000000000000F
:10E1100000000000000000000000000000000000FF
:10E1200000000000000000000000000000000000EF
:10E1300000000000000000000000000000000000DF
:10E1400000000000000000000000000000000000CF
:10E1500000000000000000000000000000000000BF
:10E1600000000000000000000000000000000000AF
:10E17000000000000000000000000000000000009F
:10E18000000000000000000001000300000000008B
:10E190000000000039A0000055A0000000000000B1
:10E1A00000000000D80D0020000000000100010068
:10E1B00006000000C5B800008DD400004DC8000066
:10E1C0004DB8000051D00000040E002000000000F7
:10E1D00001000200110000000000000089D80000CA
:10E1E000A5D8000089DA000000000000300E0020F1
:10E1F00080817E7E050000000000470080817979E3
:10E200000500000000004700000048C2000034C2C2
:10E21000000020C200000CC20000F0C10000C8C114
:10E220000000A0C1000070C1000020C10000A0C01B
:10E23000000000000000A0400000204100007041EC
:10E240000000A0410000C8410000F04100000C4265
:10E250000000204200003442000048420000560006
:10E2600000780000F09702602876026039240100EF
:10E27000C0A8050001000000000048C2000034C230
:10E28000000020C200000CC20000F0C10000C8C1A4
:10E290000000A0C1000070C1000020C10000A0C0AB
:10E2A000000000000000A04000002041000070417C
:10E2B0000000A0410000C8410000F04100000C42F5
:10E2C0000000204200003442000048420F270000B6
:10E2D0000014000008000000070000000600000015
:10E2E0000500000004000000000000002BC000003A
:10E2F0002CC0000000000000030400000600000025
:10E300000700000000000000000000010100000004
:10E310000000050000000000280A0000093C000081
:10E320000000F0410000803F0C03000000000000EE
:10E33000000000000000000000000000000000C01D
:10E34000010D0DFF0101080101246601000000001C
:10E3500000000000000000000000000000000000BD
:10E3600000000000000000000000000000000000AD
:10E37000000000000000000000000000000000009D
:10E38000000000000000000000000000000000008D
:10E39000000000000000000000000000000000007D
:10E3A000000000000000000000000000000000006D
:10E3B000000000000000000000000000000000005D
:10E3C000000000000000000000000000000000004D
:10E3D000000000000000000000000000000000003D
:10E3E000000000000000000000000000000000002D
:10E3F000000000000000000000000000000000001D
:10E40000000000000000000000000000000000000C
:10E4100000000000000000000000000000000000FC
:10E4200000000000000000000000000000000000EC
:10E4300000000000000000000000000000000000DC
:10E4400000000000000000000000000000000000CC
:10E4500000000000000000000000000000000000BC
:10E4600000000000000000000000000000000000AC
:10E47000000000000000000000000000000000009C
:10E48000000000000000000000000000000000008C
:10E49000000000000000000000000000000000007C
:10E4A000000000000000000000000000000000006C
:10E4B000000000000000000000000000000000005C
:10E4C000000000000000000000000000000000004C
:10E4D000000000000000000000000000000000003C
:10E4E000000000000000000000000000000000002C
:10E4F000000000000000000000000000000000001C
:10E50000000000000000000000000000000000000B
:10E5100000000000000000000000000000000000FB
:10E5200000000000000000000000000000000000EB
:10E5300000000000000000000000000000000000DB
:10E5400000000000000000000000000000000000CB
:10E5500000000000000000000000000000000000BB
:10E5600000000000000000000000000000000000AB
:10E57000000000000000000000000000000000009B
:10E58000000000000000000000000000000000008B
:10E59000000000000000000000000000000000007B
:10E5A000000000000000000000000000000000006B
:10E5B000000000000000000000000000000000005B
:10E5C000000000000000000000000000000000004B
:10E5D000000000000000000000000000000000003B
:10E5E000000000000000000000000000000000002B
:10E5F000000000000000000000000000000000001B
:10E60000000000000000000000000000000000000A
:10E6100000000000000000000000000000000000FA
:10E6200000000000000000000000000000000000EA
:10E6300000000000000000000000000000000000DA
:10E6400000000000000000000000000000000000CA
:10E6500000000000000000000000000000000000BA
:10E6600000000000000000000000000000000000AA
:10E67000000000000000000000000000000000009A
:10E68000000000000000000000000000000000008A
:10E69000000000000000000000000000000000007A
:10E6A000000000000000000000000000000000006A
:10E6B000000000000000000000000000000000005A
:10E6C000000000000000000000000000000000004A
:10E6D000000000000000000000000000000000003A
:10E6E000000000000000000000000000000000002A
:10E6F000000000000000000000000000000000001A
:10E700000000000000000000000000000000000009
:10E7100000000000000000000000000000000000F9
:10E7200000000000000000000000000000000000E9
:10E7300000000000000000000000000000000000D9
:10E7400000000000000000000000000000000000C9
:10E7500000000000000000000000000000000000B9
:10E7600000000000000000000000000000000000A9
:10E770000000000000000000000000000000000099
:10E780000000000000000000000000000000000089
:10E790000000000000000000000000000000000079
:10E7A0000000000000000000000000000000000069
:10E7B0000000000000000000000000000000000059
:10E7C0000000000000000000000000000000000049
:10E7D0000000000000000000000000000000000039
:10E7E0000000000000000000000000000000000029
:10E7F0000000000000000000000000000000000019
:10E800000000000000000000000000000000000008
:10E8100000000000000000000000000000000000F8
:10E8200000000000000000000000000000000000E8
:10E8300000000000000000000000000000000000D8
:10E8400000000000000000000000000000000000C8
:10E8500000000000000000000000000000000000B8
:10E8600000000000000000000000000000000000A8
:10E870000000000000000000000000000000000098
:10E880000000000000000000000000000000000088
:10E890000000000000000000000000000000000078
:10E8A0000000000000000000000000000000000068
:10E8B0000000000000000000000000000000000058
:10E8C0000000000000000000000000000000000048
:10E8D0000000000000000000000000000000000038
:10E8E0000000000000000000000000000000000028
:10E8F0000000000000000000000000000000000018
:10E900000000000000000000000000000000000007
:10E9100000000000000000000000000000000000F7
:10E9200000000000000000000000000000000000E7
:10E9300000000000000000000000000000000000D7
:10E9400000000000000000000000000000000000C7
:10E9500000000000000000000000000000000000B7
:10E9600000000000000000000000000000000000A7
:10E970000000000000000000000000000000000097
:10E980000000000000000000000000000000000087
:10E990000000000000000000000000000000000077
:10E9A0000000000000000000000000000000000067
:10E9B0000000000000000000000000000000000057
:10E9C0000000000000000000000000000000000047
:10E9D0000000000000000000000000000000000037
:10E9E0000000000000000000000000000000000027
:10E9F0000000000000000000000000000000000017
:10EA00000000000000000000000000000000000006
:10EA100000000000000000000000000000000000F6
:10EA200000000000000000000000000000000000E6
:10EA300000000000000000000000000000000000D6
:10EA400000000000000000000000000000000000C6
:10EA500000000000000000000000000000000000B6
:10EA600000000000000000000000000000000000A6
:10EA70000000000000000000000000000000000096
:10EA80000000000000000000000000000000000086
:10EA90000000000000000000000000000000000076
:10EAA0000000000000000000000000000000000066
:10EAB0000000000000000000000000000000000056
:10EAC0000000000000000000000000000000000046
:10EAD0000000000000000000000000000000000036
:10EAE0000000000000000000000000000000000026
:10EAF0000000000000000000000000000000000016
:10EB00000000000000000000000000000000000005
:10EB100000000000000000000000000000000000F5
:10EB200000000000000000000000000000000000E5
:10EB300000000000000000000000000000000000D5
:10EB400000000000000000000000000000000000C5
:10EB500000000000000000000000000000000000B5
:10EB600000000000000000000000000000000000A5
:10EB70000000000000000000000000000000000095
:10EB80000000000000000000000000000000000085
:10EB90000000000000000000000000000000000075
:10EBA0000000000000000000000000000000000065
:10EBB0000000000000000000000000000000000055
:10EBC0000000000000000000000000000000000045
:10EBD0000000000000000000000000000000000035
:10EBE0000000000000000000000000000000000025
:10EBF0000000000000000000000000000000000015
:10EC00000000000000000000000000000000000004
:10EC100000000000000000000000000000000000F4
:10EC200000000000000000000000000000000000E4
:10EC300000000000000000000000000000000000D4
:10EC400000000000000000000000000000000000C4
:10EC500000000000000000000000000000000000B4
:10EC600000000000000000000000000000000000A4
:10EC70000000000000000000000000000000000094
:10EC80000000000000000000000000000000000084
:10EC90000000000000000000000000000000000074
:10ECA0000000000000000000000000000000000064
:10ECB0000000000000000000000000000000000054
:10ECC0000000000000000000000000000000000044
:10ECD0000000000000000000000000000000000034
:10ECE0000000000000000000000000000000000024
:10ECF0000000000000000000000000000000000014
:10ED00000000000000000000000000000000000003
:10ED100000000000000000000000000000000000F3
:10ED200000000000000000000000000000000000E3
:10ED300000000000000000000000000000000000D3
:10ED400000000000000000000000000000000000C3
:10ED500000000000000000000000000000000000B3
:10ED600000000000000000000000000000000000A3
:10ED70000000000000000000000000000000000093
:10ED80000000000000000000000000000000000083
:10ED90000000000000000000000000000000000073
:10EDA0000000000000000000000000000000000063
:10EDB0000000000000000000000000000000000053
:10EDC0000000000000000000000000000000000043
:10EDD0000000000000000000000000000000000033
:10EDE0000000000000000000000000000000000023
:10EDF0000000000000000000000000000000000013
:10EE00000000000000000000000000000000000002
:10EE100000000000000000000000000000000000F2
:10EE200000000000000000000000000000000000E2
:10EE300000000000000000000000000000000000D2
:10EE400000000000000000000000000000000000C2
:10EE500000000000000000000000000000000000B2
:10EE600000000000000000000000000000000000A2
:10EE70000000000000000000000000000000000092
:10EE80000000000000000000000000000000000082
:10EE90000000000000000000000000000000000072
:10EEA0000000000000000000000000000000000062
:10EEB0000000000000000000000000000000000052
:10EEC0000000000000000000000000000000000042
:10EED0000000000000000000000000000000000032
:10EEE0000000000000000000000000000000000022
:10EEF0000000000000000000000000000000000012
:10EF00000000000000000000000000000000000001
:10EF100000000000000000000000000000000000F1
:10EF200000000000000000000000000000000000E1
:10EF300000000000000000000000000000000000D1
:10EF400000000000000000000000000000000000C1
:10EF500000000000000000000000000000000000B1
:10EF600000000000000000000000000000000000A1
:10EF70000000000000000000000000000000000091
:10EF80000000000000000000000000000000000081
:10EF90000000000000000000000000000000000071
:10EFA0000000000000000000000000000000000061
:10EFB0000000000000000000000000000000000051
:10EFC0000000000000000000000000000000000041
:10EFD0000000000000000000000000000000000031
:10EFE0000000000000000000000000000000000021
:10EFF0000000000000000000000000000000000011
:10F000000000000000000000000000000000000000
:10F0100000000000000000000000000000000000F0
:10F0200000000000000000000000000000000000E0
:10F0300000000000000000000000000000000000D0
:10F0400000000000000000000000000000000000C0
:10F0500000000000000000000000000000000000B0
:10F0600000000000000000000000000000000000A0
:10F070000000000000000000000000000000000090
:10F080000000000000000000000000000000000080
:10F090000000000000000000000000000000000070
:10F0A0000000000000000000000000000000000060
:10F0B0000000000000000000000000000000000050
:10F0C0000000000000000000000000000000000040
:10F0D0000000000000000000000000000000000030
:10F0E0000000000000000000000000000000000020
:10F0F0000000000000000000000000000000000010
:10F1000000000000000000000000000000000000FF
:10F1100000000000000000000000000000000000EF
:10F1200000000000000000000000000000000000DF
:10F1300000000000000000000000000000000000CF
:10F1400000000000000000000000000000000000BF
:10F1500000000000000000000000000000000000AF
:10F16000000000000000000000000000000000009F
:10F17000000000000000000000000000000000008F
:10F18000000000000000000000000000000000007F
:10F19000000000000000000000000000000000006F
:10F1A000000000000000000000000000000000005F
:10F1B000000000000000000000000000000000004F
:10F1C000000000000000000000000000000000003F
:10F1D000000000000000000000000000000000002F
:10F1E000000000000000000000000000000000001F
:10F1F000000000000000000000000000000000000F
:10F2000000000000000000000000000000000000FE
:10F2100000000000000000000000000000000000EE
:10F2200000000000000000000000000000000000DE
:10F2300000000000000000000000000000000000CE
:10F2400000000000000000000000000000000000BE
:10F2500000000000000000000000000000000000AE
:10F26000000000000000000000000000000000009E
:10F27000000000000000000000000000000000008E
:10F28000000000000000000000000000000000007E
:10F29000000000000000000000000000000000006E
:10F2A000000000000000000000000000000000005E
:10F2B000000000000000000000000000000000004E
:10F2C000000000000000000000000000000000003E
:10F2D000000000000000000000000000000000002E
:10F2E000000000000000000000000000000000001E
:10F2F000000000000000000000000000000000000E
:10F3000000000000000000000000000000000000FD
:10F3100000000000000000000000000000000000ED
:10F3200000000000000000000000000000000000DD
:10F3300000000000000000000000000000000000CD
:10F3400000000000000000000000000000000000BD
:10F3500000000000000000000000000000000000AD
:10F36000000000000000000000000000000000009D
:10F37000000000000000000000000000000000008D
:10F38000000000000000000000000000000000007D
:10F39000000000000000000000000000000000006D
:10F3A000000000000000000000000000000000005D
:10F3B000000000000000000000000000000000004D
:10F3C000000000000000000000000000000000003D
:10F3D000000000000000000000000000000000002D
:10F3E000000000000000000000000000000000001D
:10F3F000000000000000000000000000000000000D
:10F4000000000000000000000000000000000000FC
:10F4100000000000000000000000000000000000EC
:10F4200000000000000000000000000000000000DC
:10F4300000000000000000000000000000000000CC
:10F4400000000000000000000000000000000000BC
:10F4500000000000000000000000000000000000AC
:10F46000000000000000000000000000000000009C
:10F47000000000000000000000000000000000008C
:10F48000000000000000000000000000000000007C
:10F49000000000000000000000000000000000006C
:10F4A000000000000000000000000000000000005C
:10F4B000000000000000000000000000000000004C
:10F4C000000000000000000000000000000000003C
:10F4D000000000000000000000000000000000002C
:10F4E000000000000000000000000000000000001C
:10F4F000000000000000000000000000000000000C
:10F5000000000000000000000000000000000000FB
:10F5100000000000000000000000000000000000EB
:10F5200000000000000000000000000000000000DB
:10F5300000000000000000000000000000000000CB
:10F5400000000000000000000000000000000000BB
:10F5500000000000000000000000000000000000AB
:10F56000000000000000000000000000000000009B
:10F57000000000000000000000000000000000008B
:10F58000000000000000000000000000000000007B
:10F59000000000000000000000000000000000006B
:10F5A000000000000000000000000000000000005B
:10F5B000000000000000000000000000000000004B
:10F5C000000000000000000000000000000000003B
:10F5D000000000000000000000000000000000002B
:10F5E000000000000000000000000000000000001B
:10F5F000000000000000000000000000000000000B
:10F6000000000000000000000000000000000000FA
:10F6100000000000000000000000000000000000EA
:10F6200000000000000000000000000000000000DA
:10F6300000000000000000000000000000000000CA
:10F6400000000000000000000000000000000000BA
:10F6500000000000000000000000000000000000AA
:10F66000000000000000000000000000000000009A
:10F67000000000000000000000000000000000008A
:10F68000000000000000000000000000000000007A
:10F69000000000000000000000000000000000006A
:10F6A000000000000000000000000000000000005A
:10F6B000000000000000000000000000000000004A
:10F6C000000000000000000000000000000000003A
:10F6D000000000000000000000000000000000002A
:10F6E000000000000000000000000000000000001A
:10F6F000000000000000000000000000000000000A
:10F7000000000000000000000000000000000000F9
:10F7100000000000000000000000000000000000E9
:10F7200000000000000000000000000000000000D9
:10F7300000000000000000000000000000000000C9
:10F7400000000000000000000000000000000000B9
:10F7500000000000000000000000000000000000A9
:10F760000000000000000000000000000000000099
:10F770000000000000000000000000000000000089
:10F780000000000000000000000000000000000079
:10F790000000000000000000000000000000000069
:10F7A0000000000000000000000000000000000059
:10F7B0000000000000000000000000000000000049
:10F7C0000000000000000000000000000000000039
:10F7D0000000000000000000000000000000000029
:10F7E0000000000000000000000000000000000019
:10F7F0000000000000000000000000000000000009
:10F8000000000000000000000000000000000000F8
:10F8100000000000000000000000000000000000E8
:10F8200000000000000000000000000000000000D8
:10F8300000000000000000000000000000000000C8
:10F8400000000000000000000000000000000000B8
:10F8500000000000000000000000000000000000A8
:10F860000000000000000000000000000000000098
:10F870000000000000000000000000000000000088
:10F880000000000000000000000000000000000078
:10F890000000000000000000000000000000000068
:10F8A0000000000000000000000000000000000058
:10F8B0000000000000000000000000000000000048
:10F8C0000000000000000000000000000000000038
:10F8D0000000000000000000000000000000000028
:10F8E0000000000000000000000000000000000018
:10F8F0000000000000000000000000000000000008
:10F9000000000000000000000000000000000000F7
:10F9100000000000000000000000000000000000E7
:10F9200000000000000000000000000000000000D7
:10F9300000000000000000000000000000000000C7
:10F9400000000000000000000000000000000000B7
:10F9500000000000000000000000000000000000A7
:10F960000000000000000000000000000000000097
:10F970000000000000000000000000000000000087
:10F980000000000000000000000000000000000077
:10F990000000000000000000000000000000000067
:10F9A0000000000000000000000000000000000057
:10F9B0000000000000000000000000000000000047
:10F9C0000000000000000000000000000000000037
:10F9D0000000000000000000000000000000000027
:10F9E0000000000000000000000000000000000017
:10F9F0000000000000000000000000000000000007
:10FA000000000000000000000000000000000000F6
:10FA100000000000000000000000000000000000E6
:10FA200000000000000000000000000000000000D6
:10FA300000000000000000000000000000000000C6
:10FA400000000000000000000000000000000000B6
:10FA500000000000000000000000000000000000A6
:10FA60000000000000000000000000000000000096
:10FA70000000000000000000000000000000000086
:10FA80000000000000000000000000000000000076
:10FA90000000000000000000000000000000000066
:10FAA0000000000000000000000000000000000056
:10FAB0000000000000000000000000000000000046
:10FAC0000000000000000000000000000000000036
:10FAD0000000000000000000000000000000000026
:10FAE0000000000000000000000000000000000016
:10FAF0000000000000000000000000000000000006
:10FB000000000000000000000000000000000000F5
:10FB100000000000000000000000000000000000E5
:10FB200000000000000000000000000000000000D5
:10FB300000000000000000000000000000000000C5
:10FB400000000000000000000000000000000000B5
:10FB500000000000000000000000000000000000A5
:10FB60000000000000000000000000000000000095
:10FB70000000000000000000000000000000000085
:10FB80000000000000000000000000000000000075
:10FB90000000000000000000000000000000000065
:10FBA0000000000000000000000000000000000055
:10FBB0000000000000000000000000000000000045
:10FBC0000000000000000000000000000000000035
:10FBD0000000000000000000000000000000000025
:10FBE0000000000000000000000000000000000015
:10FBF0000000000000000000000000000000000005
:10FC000000000000000000000000000000000000F4
:10FC100000000000000000000000000000000000E4
:10FC200000000000000000000000000000000000D4
:10FC300000000000000000000000000000000000C4
:10FC400000000000000000000000000000000000B4
:10FC500000000000000000000000000000000000A4
:10FC60000000000000000000000000000000000094
:10FC70000000000000000000000000000000000084
:10FC80000000000000000000000000000000000074
:10FC90000000000000000000000000000000000064
:10FCA0000000000000000000000000000000000054
:10FCB0000000000000000000000000000000000044
:10FCC0000000000000000000000000000000000034
:10FCD0000000000000000000000000000000000024
:10FCE0000000000000000000000000000000000014
:10FCF0000000000000000000000000000000000004
:10FD000000000000000000000000000000000000F3
:10FD100000000000000000000000000000000000E3
:10FD200000000000000000000000000000000000D3
:10FD300000000000000000000000000000000000C3
:10FD400000000000000000000000000000000000B3
:10FD500000000000000000000000000000000000A3
:10FD60000000000000000000000000000000000093
:10FD70000000000000000000000000000000000083
:10FD80000000000000000000000000000000000073
:10FD90000000000000000000000000000000000063
:10FDA0000000000000000000000000000000000053
:10FDB0000000000000000000000000000000000043
:10FDC0000000000000000000000000000000000033
:10FDD0000000000000000000000000000000000023
:10FDE0000000000000000000000000000000000013
:10FDF0000000000000000000000000000000000003
:10FE000000000000000000000000000000000000F2
:10FE100000000000000000000000000000000000E2
:10FE200000000000000000000000000000000000D2
:10FE300000000000000000000000000000000000C2
:10FE400000000000000000000000000000000000B2
:10FE500000000000000000000000000000000000A2
:10FE60000000000000000000000000000000000092
:10FE70000000000000000000000000000000000082
:10FE80000000000000000000000000000000000072
:10FE90000000000000000000000000000000000062
:10FEA0000000000000000000000000000000000052
:10FEB0000000000000000000000000000000000042
:10FEC0000000000000000000000000000000000032
:10FED0000000000000000000000000000000000022
:10FEE0000000000000000000000000000000000012
:10FEF0000000000000000000000000000000000002
:10FF000000000000000000000000000000000000F1
:10FF100000000000000000000000000000000000E1
:10FF200000000000000000000000000000000000D1
:10FF300000000000000000000000000000000000C1
:10FF400000000000000000000000000000000000B1
:10FF500000000000000000000000000000000000A1
:10FF60000000000000000000000000000000000091
:10FF70000000000000000000000000000000000081
:10FF80000000000000000000000000000000000071
:10FF90000000000000000000000000000000000061
:10FFA0000000000000000000000000000000000051
:10FFB0000000000000000000000000000000000041
:10FFC0000000000000000000000000000000000031
:10FFD0000000000000000000000000000000000021
:10FFE0000000000000000000000000000000000011
:10FFF0000000000000000000000000000000000001
:02000004600595
:1000000000000000000000000000000000000000F0
:1000100000000000000000000000000000000000E0
:1000200000000000000000000000000000000000D0
:1000300000000000000000000000000000000000C0
:1000400000000000000000000000000000000000B0
:1000500000000000000000000000000000000000A0
:100060000000000000000000000000000000000090
:100070000000000000000000000000000000000080
:100080000000000000000000000000000000000070
:100090000000000000000000000000000000000060
:1000A0000000000000000000000000000000000050
:1000B0000000000000000000000000000000000040
:1000C0000000000000000000000000000000000030
:1000D0000000000000000000000000000000000020
:1000E0000000000000000000000000000000000010
:1000F0000000000000000000000000000000000000
:1001000000000000000000000000000000000000EF
:1001100000000000000000000000000000000000DF
:1001200000000000000000000000000000000000CF
:1001300000000000000000000000000000000000BF
:1001400000000000000000000000000000000000AF
:10015000000000000000000000000000000000009F
:10016000000000000000000000000000000000008F
:10017000000000000000000000000000000000007F
:10018000000000000000000000000000000000006F
:10019000000000000000000000000000000000005F
:1001A000000000000000000000000000000000004F
:1001B000000000000000000000000000000000003F
:1001C000000000000000000000000000000000002F
:1001D000000000000000000000000000000000001F
:1001E000000000000000000000000000000000000F
:1001F00000000000000000000000000000000000FF
:1002000000000000000000000000000000000000EE
:1002100000000000000000000000000000000000DE
:1002200000000000000000000000000000000000CE
:1002300000000000000000000000000000000000BE
:1002400000000000000000000000000000000000AE
:10025000000000000000000000000000000000009E
:10026000000000000000000000000000000000008E
:10027000000000000000000000000000000000007E
:10028000000000000000000000000000000000006E
:10029000000000000000000000000000000000005E
:1002A000000000000000000000000000000000004E
:1002B000000000000000000000000000000000003E
:1002C000000000000000000000000000000000002E
:1002D000000000000000000000000000000000001E
:1002E000000000000000000000000000000000000E
:1002F00000000000000000000000000000000000FE
:1003000000000000000000000000000000000000ED
:1003100000000000000000000000000000000000DD
:1003200000000000000000000000000000000000CD
:1003300000000000000000000000000000000000BD
:1003400000000000000000000000000000000000AD
:10035000000000000000000000000000000000009D
:10036000000000000000000000000000000000008D
:10037000000000000000000000000000000000007D
:10038000000000000000000000000000000000006D
:10039000000000000000000000000000000000005D
:1003A000000000000000000000000000000000004D
:1003B000000000000000000000000000000000003D
:1003C000000000000000000000000000000000002D
:1003D000000000000000000000000000000000001D
:1003E000000000000000000000000000000000000D
:1003F00000000000000000000000000000000000FD
:1004000000000000000000000000000000000000EC
:1004100000000000000000000000000000000000DC
:1004200000000000000000000000000000000000CC
:1004300000000000000000000000000000000000BC
:1004400000000000000000000000000000000000AC
:10045000000000000000000000000000000000009C
:10046000000000000000000000000000000000008C
:10047000000000000000000000000000000000007C
:10048000000000000000000000000000000000006C
:10049000000000000000000000000000000000005C
:1004A000000000000000000000000000000000004C
:1004B000000000000000000000000000000000003C
:1004C000000000000000000000000000000000002C
:1004D000000000000000000000000000000000001C
:1004E000000000000000000000000000000000000C
:1004F00000000000000000000000000000000000FC
:1005000000000000000000000000000000000000EB
:1005100000000000000000000000000000000000DB
:1005200000000000000000000000000000000000CB
:1005300000000000000000000000000000000000BB
:1005400000000000000000000000000000000000AB
:10055000000000000000000000000000000000009B
:10056000000000000000000000000000000000008B
:10057000000000000000000000000000000000007B
:10058000000000000000000000000000000000006B
:10059000000000000000000000000000000000005B
:1005A000000000000000000000000000000000004B
:1005B000000000000000000000000000000000003B
:1005C000000000000000000000000000000000002B
:1005D000000000000000000000000000000000001B
:1005E000000000000000000000000000000000000B
:1005F00000000000000000000000000000000000FB
:1006000000000000000000000000000000000000EA
:1006100000000000000000000000000000000000DA
:1006200000000000000000000000000000000000CA
:1006300000000000000000000000000000000000BA
:1006400000000000000000000000000000000000AA
:10065000000000000000000000000000000000009A
:10066000000000000000000000000000000000008A
:10067000000000000000000000000000000000007A
:10068000000000000000000000000000000000006A
:10069000000000000000000000000000000000005A
:1006A000000000000000000000000000000000004A
:1006B000000000000000000000000000000000003A
:1006C000000000000000000000000000000000002A
:1006D000000000000000000000000000000000001A
:1006E000000000000000000000000000000000000A
:1006F00000000000000000000000000000000000FA
:1007000000000000000000000000000000000000E9
:1007100000000000000000000000000000000000D9
:1007200000000000000000000000000000000000C9
:1007300000000000000000000000000000000000B9
:1007400000000000000000000000000000000000A9
:100750000000000000000000000000000000000099
:100760000000000000000000000000000000000089
:100770000000000000000000000000000000000079
:100780000000000000000000000000000000000069
:100790000000000000000000000000000000000059
:1007A0000000000000000000000000000000000049
:1007B0000000000000000000000000000000000039
:1007C0000000000000000000000000000000000029
:1007D0000000000000000000000000000000000019
:1007E0000000000000000000000000000000000009
:1007F00000000000000000000000000000000000F9
:1008000000000000000000000000000000000000E8
:1008100000000000000000000000000000000000D8
:1008200000000000000000000000000000000000C8
:1008300000000000000000000000000000000000B8
:1008400000000000000000000000000000000000A8
:100850000000000000000000000000000000000098
:100860000000000000000000000000000000000088
:100870000000000000000000000000000000000078
:100880000000000000000000000000000000000068
:100890000000000000000000000000000000000058
:1008A0000000000000000000000000000000000048
:1008B0000000000000000000000000000000000038
:1008C0000000000000000000000000000000000028
:1008D0000000000000000000000000000000000018
:1008E0000000000000000000000000000000000008
:1008F00000000000000000000000000000000000F8
:1009000000000000000000000000000000000000E7
:1009100000000000000000000000000000000000D7
:1009200000000000000000000000000000000000C7
:1009300000000000000000000000000000000000B7
:1009400000000000000000000000000000000000A7
:100950000000000000000000000000000000000097
:100960000000000000000000000000000000000087
:100970000000000000000000000000000000000077
:100980000000000000000000000000000000000067
:100990000000000000000000000000000000000057
:1009A0000000000000000000000000000000000047
:1009B0000000000000000000000000000000000037
:1009C0000000000000000000000000000000000027
:1009D0000000000000000000000000000000000017
:1009E0000000000000000000000000000000000007
:1009F00000000000000000000000000000000000F7
:100A000000000000000000000000000000000000E6
:100A100000000000000000000000000000000000D6
:100A200000000000000000000000000000000000C6
:100A300000000000000000000000000000000000B6
:100A400000000000000000000000000000000000A6
:100A50000000000000000000000000000000000096
:100A60000000000000000000000000000000000086
:100A70000000000000000000000000000000000076
:100A80000000000000000000000000000000000066
:100A90000000000000000000000000000000000056
:100AA0000000000000000000000000000000000046
:100AB0000000000000000000000000000000000036
:100AC0000000000000000000000000000000000026
:100AD0000000000000000000000000000000000016
:100AE0000000000000000000000000000000000006
:100AF00000000000000000000000000000000000F6
:100B000000000000000000000000000000000000E5
:100B100000000000000000000000000000000000D5
:100B200000000000000000000000000000000000C5
:100B300000000000000000000000000000000000B5
:100B400000000000000000000000000000000000A5
:100B50000000000000000000000000000000000095
:100B60000000000000000000000000000000000085
:100B70000000000000000000000000000000000075
:100B80000000000000000000000000000000000065
:100B90000000000000000000000000000000000055
:100BA0000000000000000000000000000000000045
:100BB0000000000000000000000000000000000035
:100BC0000000000000000000000000000000000025
:100BD0000000000000000000000000000000000015
:100BE0000000000000000000000000000000000005
:100BF00000000000000000000000000000000000F5
:100C000000000000000000000000000000000000E4
:100C100000000000000000000000000000000000D4
:100C200000000000000000000000000000000000C4
:100C300000000000000000000000000000000000B4
:100C400000000000000000000000000000000000A4
:100C50000000000000000000000000000000000094
:100C60000000000000000000000000000000000084
:100C70000000000000000000000000000000000074
:100C80000000000000000000000000000000000064
:100C90000000000000000000000000000000000054
:100CA0000000000000000000000000000000000044
:100CB0000000000000000000000000000000000034
:100CC0000000000000000000000000000000000024
:100CD0000000000000000000000000000000000014
:0C0CE00000000000000000000000000008
:100CEC00FFFFFFFFFFFFFFFFFFFFFFFFFFFFFFFF08
:100CFC00FFFFFFFFFFFFFFFFFFFFFFFFFFFFFFFFF8
:100D0C00FFFFFFFFFFFFFFFFFFFFFFFFFFFFFFFFE7
:100D1C00FFFFFFFFFFFFFFFFFFFFFFFFFFFFFFFFD7
:100D2C00FFFFFFFFFFFFFFFFFFFFFFFFFFFFFFFFC7
:100D3C00FFFFFFFFFFFFFFFFFFFFFFFFFFFFFFFFB7
:100D4C00FFFFFFFFFFFFFFFFFFFFFFFFFFFFFFFFA7
:100D5C00FFFFFFFFFFFFFFFFFFFFFFFFFFFFFFFF97
:100D6C00FFFFFFFFFFFFFFFFFFFFFFFFFFFFFFFF87
:100D7C00FFFFFFFFFFFFFFFFFFFFFFFFFFFFFFFF77
:100D8C00FFFFFFFFFFFFFFFFFFFFFFFFFFFFFFFF67
:100D9C00FFFFFFFFFFFFFFFFFFFFFFFFFFFFFFFF57
:100DAC00FFFFFFFFFFFFFFFFFFFFFFFFFFFFFFFF47
:100DBC00FFFFFFFFFFFFFFFFFFFFFFFFFFFFFFFF37
:100DCC00FFFFFFFFFFFFFFFFFFFFFFFFFFFFFFFF27
:100DDC00FFFFFFFFFFFFFFFFFFFFFFFFFFFFFFFF17
:100DEC00FFFFFFFFFFFFFFFFFFFFFFFFFFFFFFFF07
:100DFC00FFFFFFFFFFFFFFFFFFFFFFFFFFFFFFFFF7
:100E0C00FFFFFFFFFFFFFFFFFFFFFFFFFFFFFFFFE6
:100E1C00FFFFFFFFFFFFFFFFFFFFFFFFFFFFFFFFD6
:100E2C00FFFFFFFFFFFFFFFFFFFFFFFFFFFFFFFFC6
:100E3C00FFFFFFFFFFFFFFFFFFFFFFFFFFFFFFFFB6
:100E4C00FFFFFFFFFFFFFFFFFFFFFFFFFFFFFFFFA6
:100E5C00FFFFFFFFFFFFFFFFFFFFFFFFFFFFFFFF96
:100E6C00FFFFFFFFFFFFFFFFFFFFFFFFFFFFFFFF86
:100E7C00FFFFFFFFFFFFFFFFFFFFFFFFFFFFFFFF76
:100E8C00FFFFFFFFFFFFFFFFFFFFFFFFFFFFFFFF66
:100E9C00FFFFFFFFFFFFFFFFFFFFFFFFFFFFFFFF56
:100EAC00FFFFFFFFFFFFFFFFFFFFFFFFFFFFFFFF46
:100EBC00FFFFFFFFFFFFFFFFFFFFFFFFFFFFFFFF36
:100ECC00FFFFFFFFFFFFFFFFFFFFFFFFFFFFFFFF26
:100EDC00FFFFFFFFFFFFFFFFFFFFFFFFFFFFFFFF16
:100EEC00FFFFFFFFFFFFFFFFFFFFFFFFFFFFFFFF06
:100EFC00FFFFFFFFFFFFFFFFFFFFFFFFFFFFFFFFF6
:100F0C00FFFFFFFFFFFFFFFFFFFFFFFFFFFFFFFFE5
:100F1C00FFFFFFFFFFFFFFFFFFFFFFFFFFFFFFFFD5
:100F2C00FFFFFFFFFFFFFFFFFFFFFFFFFFFFFFFFC5
:100F3C00FFFFFFFFFFFFFFFFFFFFFFFFFFFFFFFFB5
:100F4C00FFFFFFFFFFFFFFFFFFFFFFFFFFFFFFFFA5
:100F5C00FFFFFFFFFFFFFFFFFFFFFFFFFFFFFFFF95
:100F6C00FFFFFFFFFFFFFFFFFFFFFFFFFFFFFFFF85
:100F7C00FFFFFFFFFFFFFFFFFFFFFFFFFFFFFFFF75
:100F8C00FFFFFFFFFFFFFFFFFFFFFFFFFFFFFFFF65
:100F9C00FFFFFFFFFFFFFFFFFFFFFFFFFFFFFFFF55
:100FAC00FFFFFFFFFFFFFFFFFFFFFFFFFFFFFFFF45
:100FBC00FFFFFFFFFFFFFFFFFFFFFFFFFFFFFFFF35
:100FCC00FFFFFFFFFFFFFFFFFFFFFFFFFFFFFFFF25
:100FDC00FFFFFFFFFFFFFFFFFFFFFFFFFFFFFFFF15
:100FEC00FFFFFFFFFFFFFFFFFFFFFFFFFFFFFFFF05
:100FFC00FFFFFFFF000000000000000000000000E9
:10100C0000000000000000000000000000000000D4
:10101C0000000000000000000000000000000000C4
:10102C0000000000000000000000000000000000B4
:10103C0000000000000000000000000000000000A4
:10104C000000000000000000000000000000000094
:10105C000000000000000000000000000000000084
:10106C000000000000000000000000000000000074
:10107C000000000000000000000000000000000064
:10108C000000000000000000000000000000000054
:10109C000000000000000000000000000000000044
:1010AC000000000000000000000000000000000034
:1010BC000000000000000000000000000000000024
:1010CC000000000000000000000000000000000014
:1010DC000000000000000000000000000000000004
:1010EC0000000000000000000000000000000000F4
:1010FC0000000000000000000000000000000000E4
:10110C0000000000000000000000000000000000D3
:10111C0000000000000000000000000000000000C3
:10112C0000000000000000000000000000000000B3
:10113C0000000000000000000000000000000000A3
:10114C000000000000000000000000000000000093
:10115C000000000000000000000000000000000083
:10116C000000000000000000000000000000000073
:10117C000000000000000000000000000000000063
:10118C000000000000000000000000000000000053
:10119C000000000000000000000000000000000043
:1011AC000000000000000000000000000000000033
:1011BC000000000000000000000000000000000023
:1011CC000000000000000000000000000000000013
:1011DC000000000000000000000000000000000003
:1011EC0000000000000000000000000000000000F3
:1011FC0000000000000000000000000000000000E3
:10120C0000000000000000000000000000000000D2
:10121C0000000000000000000000000000000000C2
:10122C0000000000000000000000000000000000B2
:10123C0000000000000000000000000000000000A2
:10124C000000000000000000000000000000000092
:10125C000000000000000000000000000000000082
:10126C000000000000000000000000000000000072
:10127C000000000000000000000000000000000062
:10128C000000000000000000000000000000000052
:10129C000000000000000000000000000000000042
:1012AC000000000000000000000000000000000032
:1012BC000000000000000000000000000000000022
:1012CC000000000000000000000000000000000012
:1012DC000000000000000000000000000000000002
:1012EC0000000000000000000000000000000000F2
:1012FC0000000000000000000000000000000000E2
:10130C0000000000000000000000000000000000D1
:10131C0000000000000000000000000000000000C1
:10132C0000000000000000000000000000000000B1
:10133C0000000000000000000000000000000000A1
:10134C000000000000000000000000000000000091
:10135C000000000000000000000000000000000081
:10136C000000000000000000000000000000000071
:10137C000000000000000000000000000000000061
:10138C000000000000000000000000000000000051
:10139C000000000000000000000000000000000041
:1013AC000000000000000000000000000000000031
:1013BC000000000000000000000000000000000021
:1013CC000000000000000000000000000000000011
:1013DC000000000000000000000000000000000001
:1013EC0000000000000000000000000000000000F1
:1013FC0000000000000000000000000000000000E1
:10140C0000000000000000000000000000000000D0
:10141C0000000000000000000000000000000000C0
:10142C0000000000000000000000000000000000B0
:10143C0000000000000000000000000000000000A0
:10144C000000000000000000000000000000000090
:10145C000000000000000000000000000000000080
:10146C000000000000000000000000000000000070
:10147C000000000000000000000000000000000060
:10148C000000000000000000000000000000000050
:10149C000000000000000000000000000000000040
:1014AC000000000000000000000000000000000030
:1014BC000000000000000000000000000000000020
:1014CC000000000000000000000000000000000010
:1014DC000000000000000000000000000000000000
:1014EC0000000000000000000000000000000000F0
:1014FC0000000000000000000000000000000000E0
:10150C0000000000000000000000000000000000CF
:10151C0000000000000000000000000000000000BF
:10152C0000000000000000000000000000000000AF
:10153C00000000000000000000000000000000009F
:10154C00000000000000000000000000000000008F
:10155C00000000000000000000000000000000007F
:10156C00000000000000000000000000000000006F
:10157C00000000000000000000000000000000005F
:10158C00000000000000000000000000000000004F
:10159C00000000000000000000000000000000003F
:1015AC00000000000000000000000000000000002F
:1015BC00000000000000000000000000000000001F
:1015CC00000000000000000000000000000000000F
:1015DC0000000000000000000000000000000000FF
:1015EC0000000000000000000000000000000000EF
:1015FC0000000000000000000000000000000000DF
:10160C0000000000000000000000000000000000CE
:10161C0000000000000000000000000000000000BE
:10162C0000000000000000000000000000000000AE
:10163C00000000000000000000000000000000009E
:10164C00000000000000000000000000000000008E
:10165C00000000000000000000000000000000007E
:10166C00000000000000000000000000000000006E
:10167C00000000000000000000000000000000005E
:10168C00000000000000000000000000000000004E
:10169C00000000000000000000000000000000003E
:1016AC00000000000000000000000000000000002E
:1016BC00000000000000000000000000000000001E
:1016CC00000000000000000000000000000000000E
:1016DC0000000000000000000000000000000000FE
:1016EC0000000000000000000000000000000000EE
:1016FC0000000000000000000000000000000000DE
:10170C0000000000000000000000000000000000CD
:10171C0000000000000000000000000000000000BD
:10172C0000000000000000000000000000000000AD
:10173C00000000000000000000000000000000009D
:10174C00000000000000000000000000000000008D
:10175C00000000000000000000000000000000007D
:10176C00000000000000000000000000000000006D
:10177C00000000000000000000000000000000005D
:10178C00000000000000000000000000000000004D
:10179C00000000000000000000000000000000003D
:1017AC00000000000000000000000000000000002D
:1017BC00000000000000000000000000000000001D
:1017CC00000000000000000000000000000000000D
:1017DC0000000000000000000000000000000000FD
:1017EC0000000000000000000000000000000000ED
:1017FC0000000000000000000000000000000000DD
:10180C0000000000000000000000000000000000CC
:10181C0000000000000000000000000000000000BC
:10182C0000000000000000000000000000000000AC
:10183C00000000000000000000000000000000009C
:10184C00000000000000000000000000000000008C
:10185C00000000000000000000000000000000007C
:10186C00000000000000000000000000000000006C
:10187C00000000000000000000000000000000005C
:10188C00000000000000000000000000000000004C
:10189C00000000000000000000000000000000003C
:1018AC00000000000000000000000000000000002C
:1018BC00000000000000000000000000000000001C
:1018CC00000000000000000000000000000000000C
:1018DC0000000000000000000000000000000000FC
:1018EC0000000000000000000000000000000000EC
:1018FC0000000000000000000000000000000000DC
:10190C0000000000000000000000000000000000CB
:10191C0000000000000000000000000000000000BB
:10192C0000000000000000000000000000000000AB
:10193C00000000000000000000000000000000009B
:10194C00000000000000000000000000000000008B
:10195C00000000000000000000000000000000007B
:10196C00000000000000000000000000000000006B
:10197C00000000000000000000000000000000005B
:10198C00000000000000000000000000000000004B
:10199C00000000000000000000000000000000003B
:1019AC00000000000000000000000000000000002B
:1019BC00000000000000000000000000000000001B
:1019CC00000000000000000000000000000000000B
:1019DC0000000000000000000000000000000000FB
:1019EC0000000000000000000000000000000000EB
:1019FC0000000000000000000000000000000000DB
:101A0C0000000000000000000000000000000000CA
:101A1C0000000000000000000000000000000000BA
:101A2C0000000000000000000000000000000000AA
:101A3C00000000000000000000000000000000009A
:101A4C00000000000000000000000000000000008A
:101A5C00000000000000000000000000000000007A
:101A6C00000000000000000000000000000000006A
:101A7C00000000000000000000000000000000005A
:101A8C00000000000000000000000000000000004A
:101A9C00000000000000000000000000000000003A
:101AAC00000000000000000000000000000000002A
:101ABC00000000000000000000000000000000001A
:101ACC00000000000000000000000000000000000A
:101ADC0000000000000000000000000000000000FA
:101AEC0000000000000000000000000000000000EA
:101AFC0000000000000000000000000000000000DA
:101B0C0000000000000000000000000000000000C9
:101B1C0000000000000000000000000000000000B9
:101B2C0000000000000000000000000000000000A9
:101B3C000000000000000000000000000000000099
:101B4C000000000000000000000000000000000089
:101B5C000000000000000000000000000000000079
:101B6C000000000000000000000000000000000069
:101B7C000000000000000000000000000000000059
:101B8C000000000000000000000000000000000049
:101B9C000000000000000000000000000000000039
:101BAC000000000000000000000000000000000029
:101BBC000000000000000000000000000000000019
:101BCC000000000000000000000000000000000009
:101BDC0000000000000000000000000000000000F9
:101BEC0000000000000000000000000000000000E9
:041BFC0000000000E5
:040000056000100087
:00000001FF
